-- phpMyAdmin SQL Dump
-- version 4.7.7
-- https://www.phpmyadmin.net/
--
-- Host: localhost:3306
-- Generation Time: Apr 09, 2018 at 05:58 AM
-- Server version: 10.1.32-MariaDB
-- PHP Version: 5.6.30

SET SQL_MODE = "NO_AUTO_VALUE_ON_ZERO";
SET AUTOCOMMIT = 0;
START TRANSACTION;
SET time_zone = "+00:00";


/*!40101 SET @OLD_CHARACTER_SET_CLIENT=@@CHARACTER_SET_CLIENT */;
/*!40101 SET @OLD_CHARACTER_SET_RESULTS=@@CHARACTER_SET_RESULTS */;
/*!40101 SET @OLD_COLLATION_CONNECTION=@@COLLATION_CONNECTION */;
/*!40101 SET NAMES utf8mb4 */;

--
-- Database: `aksibobo_abc`
--

-- --------------------------------------------------------

--
-- Table structure for table `activations`
--

CREATE TABLE `activations` (
  `id` int(10) UNSIGNED NOT NULL,
  `user_id` int(10) UNSIGNED NOT NULL,
  `code` varchar(191) COLLATE utf8mb4_unicode_ci NOT NULL,
  `completed` tinyint(1) NOT NULL DEFAULT '0',
  `completed_at` timestamp NULL DEFAULT NULL,
  `created_at` timestamp NULL DEFAULT NULL,
  `updated_at` timestamp NULL DEFAULT NULL
) ENGINE=InnoDB DEFAULT CHARSET=utf8mb4 COLLATE=utf8mb4_unicode_ci;

--
-- Dumping data for table `activations`
--

INSERT INTO `activations` (`id`, `user_id`, `code`, `completed`, `completed_at`, `created_at`, `updated_at`) VALUES
(1, 1, '', 1, NULL, NULL, NULL),
(2, 2, 'skGhf34DwpX34wbJtaIOjmZ7iprzZtXt', 1, '2018-03-26 19:04:51', '2018-03-26 19:04:51', '2018-03-26 19:04:51'),
(3, 3, 'QbAM1iHThEns9XzoVS14acEpGXhfUzCa', 1, '2018-03-26 19:05:33', '2018-03-26 19:05:33', '2018-03-26 19:05:33'),
(5, 4, '3hpMznBlt2pbwmvEdB4KuFziiIxWnBGb', 1, '2018-03-26 19:06:23', '2018-03-26 19:06:23', '2018-03-26 19:06:23'),
(7, 5, 'iuNgHZW0clVMrR27DWLStHs6EYxGFd6q', 1, '2018-03-26 19:06:44', '2018-03-26 19:06:44', '2018-03-26 19:06:44'),
(9, 6, 'FK5RohAaMJ0pM7AbF92WbBqGNnRh9rTd', 1, '2018-03-26 19:07:27', '2018-03-26 19:07:27', '2018-03-26 19:07:27'),
(11, 7, 'va2BBeJEyCVeE1Kiexxe5rUaMOaHy31N', 1, '2018-03-26 19:13:56', '2018-03-26 19:13:56', '2018-03-26 19:13:56'),
(13, 8, 'bDpMaNe1DIRJ16LKUmkHDNEmaINqrMz3', 1, '2018-03-26 19:18:24', '2018-03-26 19:18:24', '2018-03-26 19:18:24'),
(15, 9, 'sfnyxbTINfPfWSfjdi3jcEVfLQq9TPw8', 1, '2018-03-26 19:20:55', '2018-03-26 19:20:55', '2018-03-26 19:20:55'),
(17, 10, 'NIYQ1eTm7JlXp7q1C2Sgb5yA5gG1PYti', 1, '2018-03-26 21:36:44', '2018-03-26 21:36:44', '2018-03-26 21:36:44'),
(19, 11, '78B7Xmw1LdnaVHJnmX8czalX6SBqkQbg', 1, '2018-03-28 16:48:01', '2018-03-28 16:48:01', '2018-03-28 16:48:01'),
(21, 12, 'VDTHwB2kxta8zUB5jzUFTyc1GWif3bS7', 1, '2018-03-29 09:18:56', '2018-03-29 09:18:56', '2018-03-29 09:18:56'),
(23, 13, 'j0g4AxxaVnawq3V7uZnEeAoBkNkINikK', 1, '2018-03-29 16:42:25', '2018-03-29 16:42:25', '2018-03-29 16:42:25'),
(25, 14, 'Go7Pf8o3XpPv0lIqXAYDoBvQGaBu3mTC', 1, '2018-03-29 17:11:46', '2018-03-29 17:11:46', '2018-03-29 17:11:46'),
(27, 15, 'vvQxMAC7G1AhBaCKcbJKT7m6tgyJYAZQ', 1, '2018-03-29 17:15:27', '2018-03-29 17:15:27', '2018-03-29 17:15:27'),
(29, 16, 'tIVLNi0n7taqOdfwmT8hLp0QXgs2RJWe', 1, '2018-04-05 15:36:19', '2018-04-05 15:36:19', '2018-04-05 15:36:19'),
(31, 17, '0LgmMqjR76tdfr0H3mT2ag5efoekprrQ', 1, '2018-04-05 16:25:46', '2018-04-05 16:25:46', '2018-04-05 16:25:46'),
(33, 18, '4STtW0vAZ1boqraS9rdKlNXImofVfIRn', 1, '2018-04-05 16:26:45', '2018-04-05 16:26:45', '2018-04-05 16:26:45'),
(35, 19, 'sOZd3zgtiE88PGhzVvJNrhGxRf62c4IH', 1, '2018-04-06 00:51:50', '2018-04-06 00:51:50', '2018-04-06 00:51:50'),
(37, 20, 'PraSsCDxWsENBmhbk8t5AgbZvZqXQSgO', 1, '2018-04-06 09:54:30', '2018-04-06 09:54:29', '2018-04-06 09:54:30'),
(39, 21, 'WsHifviDWg0sb9kh9BiKIkPO1bzQJ2vM', 1, '2018-04-09 13:06:33', '2018-04-09 13:06:33', '2018-04-09 13:06:33'),
(40, 21, '2LMoh7URnvB5qOMW8BT6MH8ykoVW1Tzx', 0, NULL, '2018-04-09 13:06:33', '2018-04-09 13:06:33'),
(41, 22, 'z8prF3yWGJMH0BSoTkigCHcnGP6bGTZY', 1, '2018-04-09 14:02:05', '2018-04-09 14:02:05', '2018-04-09 14:02:05'),
(42, 22, 'jSybgM8jDObpaysceEXwRg4JuQnc7Pt5', 0, NULL, '2018-04-09 14:02:05', '2018-04-09 14:02:05');

-- --------------------------------------------------------

--
-- Table structure for table `categories`
--

CREATE TABLE `categories` (
  `id` int(10) UNSIGNED NOT NULL,
  `name` varchar(191) COLLATE utf8mb4_unicode_ci NOT NULL,
  `slug` varchar(191) COLLATE utf8mb4_unicode_ci NOT NULL,
  `media_id` int(11) NOT NULL,
  `categories_abjad_id` int(11) DEFAULT NULL,
  `created_by` int(11) NOT NULL,
  `short_text` text COLLATE utf8mb4_unicode_ci,
  `long_text` text COLLATE utf8mb4_unicode_ci,
  `status` varchar(191) COLLATE utf8mb4_unicode_ci NOT NULL,
  `created_at` timestamp NULL DEFAULT NULL,
  `updated_at` timestamp NULL DEFAULT NULL,
  `deleted_at` timestamp NULL DEFAULT NULL,
  `meta_title` text COLLATE utf8mb4_unicode_ci,
  `meta_description` text COLLATE utf8mb4_unicode_ci,
  `meta_tags` text COLLATE utf8mb4_unicode_ci
) ENGINE=InnoDB DEFAULT CHARSET=utf8mb4 COLLATE=utf8mb4_unicode_ci;

--
-- Dumping data for table `categories`
--

INSERT INTO `categories` (`id`, `name`, `slug`, `media_id`, `categories_abjad_id`, `created_by`, `short_text`, `long_text`, `status`, `created_at`, `updated_at`, `deleted_at`, `meta_title`, `meta_description`, `meta_tags`) VALUES
(1, 'Traditional', 'traditional', 2, 20, 13, 'Makanan traditional khas buatan indonesia', 'makanan traditional khas buatan indonesia', 'publish', '2018-03-25 16:54:46', '2018-04-05 18:28:23', '2018-04-05 18:28:23', 'Traditional', 'makanan traditional khas buatan indonesia', 'traditional,makanan kategori traditional'),
(2, 'Ayam Bakar', 'ayam-bakar', 5, 1, 1, 'Ayam Bakar Makanan yang di bakar', 'ayam bakar', 'publish', '2018-03-26 01:31:41', '2018-04-05 00:23:49', '2018-04-05 00:23:49', NULL, NULL, NULL),
(3, 'Coffee', 'coffee', 14, 11, 1, 'kategori coffee', 'kategori coffee', 'publish', '2018-03-26 03:23:55', '2018-04-05 16:44:27', '2018-04-05 16:44:27', 'kategori coffee', 'kategori coffee', 'kopi,coffee'),
(4, 'Roti', 'roti', 2, 18, 1, 'Roti bakar', 'roti bakar', 'publish', '2018-03-26 05:06:29', '2018-04-05 16:44:54', '2018-04-05 16:44:54', 'Roti bakar', 'Roti bakar', 'roti,bakar,88,dll'),
(5, 'Tahu Bulat', 'tahu-bulat', 54, 20, 1, 'Tahu Bulat adalah makanan khas Indonesia yang disukai oleh banyak kalangan.', 'Cemilan ini bisa ditemukan diberbagai pelosok jalanan kota-kota di Indonesia. Cemilan yang sangat dekat dengan rakyat', 'publish', '2018-03-28 14:33:49', '2018-04-05 16:44:34', '2018-04-05 16:44:34', 'Tahu Bulat', 'tahu bulat cemilan mantap', 'tahu, bulat, tahu bulat'),
(6, 'Tempe', 'tempe', 60, 20, 13, 'Tempe Mendoan Pertigaan Reni', 'Tempe Mendoan Khas Cirebon ini sangat cocok di makan saat hujan atau cuaca dingin karna tempe mendoan baru akan di goreng saat ada pembeli , apalagi ditemani kopi ABC susu hangat pasti lebih nikmat. Ukuran tempe mendoan ini lumayan besar. Untuk rasanya sendiri sangat enak apalagi dimakan selagi hangat.', 'publish', '2018-03-29 18:26:48', '2018-04-05 21:09:32', '2018-04-05 21:09:32', 'Tempe Mendoan Pertigaan Reni', NULL, 'tempe,tempe mendoan,mendoan,tempe mendoan pertigaan reni'),
(7, 'Telor Gulung', 'telor-gulung', 61, 20, 14, 'Telor Gulung Bihun Pertigaan Reni', 'Jajanan cemilan telor gulung yang udah ada dari zaman dulu ini masih ada yang jual loh. tetapi telur gulung ini ada isian bihunnya. Rasanya enak, dijual dengan harga yang murah pas banget dikantong pelajar. Ditambah saus sambalnya yang pedas bikin rasanya makin nikmat dan lezat. Cocok banget buat cemilan sore hari.\r\n\r\nHarga 	: Rp.1000,-/buah\r\nBuka 	: 18.00 - 23.00', 'publish', '2018-03-30 21:44:34', '2018-04-05 21:09:39', '2018-04-05 21:09:39', 'Telor Gulung Bihun', NULL, 'Telor Gulung,Telor Gulung Bihun,Telor Gulung Pamulang'),
(8, 'Tahu', 'tahu', 62, 20, 13, 'Tahu bulat mantap yang mulai terkenal dan mudah di temukan di jalan pesanggrahan UIN', 'Kalian semua pasti mengenal atau sangat familiar dengan makanan yang satu ini. Ya betul sekali tahu bulat, mungkin saat ini Anda bisa dengan mudah menemukan tahu bulat, karena camilan populer ini mulai dijajakan keliling ke kampung hingga di tengah kota besar menggunakan mobil, dengan iringan musik khas yang pastinya menarik perhatian. Dengan rasa nya yang cukup gurih dan sedikit asin, sangat cocok sekali jika dimakan dengan ditemani Kopi ABC susu', 'publish', '2018-04-01 07:19:09', '2018-04-05 21:12:24', '2018-04-05 21:12:24', 'Tahu Bulat Pesanggrahan UIN', 'Tahu Bulat', 'tahu,bulat,tahu bulat,tahu bulat pesanggrahan,tahu bulan UIN,tahu enak,tahu mantap,tahu hits,hits'),
(9, 'Sempol Ayam', 'sempol-ayam', 91, 19, 13, 'Sempol Ayam Pertigaan Reni', 'Cemilan yang satu ini mungkin masih awam banget ya untuk sebagian orang. Cemilan sempol sosis ini terbuat dari sosis sapi dan ada juga yang sosis ayam dan di balut dengan telur lalu di gulung saat di goreng. Rasanya enak, apalagi ditambah saus sambal pedasnya. Cocok banget buat cemilan sore hari bareng keluarga.\r\n\r\nDepan Madrasah Ibtidaiyah Assa\'adatuddarain', 'publish', '2018-04-01 11:30:45', '2018-04-05 21:12:29', '2018-04-05 21:12:29', 'Sempol Ayam Pertigaan Reni', 'Jam Buka  : 18.00-23.00', 'Sempol ayam,sempol ayam pamulang'),
(10, 'Sempol Sosis', 'sempol-sosis', 92, 19, 14, 'Sempol Sosis Pertigaan Reni', 'Cemilan yang satu ini mungkin masih awam banget ya untuk sebagian orang. Cemilan sempol sosis ini terbuat dari sosis sapi dan ada juga yang sosis ayam dan di balut dengan telur lalu di gulung saat di goreng. Rasanya enak, apalagi ditambah saus sambal pedasnya. Cocok banget buat cemilan sore hari bareng keluarga.', 'publish', '2018-04-01 11:56:04', '2018-04-05 21:10:44', '2018-04-05 21:10:44', 'Sempol Sosis Pertigaan Reni', 'Sempol Sosis Pertigaan Reni', 'Sempol Sosis,Sempol sosis pamulang'),
(11, 'Bakso Goreng', 'bakso-goreng', 93, 2, 14, 'Bakso Goreng Pertigaan Reni', 'Bakso goreng ini lebih dikenal dengan nama Basreng (Bakso Goreng). Bakso goreng ini ukurannya lumayan besar, bentuknya di buat seperti bunga dan ini salah satu daya tarik Bakso Goreng ini. Bakso goreng ini renyah banget rasanya dan disediakan juga saus untuk cocolnya , bisa di cocol maupun di campur menjadi satu.', 'publish', '2018-04-01 12:18:26', '2018-04-05 21:14:18', '2018-04-05 21:14:18', 'Bakso Goreng Pertigaan Reni', 'Bakso Goreng Pertigaan Reni', 'Bakso goreng,basreng,basreng pamulang'),
(12, 'Martabak', 'martabak', 94, 13, 14, 'Martabak Telor Mini Pertigaan Reni', 'Kalau biasanya martabak telor itu punya ukuran yang besar, martabak telor yang satu ini punya ukuran yang lebih kecil dari martabak pada umumnya. Martabak ini terbuat dari kulit lumpia yang diisi dengan telur, irisan kol dan irisan daun bawang. Rasanya gurih dan enak banget gak kalah deh sama martabak telor biasanya.', 'publish', '2018-04-01 12:28:25', '2018-04-05 21:14:15', '2018-04-05 21:14:15', 'Martabak Telor Mini Pertigaan Reni', 'Martabak Telor Mini Pertigaan Reni', 'Martabak,Martabak telor ,martabak telor mini'),
(13, 'Pancong', 'pancong', 63, 16, 13, 'Kue pancong legenda Betawi', 'Salah satu jajanan tradisional Indonesia yang saat ini mulai menghilang adalah Kue Pancong. Menurut catatan sejarah, jajanan kue basah ini berasal dari Jakarta, tak ayal banyak orang menyebut Kue Pancong sebagai ikon Betawi. Selain karena pengaruh camilan negara asing yang masuk, menurut para pedagang yang dulu menjual kue satu ini, mereka mengalami kerugian yang cukup besar. Mengapa? Karena bahan untuk membuat Kue Pancong sendiri tergolong mahal, sedangkan untuk harga jual kue tersebut sangatlah murah sekali di kalangan masyarakat. Sehingga menyebabkan banyak penjual Kue Pancong mengalami gulung tikar. Padahal pancong sangat nikmat dimakan bersama Kopi ABC susu.', 'publish', '2018-04-01 14:27:56', '2018-04-05 21:14:22', '2018-04-05 21:14:22', 'Kue Pancong betawi simpang pejompongan', 'Kue Pancong legenda Betawi', 'kue,pancong,betawi,simpang pejompongan,Pancong Betawi,Pancong Pejompongan'),
(14, 'Bikang', 'bikang', 98, 2, 15, 'Bikang adalah salah satu camilan tradisional yang biasanya dijual bersama dengan kue pukis dan kue basah lain nya', 'Kue yang satu ini cukup menarik dilihat serta cita rasanya lezat yakni kue bikang. Kue bikang yang dijual di pasaran biasanya memiliki bentuk seperti bunga mawar yang merekah dan mekar dengan warna yang sangat cantik sehingga  menarik dipandang mata. Kue yang cantik satu ini terbuat dari tepung beras, tepung kanji dan tepung terigu yang di campur dengan santan dan telur lalu di kukus hingga mekar. Bikang adalah salah satu camilan tradisional yang biasanya dijual bersama dengan kue pukis dan kue basah lain nya. Kita bsa menemukan kue bikang di penjual jajanan pasar dengan harga yang sangat terjangkau. \r\n\r\nHarga : Rp 1500\r\nAlamat : Pasar Modern Paramount\r\nJam Buka : 06.00 – 11.00', 'publish', '2018-04-02 14:59:32', '2018-04-05 21:14:28', '2018-04-05 21:14:28', 'Bikang Mawar Pasar Modern Paramount Serpong', 'Bikang Mawar Pasar Modern Paramount Serpong', 'Kue,kue bikang,bikang,serpong,pasar modern,pasar modern paramount'),
(15, 'Cilok', 'cilok', 99, 3, 14, 'Cilok Kuah CLBK', 'Cemilan yang terbuat dari tepung aci atau tapioka ini khas daerah Jawa Barat. Siapa si yang ga tau sama cilok , tapi kali ini ciloknya berbeda kalo cilok pada umumnya disiram dengan bumbu kacang ,saus dan kecap, kalau cilok satu ini dengan kuah kaldu hampir mirip dengan kuah bakso. Cilok kuah ini dilengkapi dengan tahu kulit atau tahu coklat yang dalamnya diisi dengan adonan ciloknya , untuk menambah cita rasa dari tahunya. Tektur ciloknya pas banget gak keras dan ga terlalu kenyal. Mantap deh', 'publish', '2018-04-02 18:20:04', '2018-04-05 21:14:32', '2018-04-05 21:14:32', 'Cilok Kuah CLBK', 'Cilok Kuah CLBK', 'Cilok kuah,cilok ,cilok kuah cinangka'),
(16, 'Siomay', 'siomay', 100, 19, 14, 'Siomay Bandung Pertigaan Reni', 'Siapa sih yang ga tau sama cemilan satu ini. Siomay khas Bandung ini terbuat dari ikan tengiri, biasanya siomay disajikan dengan berbagai jenis pelengkap seperti telur, tahu, kol, dan pare tergantung permintaan dari pembeli itu sendiri ditambah bumbu siomay yang lezat disiram diatas siomaynya sehingga rasanya lebih nikmat. Siomay ini cocok banget buat cemilan nonton Tv atau saat nongkrong.', 'publish', '2018-04-02 18:31:11', '2018-04-05 21:14:09', '2018-04-05 21:14:09', 'Siomay Bandung Pertigaan Reni', 'Siomay Bandung Pertigaan Reni', 'Siomay ,Siomay Bandung,Siomay Bandung Pamulang'),
(17, 'Onde-onde', 'onde-onde', 64, 15, 14, 'Onde-onde mantap di simpang rempoa', 'Onde-onde merupakan salah satu jajanan pasar paling populer di Indonesia. Ternyata, onde-onde berasal dari China. Makanan ini dibawa oleh pedagang China yang berdagang ke Indonesia, dan kemudian dimodifikasi sesuai dengan kreasi nusantara.  Cara membuat onde-onde adalah dengan menggunakan tepung terigu atau tepung ketan yang permukaannya ditaburi biji wijen. Isi onde-onde beragam, ada pasta kacang hijau maupun kacang merah. Cemilan yang satu ini sangat pas disantap dengan segelas panas Kopi ABC susu.', 'publish', '2018-04-02 21:12:55', '2018-04-05 21:24:47', '2018-04-05 21:24:47', 'Onde-onde Simpang Rempoa', 'Onde-onde mantap Simpang rempoa', 'Onde-onde,onde-onde rempoa,onde-onde simpang rempoa'),
(18, 'Bolu Kukus', 'bolu-kukus', 101, 2, 15, 'Bolu kukus merupakan salah satu jajanan pasar yang disukai banyak orang dari berbagai kalangan, mulai dari anak kecil hingga lansia.', 'Warna nya cantik bukan ? Camilan satu ini adalah Bolu Kukus, dari penampilan nya sangat menarik dengan berbagai warna yang cantik. Bentuk nya mirip dengan cup cake, tapi jangan khawatir, rasanya tak kalah enak dari cup cake yg biasa kita jumpai di mall. Bolu Kukus terbuat dari adonan tepung  terigu, telur, susu, vanili dan bahan lain nya yang di tuangkan pada sebuah cetakan dan dikukus hingga mengembang. Rasanya manis dan tekstur yang sangat lembut membuat bolu kukus ini sangat di minati masyarakat terutama oleh anak-anak. Kita bisa menemukan bolu kukus seperti ini di penjual jajanan pasar dengan harga yang sangat terjangkau.\r\n \r\nHarga : Rp1500\r\nAlamat : Pasar Modern Paramount\r\nJam Buka : 06.00 – 11.00', 'publish', '2018-04-03 10:33:11', '2018-04-05 21:15:40', '2018-04-05 21:15:40', 'Bolu Kukus Mekar', 'Bolu Kukus Mekar', 'Bolu,bolu kukus,bolu kukus mekar,pasar modern,paramount,serpong'),
(19, 'Bugis', 'bugis', 102, 2, 15, 'Walaupun namanya kue bugis, tapi kue ini asalnya bukan dari Bugis, lho.', 'Kalau makanan yang terbuat dari tepung ketan ini namanya kue bugis. Walaupun namanya kue bugis, tapi kue ini asalnya bukan dari Bugis, lho. Biasanya kue ini juga kerap disajikan saat acara kumpul keluarga atau arisan. Teksturnya yang sedikit liat dengan semburat rasa manis dan gurih dari isian kelapanya membuat kue ini semakin enak.', 'publish', '2018-04-03 11:12:15', '2018-04-03 11:12:15', NULL, 'Kue Bugis Toko Kue Hany', 'Kue Bugis Toko Kue Hany', 'Bugis,Kue bugis,toko kue,toko kue hany'),
(20, 'Cucur', 'cucur', 104, 3, 15, 'Kue Cucur adalah salah satu jajanan tradisional yang kaya akan manfaat dan mudah didapatkan.', 'Kue cucur, jajanan berbentuk bulat dan berwarna kecoklatan ini merupakan jajanan yang cukup dikenal sebagai jajanan untuk upacara-upacara adat di berbagai daerah di Indonesia.', 'publish', '2018-04-03 13:54:35', '2018-04-05 18:28:13', '2018-04-05 18:28:13', 'Kue Cucur Pasar Bengkok', 'Kue Cucur Pasar Bengkok', 'KUE CUCUR,CUCUR,PASAR,BENGKOK,PASARBENGKOK,PASAR BENGKOK'),
(21, 'Carang Mas', 'carang-mas', 108, 3, 15, 'Kue carang mas merupakan jajanan atau camilan tradisional yang sudah ada dari dulu, dan hingga kini masih banyak yang menyukai jajanan ini.', 'Kue carang mas atau walangan merupakan jajanan atau camilan tradisional yang sudah ada dari dulu, dan hingga kini masih banyak yang menyukai jajanan ini. Carang mas merupakan camilan khas Indonesia yang terbuat dari ubi kayu atau ketela rambat. Di beberapa daerah kue carang mas memiliki nama lain seperti grubi, walangan, kue kremes, sarang balam atau cakar ayam. Carang mas memiliki rasa manis yang berasal dari gula jawa yang juga berperan sebagai perekat serpihan satu sama lain. Tekstur nya renyah, krispi dan sedikit lengket. Kita bisa menemukan Carang mas di toko oleh-oleh atau di penjual jajanan pasar.', 'publish', '2018-04-03 14:13:04', '2018-04-03 14:13:04', NULL, 'Kue Carang Mas', 'Kue Carang Mas', 'kue,carang mas'),
(22, 'Cilung', 'cilung', 110, 3, 15, 'Cilung adalah sebutan dari aci digulung', 'Adakah yang tak kenal dengan camilan satu ini? Cilung adalah sebutan dari aci digulung. Aci dalam bahasa sunda adalah  tepung kanji atau sagu. Cilung merupakan sebuah nama jajanan khas indonesia yang banyak digemari masyarakat terutama anak-anak. Cilung dibuat dari bahan dasar aci seperti makanan pada umumnya yakni cimol, cireng, cilok dan lain sebagainya. Cilung banyak dijual di perkampungan dan di depan sekolah dasar yang pembelinya yang tak lain mulai dari kalangan anak-anak hingga kalangan orang tua. Rasanya gurih dan teksturnya kenyal karena terbuat dari tepung kanji. Setelah di goreng, cilung biasanya di lumuri dengan bumbu bubuk sebagai penyedap.', 'publish', '2018-04-03 14:28:40', '2018-04-03 14:28:40', NULL, 'Cilung SMPN 11 Tangerang', 'Cilung SMPN 11 Tangerang', 'cilung,aci,aci digulung,tangerang'),
(23, 'Cilor', 'cilor', 109, 3, 14, 'Cilor Pedas Makaroni Ngoceh adalah Cilok , Makaroni dan Telur', 'Cilor ini memiliki artian cilok telor, ternyata isiannya bukan hanya cilok aja tapi ada makaroni basahnya, membuat rasa cilornya semakin nikmat. Nah cara pembuatannya, cilok yang telah dipotong kecil-kecil, makaroni basah, telur dan garam diaduk menjadi 1, setelah itu di masak dalam loyang bulan kecil-kecil setelah matang diletakan pada mangkuk besar dan di beri bumbu pedas/baberque/asin sesuai selera kalian. Lalu di kocok hingga tercampur rata. Rasanya yummy banget cocok deh buat cemilan.', 'publish', '2018-04-03 14:44:18', '2018-04-05 21:15:49', '2018-04-05 21:15:49', 'Cilor Pedas Makaroni Ngoceh', 'Cilor Pedas Makaroni Ngoceh', 'Cilor,Cilor Pedas'),
(24, 'Tradisional', 'tradisional', 105, 1, 13, 'Apem panggangg adalah salah satu cemilan yang nusantara banget', 'dikenal dengan rasanya yang manis dan gurih, apem memiliki adonan khas yang hhanya bisa di buat dengan campuran santan didalam adonannya', 'publish', '2018-04-03 14:52:13', '2018-04-05 21:16:01', '2018-04-05 21:16:01', 'Apem', 'Apem Panggang', 'Apem,Apem Panggang,apem,apem pastellia,Apem Pastellia,Pastellia BSD,Pastellia Pasar Modern BSD'),
(25, 'Otak Otak', 'otak-otak', 111, 15, 14, 'Otak Otak Pedas Makaroni Ngoceh', 'Cemilan kali ini bukan sekedar otak-otak biasa, otak-otak ini cocok banget buat penyuka pedas, karna bisa sampe level pedes banget, buat yang ga suka pedes tenang aja disini juga tersedia bumbu baberque dan asin. Otak-otak ini dipotong kecil” lalu di goreng setelah matang otak-otaknya di letakan ke dalam wadah dan diisi bumbu sesuai keinginan kalian dan di kocok-kocok hingga bumbu menjadi satu dengan otak”. Enak banget deh buat cemilan nonton film.', 'publish', '2018-04-03 14:55:56', '2018-04-05 21:20:20', '2018-04-05 21:20:20', 'Otak Otak Pedas Makaroni Ngoceh', 'Otak Otak Pedas Makaroni Ngoceh', 'Otak otak,otak otak pedas,otak otak depok'),
(26, 'Pukis', 'pukis', 112, 16, 14, 'Pukis adalah sebuah kue khas Indonesia. Kue ini dibuat dari adonan telur, gula pasir, tepung terigu, ragi dan santan.', 'Kue basah ini sering banget kita temuin saat ada acara arisan,atau acara keluarga. Cemilan ini memiliki banyak rasa salah satunya yang coklat. Kuenya yang lembut dan rasanya yang enak bikin orang yang memakannya ketagihan loh. Dan yang paling penting cemilan ini cocok banget di minum dengan secangkir kopi ABC Susu. Perpaduan yang cocok bukan.', 'publish', '2018-04-03 15:17:21', '2018-04-05 21:16:14', '2018-04-05 21:16:14', 'Pukis Coklat Indo Mas', 'Pukis Coklat Indo Mas', 'pukis,pukis coklat,pukis serua'),
(27, 'Risol', 'risol', 113, 18, 14, 'Risol adalah pastri berisi daging, biasanya daging cincang, dan sayuran yang dibungkus dadar, dan digoreng setelah dilapisi tepung panir dan kocokan telur ayam.', 'Siapa sih yang ga tau risol? Risol bisa jadi salah satu cemilan yang bisa mengganjal lapar atau cemilan saat pagi hari. Risol ini banyak banget macam isiannya. Salah satunya risol ini yang memilki isian kentang,wortel dan buncis yang telah dipotong kecil-kecil. Ukurannya lumayan besar dan risol ini sangat lembut loh ketika digigit.', 'publish', '2018-04-03 15:36:12', '2018-04-05 21:16:21', '2018-04-05 21:16:21', 'Risol Indo Mas', 'Risol Indo Mas', 'Risol,Risol Depok'),
(28, 'Tahu Goreng', 'tahu-goreng', 114, 20, 14, 'Tahu Pedas adalah Tahu isi dengan adonan isiannya yang pedas', 'Siapa yang suka makan pedes ? Harus cobain tahu pedes satu ini guys. Tahu pedes ini diisi dengan sayur-sayuran yang telah di campur bumbu pedas lalu tahunya dilumuri adonan terigu dan digoreng hingga matang dan kering. Ukuran tahu pedas ini sendiri lumayan besar loh. Rasanya bener-bener enak untuk penyuka pedas .', 'publish', '2018-04-03 15:56:20', '2018-04-05 21:10:18', '2018-04-05 21:10:18', 'Tahu Pedas Reni Jaya', 'Tahu Pedas Reni Jaya', 'Tahu Pedas,Tahu Goreng,Gehu Pedas'),
(29, 'Arum Manis', 'arum-manis', 117, 1, 14, 'Arum Manis Toko Mama Indah', 'Back to zaman SD banget pasti kalian pernah dong makan jajanan yang berwarna warni berbahan dasar gula? Iyaps betul, arum manis namanya. Bentuknya lembut, panjang, layaknya orang menyebutnya dengan istilah lain yaitu rambut nenek. Camilan ini juga cocok untuk segala usia. Seakan ada magnet kebahagiaan bagi siapapun yang memakannya. Memiliki berbagai macam warna yang membuatnya semakin menarik. Biasanya cemilan ini terdapat dua kerupuk yang rasanya lebih gurih dan asin untuk menutupi bagian atas dan bawah. Lalu ditengahnya barulah diisi dengan si gula yang manis itu. Sebuah perpaduan rasa yang cocok abis jika kita sandingkan dengan segelas kopi mantap ABC susu.', 'publish', '2018-04-03 17:15:54', '2018-04-05 21:16:28', '2018-04-05 21:16:28', 'Arum Manis Toko Mama Indah', 'Arum Manis Toko Mama Indah', 'Arum Manis,Rambut nenek,Arum Manis tangsel'),
(30, 'Bika Ambon', 'bika-ambon', 118, 2, 14, 'Bika Ambon adalah sejenis penganan asal Indonesia. Terbuat dari bahan-bahan seperti telur, gula, dan santan, bika ambon umumnya dijual dengan rasa pandan, meskipun kini juga tersedia rasa-rasa lainnya seperti durian, keju, dan cokelat.', 'Bika Ambon merupakan kue khas yang berasal dari Medan. Walaupun begitu, penyebarannya sudah terkenal se-Nusantara. Bika Ambon merupakan kue berwarna kuning dengan tekstur yang legit dan berlubang-lubang di atasnya. Bahan utama dalam membuat cemilan ini adalah tepung sagu, kelapa, ragi, garam dan gula. Pada dasar nya, membuat Resep Bika Ambon Medan Panggang atau Kukus sama saja, cuma mungkin di tahap akhirnya yang sedikit berbeda. Satu perlu oven untuk memanggang dan satu lagi perlu di kukus dengan air mendidih dengan api sedang. Memakan bika ambon seakan ada rasa nagih terus menerus. Sebuah kenikmatan jika ditemani dengan secangkir kopi ABC susu.', 'publish', '2018-04-03 17:25:55', '2018-04-05 21:17:28', '2018-04-05 21:17:28', 'Bika Ambon Mama Indah', 'Bika Ambon Mama Indah', 'Bika Ambon,bika ambon tangsel'),
(31, 'Dadar Gulung', 'dadar-gulung', 119, 4, 14, 'dadar gulung merupakan penganan khas Indonesia dan Malaysia yang dapat digolongkan sebagai pancake yang diisi dengan parutan kelapa yang dicampur dengan gula jawa cair. Isi ini disebut unti.', 'Dadar gulung adalah salah satu resep kue basah tradisional yang terbuat dari bahan sederhana seperti tepung terigu, parutan kelapa, gula jawa, pandan.  Resep dadar gulung biasanya menggunakan pandan sebagai pewarna luarnya. Cara pembuatannya yaitu dua langkah dengan membuat kulit dadar gulung nya serta membuat isinya yang bisa disesuaikan dengan selera kita. Umumnya isian dari dadar gulung adalah parutan kelapa yang telah dicampur dengan gula aren. Saat digigit, kelembutan dari kulit pandan dan rasa manisnya sangat terasa. Terlebih lagi jika kita menikmatinya dengan secangkir kopi ABC susu.', 'publish', '2018-04-03 17:37:16', '2018-04-05 21:17:35', '2018-04-05 21:17:35', 'Dadar Gulung Mama Indah', 'Dadar Gulung Mama Indah', 'Dadar Gulung'),
(32, 'Dim Sum', 'dim-sum', 103, 4, 13, 'Dimsum enak dengan bahan seafood yang segar', 'Dim Sum adalah salah satu makanan yang cukup jadi favorit banyak kalangan, karena dim sum sendiri bukan kaegori makanan berat namun tidak terlalu ringan juga untuk di santap, memiliki berbagai macam varian yang ada dari mulai bakpao, hakau, dumpling, gyoza, dan siomai, sehingga membuat kita sendiri tidak bosan menikmatinya.', 'publish', '2018-04-03 18:11:16', '2018-04-05 21:11:22', '2018-04-05 21:11:22', 'Dimsum PASTELLIA BSD', 'Dimsum', 'Dimsum,Dimsum BSD,Pastellia'),
(33, 'Gethuk', 'gethuk', 106, 7, 13, 'Gethuk adalah salah satu cemilan yang sangat khas dari jawa tengah', 'Gethuk adalah salah satu cemilan yang sangat khas dari jawa tengah, yang terbuat dari olahan singkong dengan di taburi kelapa parut yang gurih, menambah cita rasa khas, dan juga cukup menggugah selera dengan warna-warni yang cukup menarik.', 'publish', '2018-04-03 21:23:18', '2018-04-05 21:17:22', '2018-04-05 21:17:22', 'Gethuk', 'Gethuk lindri', 'Gethuk,Gethuk lindri,Gethuk Pastellia,Gethuk BSD,Gethuk enak,gethuk enak,BSD'),
(34, 'Ketan Susu', 'ketan-susu', 107, 11, 13, 'Ketan susu ini memiliki rasa ketan yang hambar dengan tekstur yang sangat lembut namun rasanya semakin mantap ketika di lumuri dengan susu kental manis', 'Ketan susu ini memiliki rasa ketan yang hambar dengan tekstur yang sangat lembut namun rasanya semakin mantap ketika di lumuri dengan susu kental manis yang membuat rasanya semakin seimbang', 'publish', '2018-04-03 21:37:45', '2018-04-05 21:17:41', '2018-04-05 21:17:41', 'Ketan susu yang mulai terkenal karena', 'Ketan Susu', 'Ketan Susu,ketan susu,Ketan susu,Tansu,tansu,Ketan susu BSD'),
(35, 'Tahu Krispi', 'tahu-krispi', 121, 20, 15, 'Disajikan dengan tambahan bumbu dari berbagai jenis varian rasa akan buat sensasi seru di lidah.', 'Butuh camilan dan konsentrasi di sore hari cocok untuk menikmati Tahu Krispi sambil seduh Kopi ABC Susu. Kopi ABC Susu pasti membuat aktifitas lebih fokus dan tahu krispi bisa menambah konsentrasi dan perut terisi. Disajikan dengan tambahan bumbu dari berbagai jenis varian rasa akan buat sensasi seru di lidah. Dengan rasa tahu yang gurih sambil seruput hangatnya Kopi ABC Susu, hmm sedap! Soremu akan jadi semakin seru dengan Kopi ABC Susu.', 'publish', '2018-04-04 13:47:16', '2018-04-05 21:20:12', '2018-04-05 21:20:12', 'Tahu Krispi 49', 'Tahu Krispi 49', 'tahu,krispi,tahu krispi 49'),
(36, 'Cilok Goreng', 'cilok-goreng', 122, 3, 15, 'Cilok memiliki arti dari gabungan kata Aci yang dicolok, dan cilok yang satu ini cilok yang digoreng.', 'Cilok memiliki arti dari gabungan kata Aci yang dicolok, dan cilok yang satu ini cilok yang digoreng. Cilok goreng ini sangat cocok dengan Kopi ABC Susu menjadi perpaduan yang pas. Bisa disantap kapan saja apalagi untuk momen nyemil bareng keluarga. Anda bisa menikmati cilok goreng ini yang disajikan dengan rasa yang asin nan gurih, dan hangatnya Kopi ABC Susu yang rasanya mantap! Momen ceria bareng keluarga pun akan semakin hangat sambil nikmatin Kopi ABC Susu rame-rame.', 'publish', '2018-04-04 14:09:22', '2018-04-05 21:20:35', '2018-04-05 21:20:35', 'Cilok Goreng 49', 'Cilok Goreng 49', 'cilok,goreng,tahu krispi 49,cilok goreng'),
(37, 'Hunkwe', 'hunkwe', 123, 8, 14, 'Hunkwe Mutiara Toko Mama Indah', 'Hunkwe merupakan makanan yang termasuk dalam golongan jenis kue basah yang banyak diminati. Dengan memiliki tekstur yang sangat halus dan lembut juga sedikit kenyal, dan terdapat berbagai macam varian warna yang unik. Makanan ini dapat anda jadikan sebagai cemilan, bagi semua jenis kalangan. Bahan yang digunakan diantaranya sagu mutiara, tepung hunkwe, santan kelapa, gula pasir dan garam. Sajikan selagi dingin. Jangan lupa ditemani secangkir kopi ABC susu!', 'publish', '2018-04-04 16:43:00', '2018-04-05 21:17:49', '2018-04-05 21:17:49', 'Hunkwe Mutiara Toko Mama Indah', 'Hunkwe Mutiara Toko Mama Indah', 'HUnkwe,hunkwe mutiara'),
(38, 'Gabin', 'gabin', 150, 7, 14, 'Gabin Isi Telur di Pasar Geger Kalong', 'Semua pasti tidak asing dengan roti gabin,nah saat ini banyak inovasi yang dibuat. Salah\r\nsatunya yaitu gabin isi telur. Cemilan ini terbuat dari gabin yang diisi dengan adonan pastel dan ditambahkan potongan dari telur rebus. Lalu digoreng hingga garing. Cemilan ini paling enak dinikmati dengan minum kopi. Jajanan ini sangat mudah ditemui tentunya.\r\n\r\nOpen : 06.00-14.00', 'publish', '2018-04-05 10:59:04', '2018-04-05 21:20:41', '2018-04-05 21:20:41', 'Gabin Isi Telur Gegerkalong', 'Gabin Isi Telur Gegerkalong', 'Gabin,Gabin isi telur,gabin gegerkalong'),
(39, 'Takoyaki', 'takoyaki', 145, 20, 14, 'Takoyaki di Gegerkalong Tengah', 'Takoyaki ini terbuat dari tepung terigu yang didalamnya juga terdapat bumbu-bumbu\r\nseperti daun bawang dan isian yang kita mau misalnya seefood. Bentuk dari makanan ini seperti bola kecil, takoyaki sangat popiler di Jepang,karan makanan satu ini adalah cemilan khas jepang. Takoyaki biasa dijual dalam bentuk set dengan 1 set berisi 5, 6, 8 hingga 10 buah.', 'publish', '2018-04-05 11:13:51', '2018-04-05 21:20:47', '2018-04-05 21:20:47', 'Takoyaki Gegerkalong', 'Takoyaki Gegerkalong', 'takoyaki,takoyaki gegerkalong,takoyaki bandung'),
(40, 'Putu Ayu', 'putu-ayu', 144, 16, 14, 'Putu Ayu di Pasar Geger Kalong', 'Kue putu ayu merupakan kue tradisional asli indonesia,kue putu ayu ialah salah satu koleksi dari kue jajanan pasar yang di miliki oleh indonesia.Putu ayu memiliki nama yang hampir sama dengan kue putu,namun sebenarnya bahan dasar untuk pembuatan kue putu ayu s berbeda dengan kue putu yang hanya menggunakan tepung beras untuk adonannya. Dalam pembuatan kue putu ayu biasanya menggunakan beberapa bahan yang biasa di gunakan untuk membuat bolu kukus.persamaan dari kedua kue ini hanyalah pada pemakaian kelapa sebagai hiasannya. Kelapa dalam kue putu ayu juga\r\ndijadikan sebagai toping dari kue ini.', 'publish', '2018-04-05 11:21:49', '2018-04-05 21:11:36', '2018-04-05 21:11:36', 'Putu Ayu Pasar Geger Kalong', 'Putu Ayu Pasar Geger Kalong', 'putu ayu,putu ayu gegerkalong,putu ayu bandung'),
(41, 'Bacang', 'bacang', 140, 2, 14, 'Bacang di Borma Setiabudhi', 'Bacang beras merupakan penganan tradisional masyarakat Cina Tiongkok yang dibungkus dengan daun bambu yang berisi beras dengan campuran daging dan berbentuk limas segitiga. Paling enak dimakan ketika masih panas. Bacang dibuat dari beras ketan sebagai lapisan luar, daging, jamur, udang kecil, seledri, dan jahe sebagai isi. Ada juga yang menambahkan kuning telur asin. Untuk perasa biasanya ditambahkan sedikit garam, gula, merica, penyedap makanan, kecap, dan sedikit minyak nabati.', 'publish', '2018-04-05 11:28:07', '2018-04-05 21:20:53', '2018-04-05 21:20:53', 'Bacang Daging Borma', 'Bacang Daging Borma', 'bacang,bacang daging,bacang borma,bacang bandung'),
(42, 'Ali Agam', 'ali-agam', 135, 1, 14, 'Ali Agam di Pasar Gegerkalong', 'Ali agam merupakan jajanan yang saat ini jarang atau susah ditemui, tapi masi menjadi\r\njajanan favorit untuk teman ngopi atau nge-teh. Jajanan ini biasanya banyak terdapat di pasar tradisional. Rasanya tidak kalah enak dengan jajanan pada saat sekarang ini. Jajanan ini terbuat dari tepung beras dan gula merah.', 'publish', '2018-04-05 11:34:00', '2018-04-05 21:21:34', '2018-04-05 21:21:34', 'Ali Agam Pasar Gegerkalong', 'Ali Agam Pasar Gegerkalong', 'Ali Agam,Ali Agam gegerkalong,ali agam bandung'),
(43, 'Apem', 'apem', 138, 1, 14, 'Apem Nasi Pelangi di Pasar Gegerkalong', 'Apem nasi pelangi ini rasanya sama kaya apem pada umumnya cuma bentuknya aja yang beda, bentuknya hampir mirip kue mangkok. Satu box isinya 6 (2 pink, 2 putih, dan 2 hijau) tapi walaupun warna-warni, rasanya sama aja kok semuanya. Makan apem pelangi ini terus minumnya kopi ABC susu itu enak banget loh!', 'publish', '2018-04-05 11:50:16', '2018-04-05 21:21:28', '2018-04-05 21:21:28', 'Apem Nasi Pelangi Gegerkalong', 'Apem Nasi Pelangi Gegerkalong', 'apem,apem nasi pelangi,apem gegerkalong'),
(44, 'Bangket', 'bangket', 139, 2, 14, 'Bangket keju Di Rotiku Setiabudi', 'Kue bangket keju ini cukup unik karena ada perpaduan dari rasa jahe, kayu manis, dan keju yang ditabur diatasnya. Aromanya jahe dan kayu manis banget deh. Untuk teksturnya sendiri bisa dibilang unik karena ngembang dan ‘retak-retak’. Kue ini paling enak dinikmatin selagi hangat dan minumnya kopi ABC susu!', 'publish', '2018-04-05 12:09:22', '2018-04-05 21:21:18', '2018-04-05 21:21:18', 'Bangket Keju Rotiku', 'Bangket Keju Rotiku', 'Bangket keju,bangket keju bandung'),
(45, 'Bakpao', 'bakpao', 142, 2, 14, 'Bakpao kacang Hijau di Borma Setiabudi', 'Bosen sama bakpao yang isinya cokelat? Bakpao ini isinya kacang hijau dan adonannya yang unik karena berwarna pink (merah muda). Makan bakpao ini enaknya saat masih panas supaya kacang hijau yang didalamnya jadi tambah lembut ketika dimakan bareng kopi ABC susu!', 'publish', '2018-04-05 12:17:10', '2018-04-05 21:21:11', '2018-04-05 21:21:11', 'Bakpao kacang Hijau Borma', 'Bakpao kacang Hijau Borma', 'Bakpao,Bakpao kacang hijau,bakpao bandung'),
(46, 'Bolu', 'bolu', 143, 2, 14, 'Bolu Agar Agar', 'Bolu agar-agar ini unik banget, lho! Karena terdiri dari 3 lapisan, yaitu lapisan atasnya agar-agar, lapisan tengahnya seperti kocokan putih telur, dan lapisan terakhir alias lapisan yang bawah adalah bolunya yang lembut. Sensasinya beda banget kalo kita makan bolu ini dibanding dengan bolu biasanya, karena 3 perpaduan unik itu. Ngemil bolu ini paling enak kalo sambil ngopi ABC susu!', 'publish', '2018-04-05 12:28:09', '2018-04-05 21:21:02', '2018-04-05 21:21:02', 'Bolu Agar Agar Rotiku', 'Bolu Agar Agar Rotiku', 'bolu,bolu agar agar'),
(47, 'Bakpia', 'bakpia', 137, 2, 14, 'Bakpia Coklat Di Borma Setiabudi', 'Kue Pia adalah salah satu cemilan yang disukai hampir seluruh masyarakat Indonesia. Pia\r\nCoklat ini memiliki cita rasa yang enak dan lezat, rasanya yang legit dengan bahan-bahan\r\nberkualitas dan harum yang khas, tercium dari bakpia ini. Ditambah dengan rasa coklat yang membuat rasanya semakin lezat, apalagi jika dinikmati pada saat masih dalam keadaan hangat. Pia ini bisa menemani anda selagi anda mengobrol dengan teman-teman ada anda.', 'publish', '2018-04-05 12:50:25', '2018-04-05 21:19:44', '2018-04-05 21:19:44', 'Bakpia Coklat Borma Setiabudi', 'Bakpia Coklat Borma Setiabudi', 'Bakpia,bakpia coklat,bakpia bandung'),
(48, 'Gemblong', 'gemblong', 149, 7, 14, 'Gemblong adalah sejenis makanan tradisional atau kue tradisional Indonesia yang termasuk ke dalam kelompok jajanan pasar.', 'Gemblong merupakan sejenis makanan tradisional atau kue tradisional Indonesia yang\r\ntermasuk ke dalam kelompok jajanan pasar. Gemblong terbuat dari adonan tepung beras\r\nketan putih dan dibentuk bulat seperti bola kemudian adonan gemblong yang sudah dibentuk bulat digoreng dan dilapisi dengan larutan gula aren. Di daerah Jawa Timur gemblong dikenal dengan nama Getas. Gemblong sangat cocok untuk dinikmati sambil minum kopi di pagi hari ataupun sore hari.', 'publish', '2018-04-05 13:20:11', '2018-04-05 21:19:35', '2018-04-05 21:19:35', 'Gemblong Gegerkalong', 'Gemblong Gegerkalong', 'Gemblong,gemblong gegerkalong'),
(49, 'Cikak', 'cikak', 133, 3, 14, 'Cikak adalah camilan yang memiliki bentuk unik yakni berbentuk buah buahan.', 'Cikak adalah camilan yang memiliki bentuk unik yakni berbentuk buah buahan. Camilan ini terbuat dari tepung beras ketan yang kemudian dilapisi lagi dengan agar agar bening, tekstur dari cikak ini sangat Kenyal dan cikak juga memiliki isian yakni adonan kacang hijau yang memiliki rasa yang manis saat dimakan', 'publish', '2018-04-05 13:31:38', '2018-04-05 13:31:38', NULL, 'Cikak Setiabudhi', 'Cikak Setiabudhi', 'Cikak,Cikak setiabudhi'),
(50, 'Koci Koci', 'koci-koci', 134, 11, 14, 'Koci Koci adalah salah satu nama kue tradisional asli Indonesia yang sampai saat ini masih banyak digemari oleh semua orang', 'Koci koci adalah camilan tradisional yang memiliki rasa unik sesuai dengan namanya. Berbentuk segitiga dan dibungkus oleh daun pisang koci koci memiliki rasa yang enak dan manis. Saat disantap rasa dari camilan ini akan terasa perpaduan antara ketan dan santan di bagian luar serta parutan kelapa muda di bagian dalam', 'publish', '2018-04-05 14:22:25', '2018-04-05 21:18:16', '2018-04-05 21:18:16', 'Koci Koci', 'Koci Koci', 'Koci,koci koci'),
(51, 'Srikaya Pandan', 'srikaya-pandan', 146, 19, 14, 'Srikaya Pandan adalah camilan yang manis dan berwarna hijau yang dimana\r\nditempatkan di mangkuk kecil/ wadah kecil.', 'Srikaya Pandan adalah camilan yang manis dan berwarna hijau yang dimana\r\nditempatkan di mangkuk kecil/ wadah kecil. Rasa dari Srikaya Pandan ini manis,\r\nmemiliki aroma pandan yang kuat dan kenyal, Bentuknya yang kenyal serupa dengan\r\nagar agar namun Srikaya memiliki tekstur berongga.', 'publish', '2018-04-05 14:36:19', '2018-04-05 21:18:00', '2018-04-05 21:18:00', 'Srikaya Pandan', 'Srikaya Pandan', 'Srikaya,srikaya pandan'),
(52, 'Otok Owo', 'otok-owo', 147, 15, 14, 'Otok Owo adalah camilan tradisional yang berbentuk kue kering berwarna coklat dan\r\nberbentuk lingkaran.', 'Otok Owo adalah camilan tradisional yang berbentuk kue kering berwarna coklat dan\r\nberbentuk lingkaran. Kue ini memiliki perpaduan rasa yang unik, yakni manis yang\r\nberasal dari gula jawa, setelah disantap akan terasa asin dan hangat yang berasal dari\r\njahe.', 'publish', '2018-04-05 14:41:27', '2018-04-05 21:18:08', '2018-04-05 21:18:08', 'Otok Owo', 'Otok Owo', 'Otok Owo,Otok Owo bandung'),
(53, 'Ketan', 'ketan', 153, 11, 15, 'KETAN bisa juga lho jadi camilan yang gurih dan mantap.', 'KETAN bisa juga lho jadi camilan yang gurih dan mantap.', 'publish', '2018-04-05 15:18:18', '2018-04-05 21:12:14', '2018-04-05 21:12:14', 'Camilan Ketan', 'Cemilan Ketan', 'ketan,serundeng,susu'),
(54, 'Bola-Bola Oreo', 'bola-bola-oreo', 157, 2, 19, 'Bola-Bola Oreo adalah camilan yang kekinian.', 'Bola-Bola Oreo adalah camilan yang kekinian, bola bola oreo ini memiliki banyak varian rasa juga, mulai dari oreo, green tea, vanilla dan lainnya. Untuk rasanya udah pasti enak banget! Karena rasa dari bola bola oreo ini manis susu namun di dalamnya ada crunchy biscuit dan juga tidak ketinggalan ada taburan oreo di seluruh permukaan bola bola oreo ini yang saat disantap akan menambahkan rasa enaknya', 'publish', '2018-04-06 01:16:07', '2018-04-06 01:17:03', NULL, 'Kue', 'Kue Kering', 'kue kering,kue,cemilan,bola-bola oreo'),
(55, 'Ape', 'ape', 166, 1, 14, 'Kue Ape adalah merupakan jajanan khas dari Jakarta. Bentuknya menyerupai pancake.', 'Kue Ape ini salah satu jajanan tradisional yang banyak di gemari oleh masyarakat indonesia loh. Selain bentuknya yang unik rasanya pun enak banget, apalagi dimakan saat pagi hari yang cerah ditemani dan secangkir mantapnya paling nikmat Kopi ABC Susu. Kolaborasi yang paling mantap untuk menemani pagi yang cerah ini guys.', 'publish', '2018-04-06 21:59:21', '2018-04-06 21:59:21', NULL, 'Kue Ape', 'Kue Ape', 'Kue ape,kue ape jakarta'),
(56, 'Cucur', 'cucur', 167, 3, 14, 'Kue Cucur adalah salah satu jajanan tradisional di Indonesia', 'Siapa hayo yang belum tau cemilan tradisional satu ini? Ini adalah kue cucur. Kue cucur ini terbuat dari tepung beras dan gula aren yang digoreng. Teman pagiku bersama kue cucur yang gurih dan manis dilengkapi dengan kopi ABC Susu membuat pagiku', 'publish', '2018-04-06 22:26:27', '2018-04-06 22:26:27', NULL, 'Kue Cucur', 'Kue Cucur', 'Kue Cucur'),
(57, 'Kuping Gajah', 'kuping-gajah', 168, 11, 14, 'Kue kuping gajah merupakan salah satu kue tradisional asli Indonesia. Memiliki bentuk yang unik serta rasa yang manis, enak dan renyah', 'Nah ini namanya unik baget nih, Kuping Gajah. Tapi bukan kuping gajah beneran ya guys. Ini Cuma sebutan aja karna bentuk dari kripik ini mirip banget sama kuping gajah. Kripik kuping gajah ini renyah banget rasanya yang manis cocok banget dimakan bareng secangkir hangatnya kopi ABC Susu. Enak banget nih buat cemilan sore hari apalagi di saat mendung begini.', 'publish', '2018-04-07 19:40:32', '2018-04-07 19:40:32', NULL, 'Kuping Gajah Musyawarah', 'Kuping Gajah Musyawarah', 'Kuping Gajah ,Kuping Gajah Jakarta'),
(58, 'Soes', 'soes', 169, 19, 13, 'Soes adalah makanan yang menarik, dengan bahan roti kering yg gurih, dan isian fla lembut yang manis.', 'Soes kali ini bisa kamu dapatkan di toko kue mayestik di daerah ciputat, dengan bahan roti kering yg gurih, dan isian fla lembut yang manis, kue yang sudah melegenda di indonesia ini digemari banyak kalangan dari tua hingga muda, karena memang tergolong salah satu cemilan andalan yang ringan dan cocok sebagai teman kopi.', 'publish', '2018-04-08 16:31:39', '2018-04-08 16:31:39', NULL, 'Soes Mayestik', 'Kue Soes', 'Kue Soes,kue sus,Soes,sus,Mayestik,ciputat'),
(59, 'Apem panggang', 'apem-panggang', 105, 1, 13, 'Apem panggangg adalah salah satu cemilan yang nusantara banget, dikenal dengan rasanya yang manis dan gurih, apem memiliki adonan khas yang hanya bisa di buat dengan campuran santan didalam adonannya.', 'Apem panggangg adalah salah satu cemilan yang nusantara banget, dikenal dengan rasanya yang manis dan gurih, apem memiliki adonan khas yang hhanya bisa di buat dengan campuran santan didalam adonannya, santan itu sendiri memunculkan rasa yang unik dan sangat nikmat di nikmati untuk cemilan atau teman santai sambil ngopi, tentunya bakal lebih mantap jika kopinya kopi ABC Susu.', 'publish', '2018-04-08 16:36:31', '2018-04-08 16:36:31', NULL, 'Apem panggang', 'Apem panggang', 'apem,panggang,apem panggang,Apem,Panggang,Apem Panggang,BSD'),
(60, 'Gethuk', 'gethuk', 106, 7, 13, 'Gethuk adalah salah satu cemilan yang sangat khas dari jawa tengah, yang terbuat dari olahan singkong dengan di taburi kelapa parut yang gurih', 'Gethuk adalah salah satu cemilan yang sangat khas dari jawa tengah, yang terbuat dari olahan singkong dengan di taburi kelapa parut yang gurih, menambah cita rasa khas, dan juga cukup menggugah selera dengan warna-warni yang cukup menarik, biasanya didaerah asal gethuk ini digunakan sebagai cemilan teman ngopi, yang artinya biasanya makanan ini cocok dinikmati di pagi atau sore hari ketika waktu istirahat setelahh beraktifitas. hmmm.. kalau teman ngopi, berarti cemilan ini sudah dipastikan cocok dan makin mantap nih disantap bersama kopi ABC Susu.', 'publish', '2018-04-08 16:39:27', '2018-04-08 16:39:27', NULL, 'Gethuk', 'Gethuk', 'gethuk,Gethuk,gethuk BSD,pastellia,Pastellia,Gethuk Pastellia BSD,gethuk pastellia bsd'),
(61, 'Rogut ayam', 'rogut-ayam', 170, 18, 13, 'Rogut ayam merupakan cemilan berbahan dasar ayam, sayur mayur, mayonaise, dan terkadang menggunakan keju, dengan bahan kulit yang lembut yang berbalut tepung panir.', 'Rogut ayam merupakan cemilan berbahan dasar ayam, sayur mayur, mayonaise, dan terkadang menggunakan keju, dengan bahan kulit yang lembut yang berbalut tepung panir, membuat rasa dari rogut semakin menarik untuk di nikmati. krispi di luar, lembut dan lumer di dalam, itulah ciri khas Rogut yang di sediakan oleh toko cemilan Pasmod Bintaro, sehingga membuat cemilan ini semakin mantap di santap dengan cabai rawit yang pedas, dan di sandingkan dengan Kopi ABC susu', 'publish', '2018-04-08 16:48:47', '2018-04-08 16:48:47', NULL, 'Rogut ayam', 'Rogut Ayam', 'rogut ayam,Rogut Ayam,Rogut,Pasmod Bintaro'),
(62, 'Schotel Makaroni ayam', 'schotel-makaroni-ayam', 171, 19, 13, 'Schotel makaroni ayam dengan campuran keju yang lembut ini dijamin bikin kamu ga akan bisa berpaling hanya dengan satu suapan.', 'Schotel makaroni ayam dengan campuran keju yang lembut ini dijamin bikin kamu ga akan bisa berpaling hanya dengan satu suapan. Kenapa? karena jika biasanya adonan makaroni dan ayamnya di aduk menjadi satu, kali ini kamu bakal menemukan sensasi yang beda dari schotel lain, karena di schotel kali ini, kamu akan menemukan layer yang berbeda di setiap suapan.', 'publish', '2018-04-08 17:11:17', '2018-04-08 17:11:17', NULL, 'Schotel makaroni ayam', 'Schotel makaroni ayam', 'schotel,Schotel,Schotel makaroni ayam,schotel makaroni ayam,makaroni,Pasmod Bintaro,pasmod bintaro'),
(63, 'Onggol-ongol', 'onggol-ongol', 172, 15, 13, 'Penganan satu ini memiliki ciri yang cukup khas yaitu tekstur yang lembut dan sedikit kenyal, dengan taburan kelapa yang membuat nya semakin seimbang antara rasa manis dari kuenya, dan gurih dari santan.', 'Penganan satu ini memiliki ciri yang cukup khas yaitu tekstur yang lembut dan sedikit kenyal, dengan taburan kelapa yang membuat nya semakin seimbang antara rasa manis dari kuenya, dan gurih dari santan. Ongol-ongol namanya, cemilan ini biasanya memiliki  jenis adonan yang berbeda, yg sangat banyak di jajakan di jawa barat khususnya jakarta adalah menggunakan bahan tepung sagu, namun di Jawa Tengah dan Jawa Timur, Ongol-ongol sendiri menggunakan singkong sebagai bahan dasarnya. sehingga kamu tidak bosan untuk menikmatinya dengan dua varian yang berbeda untuk teman kopimu, pasti lebih mantap.', 'publish', '2018-04-08 18:01:08', '2018-04-08 18:01:08', NULL, 'Ongol-ongol', 'Ongol-ongol', 'ongol-ongol,Ongol-Ongol,Ongol-ongol,Ongol-ongol Pastellia BSD,pastellia,BSD'),
(64, 'Onde-onde', 'onde-onde', 158, 15, 13, 'Bulat, renyah, kejutan di dalam, dan bertabur wijen. Yap ini dia Onde-onde!', 'Bulat, renyah, kejutan di dalam, dan bertabur wijen. Yap ini dia Onde-onde! Onde-onde merupakan jajanan khas dari daerah Mojokerto. Namun karena Onde-onde disukai orang Indonesia dari berbagai daerah, kita bisa menemukan Onde-onde di mana saja.', 'publish', '2018-04-08 21:52:22', '2018-04-08 21:52:22', NULL, 'Onde-onde', 'Onde-onde', 'Onde-onde Verina,onde onde verina,Verina Kue & snack'),
(65, 'Brownies', 'brownies', 159, 2, 13, 'Cokelat kehitaman, padat, dan manis. Apalagi kalau bukan brownies?', 'Cokelat kehitaman, padat, dan manis. Apalagi kalau bukan brownies? Yap! Kue satu ini memang sebenarnya bukan asli dari Indonesia. Namun, karena digemari oleh masyarakat Indonesia, muncullah inovasi-inovasi yang diterapkan pada brownis.', 'publish', '2018-04-08 21:59:56', '2018-04-08 21:59:56', NULL, 'Brownies', 'Brownies Coklat', 'brownies,kue kering,enak,mantap'),
(66, 'Cheese Roll', 'cheese-roll', 162, 3, 13, 'Untuk kalian pecinta keju, pasti jajanan satu ini tidak akan asing.', 'Ya, Cheese Roll! Meskipun dikatakan bahwa Cheese Roll merupakan makanan yang populer di New Zealand, tapi Cheese Roll khas nusantara juga Indonesia punya lho. Di mana lagi kalau bukan di daerah Bandung, Jawa Barat. Olahan keju yang digulung dengan lapisan adonan roti dan dipanggang hingga kering ini juga digemari masyarakat Indonesia.', 'publish', '2018-04-08 22:19:19', '2018-04-08 22:19:19', NULL, 'Cheese Roll', 'Cheese Roll', 'Cheese Roll,cheese roll,keju,bandung'),
(67, 'balok', 'balok', 163, 2, 13, 'Kue Balok merupakan jajanan dikenal sejak tahun 1990an, tapi kembali tenar baru-baru ini. Jajanan khas dari daerah Jawa Barat ini disebut-sebut sebagai kembaran dari kue pukis karena memiliki rasa serta bentuk yang mirip.', 'Kue Balok merupakan jajanan dikenal sejak tahun 1990an, tapi kembali tenar baru-baru ini. Jajanan khas dari daerah Jawa Barat ini disebut-sebut sebagai kembaran dari kue pukis karena memiliki rasa serta bentuk yang mirip. Kue Balok kembali tenar dengan varian rasa serta topping yang lebih beragam, dari  green tea, tiramisu, coklat, nutella, dan masih banyak lagi. Selain itu kita juga bisa memilih ingin membeli Kue Balok yang matang atau setengah matang. Kue Balok pas menjadi teman ngobrol bersama teman-teman dan ditemani secangkir Kopi ABC Susu!', 'publish', '2018-04-08 22:33:57', '2018-04-08 22:33:57', NULL, 'Kue balok', 'Kue Balok', 'Kue balok,Balok,Kue,Bandung,Kue Balok Bandung'),
(68, 'Dadar Gulung', 'dadar-gulung', 164, 4, 15, 'Berwarna hijau dan manis di dalam. Apakah itu? Ya, dadar gulung.', 'Berwarna hijau dan manis di dalam. Apakah itu? Ya, dadar gulung. Dadar Gulung adalah salah satu makanan khas Indonesia yang berasal dari Pulau Jawa. Jajanan tradisional ini  terbuat dari tepung beras dan campuran pandan sebagai kulit, serta parutan kelapa dan gula merah, kemudian digulung.', 'publish', '2018-04-08 22:42:11', '2018-04-09 12:54:05', NULL, 'Dadar Gulung', 'Dadar Gulung', 'Dadar Gulung,dadar gulung,DarLung,Darlung,darlung,Bandung'),
(69, 'Nagasari', 'nagasari', 185, 14, 14, 'Nagasari adalah sejenis kue yang terbuat dari tepung beras, tepung sagu, santan, dan gula yang diisi pisang', 'Hallo, Mungkin kalian sering sekali melihat jajanan pasar yang satu ini namun jarang ada yang tau nama asli camilan tersebut. Nagasari, jajanan yang terbuat dari tepung beras dan santan ini memiliki tekstur yang lembut dan meleleh ketika dimakan. Isian pisang pada nagasari memberikan rasa manis alami dan menabah kesan tersendiri saat memakanya. Perpaduan tepung beras, santan dan isian pisang membuat', 'publish', '2018-04-08 23:43:00', '2018-04-08 23:43:00', NULL, 'Nagasari', 'Nagasari', 'Nagasari'),
(70, 'Otak-Otak', 'otak-otak', 189, 15, 14, 'Otak Otak Crispy ini adalah otak otak yang di balut oleh tepung kanji sehingga menghasilkan crispy diluarnya', 'Cemilan yang satu ini namanya Otak-Otak Crispy, cemilan yang satu ini emang renyah banget sih apalagi kalau dimakannya pas anget-anget, beuh..rasanya sama aja kaya otak-otak pada umumnya yang di goreng bedanya otak-otak ini di balut dengan tepung super renyah dengan warna yang super menggoda. Otak-otak ini pas banget kalo dimakannya pake saus sambal ditambah minumnya yang pasti kopi susu ABC dong~', 'publish', '2018-04-09 11:06:42', '2018-04-09 11:06:42', NULL, 'Otak-Otak', 'Otak-Otak', 'otak-otak,otak-otak crispy'),
(71, 'Bakwan', 'bakwan', 190, 2, 14, 'Bakwan adalah makanan gorengan yang terbuat dari sayuran dan tepung terigu yang lazim ditemukan di Indonesia.', 'Bakwan sayur dan bakwan jagung ini selain mengenyangkan bakwan ini sangat sehat untuk nutrisi kebutuhan setiap hari. Apalagi ditemani dengan kopi ABC Susu yang mantap rasa susunya. Bakwan sayur dan bakwan jagung ini rasanya renyah dan lembut di dalam. Cocok deh buat ganjel perut kamu kalo lagi lapar.', 'publish', '2018-04-09 11:22:22', '2018-04-09 11:22:22', NULL, 'Bakwan', 'Bakwan', 'Bakwan'),
(72, 'Bakso Goreng', 'bakso-goreng', 191, 2, 14, 'Bakso goreng atau yang biasa di sebut Basreng, ini adalah bakso yang di goreng hingga kering.', 'Cemilan yang satu ini namanya ‘Basreng’. Cemilan yang digemari berbagai kalangan ini eksis dimana-mana lho! Jika kita biasanya makan bakso yang di campur kuah, kali ini baksinya digoreng mengguakan tepung krispi. Rasanya yang gurih apalagi dicampur oleh berbagai bumbu seperti rasa barbeque, manis, asin, pedas dan keju menambah kenikmatan basreng ini. Cemilan ini akan semakin nikmat jika di makannya bersama Kopi Susu ABC sebagai minumannya lho teman-teman.', 'publish', '2018-04-09 11:41:32', '2018-04-09 11:41:32', NULL, 'Bakso Goreng', 'Bakso Goreng', 'Bakso,bakso goreng'),
(73, 'French fries', 'french-fries', 192, 6, 14, 'French fries adalah hidangan yang dibuat dari potongan-potongan kentang yang digoreng dalam minyak goreng panas.', 'Siapa sih yang gak tau cemilan yang satu ini. Cemilan French fries ini banyak banget diminati berbagai kalangan, kentang goreng yang satu ini rasanya renyah banget dan yang pasti enak banget. Kentang goreng ini di sajikan dalam keadaan masih hangat dan di goreng sangat garing. Jangan lupa cocol dengan sausnya.', 'publish', '2018-04-09 12:28:53', '2018-04-09 12:39:32', NULL, 'Kentang Goreng', 'Kentang Goreng', 'kentang,kentang goreng'),
(74, 'Donat', 'donat', 193, 4, 14, 'Donat adalah salah satu cemilan tradisolnal yang masih di gemari saat ini . Kue donat ini tengahnya bolong dan teksturnya lembut.', 'Kalian tau gak kalo salah satu makanan khas Indonesia ini udah ada sebelum nama Jakarta menjadi Batavia. Namanya Donat Cincin. Donat cincin ini mempunyai rasa manis yang diberikan dari gula halus yang dicampur dengan diluar donatnya. Tekstur yang donat ini lembut apalagi kalau disajikannya saat panas-panas atau baru matang. Donat ini cocok banget buat cemilan di pagi atau sore hari saat hujan turun apalagi makanannya di temennin sama seduhhan kopi susu abc yang rasa manisnya pas banget.', 'publish', '2018-04-09 13:28:54', '2018-04-09 13:28:54', NULL, 'Donat', 'Donat', 'Donat,Donat kentang'),
(75, 'Gemblong', 'gemblong', 194, 7, 15, 'Olahan ketan yang dibalut gula satu ini termasuk cemilan yang banyak digemari oleh masyarakat Indonesia', 'Olahan ketan yang dibalut gula satu ini termasuk cemilan yang banyak digemari oleh masyarakat Indonesia', 'publish', '2018-04-09 13:50:47', '2018-04-09 13:50:47', NULL, 'Gemblong', 'Gemblong Olahan Ketan', 'gemblong,ketan gula'),
(76, 'Klepon', 'klepon', 238, 11, 15, 'Klepon adalah cemilan yang terbuat dari tepung beras yang berisi lelehan gula merah', 'Klepon adalah cemilan yang terbuat dari tepung beras yang berisi lelehan gula merah', 'publish', '2018-04-09 15:01:54', '2018-04-09 15:01:54', NULL, 'Klepon', 'Klepon', 'klepon');
INSERT INTO `categories` (`id`, `name`, `slug`, `media_id`, `categories_abjad_id`, `created_by`, `short_text`, `long_text`, `status`, `created_at`, `updated_at`, `deleted_at`, `meta_title`, `meta_description`, `meta_tags`) VALUES
(77, 'Putu', 'putu', 221, 16, 14, 'Kue putu adalah jenis makanan Nusantara berupa kue yang berisi gula jawa dan parutan kelapa, tepung beras butiran kasar', 'Hallo, kalian tau ga sih kalo putu adalah salah satu makanan khas jawa loh. Putu merupakan salah satu cemilan yang berbahan dasar tepung beras, gula merah dan parutan kelapa. Cara pembuatannya juga sangat seserhana hanya dengan di kukus dalam kurang lebih 15 menit kalian bisa langsung menikmati putu tanpa harus menunggu lama.', 'publish', '2018-04-09 15:09:15', '2018-04-09 15:09:15', NULL, 'Kue Putu', NULL, 'Kue Putu,Putu jakarta');

-- --------------------------------------------------------

--
-- Table structure for table `categories_abjad`
--

CREATE TABLE `categories_abjad` (
  `id` int(10) UNSIGNED NOT NULL,
  `name` varchar(191) COLLATE utf8mb4_unicode_ci NOT NULL,
  `media_id` int(11) NOT NULL,
  `mobile_media_id` int(11) DEFAULT NULL,
  `created_by` int(11) NOT NULL,
  `created_at` timestamp NULL DEFAULT NULL,
  `updated_at` timestamp NULL DEFAULT NULL,
  `deleted_at` timestamp NULL DEFAULT NULL,
  `meta_title` text COLLATE utf8mb4_unicode_ci,
  `meta_description` text COLLATE utf8mb4_unicode_ci,
  `meta_tags` text COLLATE utf8mb4_unicode_ci
) ENGINE=InnoDB DEFAULT CHARSET=utf8mb4 COLLATE=utf8mb4_unicode_ci;

--
-- Dumping data for table `categories_abjad`
--

INSERT INTO `categories_abjad` (`id`, `name`, `media_id`, `mobile_media_id`, `created_by`, `created_at`, `updated_at`, `deleted_at`, `meta_title`, `meta_description`, `meta_tags`) VALUES
(1, 'A', 8, 65, 1, '2018-03-25 16:50:35', '2018-03-31 23:25:52', NULL, 'Kategori berawal huruf A', 'Kategori Descripsi Huruf A', 'a'),
(2, 'B', 96, 66, 1, '2018-03-25 16:50:40', '2018-04-02 01:05:14', NULL, NULL, NULL, 'b,abjad b,abjad,category abjad b,kategori abjad b,makanan,kategori abjad B'),
(3, 'C', 33, 67, 1, '2018-03-25 16:50:46', '2018-03-31 23:27:19', NULL, NULL, NULL, NULL),
(4, 'D', 52, 68, 1, '2018-03-25 16:50:54', '2018-03-31 23:27:33', NULL, NULL, NULL, NULL),
(5, 'E', 34, 69, 1, '2018-03-25 16:51:00', '2018-03-31 23:31:00', NULL, NULL, NULL, NULL),
(6, 'F', 35, 70, 1, '2018-03-25 16:51:05', '2018-03-31 23:28:24', NULL, NULL, NULL, NULL),
(7, 'G', 27, 71, 1, '2018-03-25 16:51:13', '2018-03-31 23:31:14', NULL, NULL, NULL, NULL),
(8, 'H', 36, 72, 1, '2018-03-25 16:51:18', '2018-03-31 23:31:29', NULL, NULL, NULL, NULL),
(9, 'I', 51, 73, 1, '2018-03-25 16:51:23', '2018-03-31 23:31:43', NULL, NULL, NULL, NULL),
(10, 'J', 39, 74, 1, '2018-03-25 16:51:28', '2018-03-31 23:33:48', NULL, NULL, NULL, NULL),
(11, 'K', 40, 75, 1, '2018-03-25 16:51:32', '2018-03-31 23:34:54', NULL, NULL, NULL, NULL),
(12, 'L', 97, 76, 1, '2018-03-25 16:51:38', '2018-04-02 01:14:02', NULL, NULL, NULL, NULL),
(13, 'M', 165, 77, 13, '2018-03-25 16:51:43', '2018-04-06 19:52:34', NULL, NULL, NULL, NULL),
(14, 'N', 28, 78, 1, '2018-03-25 16:51:49', '2018-03-31 23:35:50', NULL, NULL, NULL, NULL),
(15, 'O', 42, 79, 1, '2018-03-25 16:51:53', '2018-03-31 23:36:16', NULL, NULL, NULL, NULL),
(16, 'P', 53, 80, 1, '2018-03-25 16:51:58', '2018-03-31 23:36:29', NULL, NULL, NULL, NULL),
(17, 'Q', 44, 81, 1, '2018-03-25 16:52:02', '2018-03-31 23:36:47', NULL, NULL, NULL, NULL),
(18, 'R', 45, 82, 1, '2018-03-25 16:52:07', '2018-03-31 23:37:03', NULL, NULL, NULL, NULL),
(19, 'S', 46, 83, 1, '2018-03-25 16:52:12', '2018-03-31 23:37:17', NULL, NULL, NULL, NULL),
(20, 'T', 47, 84, 1, '2018-03-25 16:52:17', '2018-03-31 23:37:29', NULL, NULL, NULL, NULL),
(21, 'U', 48, 85, 1, '2018-03-25 16:52:21', '2018-03-31 23:37:49', NULL, NULL, NULL, NULL),
(22, 'V', 49, 86, 1, '2018-03-25 16:52:31', '2018-03-31 23:38:03', NULL, NULL, NULL, NULL),
(23, 'X', 26, 88, 1, '2018-03-25 16:52:37', '2018-03-31 23:38:41', NULL, NULL, NULL, NULL),
(24, 'Y', 50, 89, 1, '2018-03-25 16:52:42', '2018-03-31 23:38:55', NULL, NULL, NULL, NULL),
(25, 'Z', 8, NULL, 1, '2018-03-25 16:52:47', '2018-03-26 03:16:54', '2018-03-26 03:16:54', NULL, NULL, NULL),
(26, 'Z', 32, 90, 1, '2018-03-26 03:17:18', '2018-03-31 23:39:14', NULL, 'kategori berawal huruf Z', 'kategori descripsi berawal huruf Z', 'z'),
(27, 'W', 55, 87, 1, '2018-03-28 14:42:17', '2018-03-31 23:39:33', NULL, 'Kategori berdasarkan huruf W', 'Kategori berdasarkan huruf W', 'w,kategori w,berhuruf w,berawal w,berabjad w');

-- --------------------------------------------------------

--
-- Table structure for table `comments`
--

CREATE TABLE `comments` (
  `id` int(10) UNSIGNED NOT NULL,
  `user_id` int(11) NOT NULL,
  `food_id` int(11) NOT NULL,
  `title` varchar(191) COLLATE utf8mb4_unicode_ci NOT NULL,
  `rating` varchar(191) COLLATE utf8mb4_unicode_ci NOT NULL,
  `text` text COLLATE utf8mb4_unicode_ci NOT NULL,
  `status` varchar(191) COLLATE utf8mb4_unicode_ci NOT NULL,
  `created_at` timestamp NULL DEFAULT NULL,
  `updated_at` timestamp NULL DEFAULT NULL,
  `deleted_at` timestamp NULL DEFAULT NULL
) ENGINE=InnoDB DEFAULT CHARSET=utf8mb4 COLLATE=utf8mb4_unicode_ci;

--
-- Dumping data for table `comments`
--

INSERT INTO `comments` (`id`, `user_id`, `food_id`, `title`, `rating`, `text`, `status`, `created_at`, `updated_at`, `deleted_at`) VALUES
(1, 1, 1, 'Surabi Bingnung Keju Ena banget', '5', 'murah meriah euy tempat nongkrong enak', 'publish', '2018-03-26 04:14:55', '2018-04-05 00:18:00', '2018-04-05 00:18:00'),
(2, 1, 2, 'Coffe Hitam kopi tofee', '3', 'harga menentukan kualitas mantap', 'publish', '2018-03-26 04:15:34', '2018-04-02 13:55:35', '2018-04-02 13:55:35'),
(3, 1, 3, 'Rekomended', '5', 'Steaknya besar banget', 'publish', '2018-03-26 04:15:54', '2018-04-01 17:31:42', '2018-04-01 17:31:42'),
(4, 1, 4, 'Kopi rekomended', '5', 'Kopi hitam pas di celup gorengan', 'publish', '2018-03-26 04:16:15', '2018-04-01 17:21:35', '2018-04-01 17:21:35'),
(5, 1, 3, 'Default title', '3', 'makanan paling enak sedunia abuba steak', 'publish', '2018-03-26 04:41:21', '2018-04-01 17:31:42', '2018-04-01 17:31:42'),
(6, 1, 3, 'Default title', '3', 'makanan rekomendasi sekali pak. tapi ga enak', 'publish', '2018-03-26 04:45:18', '2018-04-01 17:31:42', '2018-04-01 17:31:42'),
(7, 9, 1, 'Default title', '3', 'tester Komen dengan akun facebook www.genjer.com', 'publish', '2018-03-26 19:31:25', '2018-04-05 00:18:00', '2018-04-05 00:18:00'),
(8, 9, 1, 'Default title', '3', 'testing komment dengan tanpa image', 'publish', '2018-03-26 19:33:58', '2018-04-05 00:18:00', '2018-04-05 00:18:00'),
(9, 9, 1, 'Default title', '3', 'saya komentar dengan multiple image', 'publish', '2018-03-26 19:40:38', '2018-04-05 00:18:00', '2018-04-05 00:18:00'),
(10, 10, 4, 'Default title', '3', 'kopi brengos', 'publish', '2018-03-26 21:37:51', '2018-04-01 17:21:35', '2018-04-01 17:21:35'),
(11, 10, 4, 'Default title', '5', 'test', 'publish', '2018-03-26 21:39:46', '2018-04-01 17:21:35', '2018-04-01 17:21:35'),
(12, 10, 4, 'Default title', '3', 'test', 'publish', '2018-03-26 21:52:13', '2018-04-01 17:21:35', '2018-04-01 17:21:35');
INSERT INTO `comments` (`id`, `user_id`, `food_id`, `title`, `rating`, `text`, `status`, `created_at`, `updated_at`, `deleted_at`) VALUES
(13, 10, 4, 'Default title', '3', '012345678901234567890123456789012345678901234567890123456789012345678901234567890123456789012345678901234567890123456789012345678901234567890123456789012345678901234567890123456789012345678901234567890123456789012345678901234567890123456789012345678901234567890123456789012345678901234567890123456789012345678901234567890123456789012345678901234567890123456789012345678901234567890123456789012345678901234567890123456789012345678901234567890123456789012345678901234567890123456789012345678901234567890123456789012345678901234567890123456789012345678901234567890123456789012345678901234567890123456789012345678901234567890123456789012345678901234567890123456789012345678901234567890123456789012345678901234567890123456789012345678901234567890123456789012345678901234567890123456789012345678901234567890123456789012345678901234567890123456789012345678901234567890123456789012345678901234567890123456789012345678901234567890123456789012345678901234567890123456789012345678901234567890123456789012345678901234567890123456789012345678901234567890123456789012345678901234567890123456789012345678901234567890123456789012345678901234567890123456789012345678901234567890123456789012345678901234567890123456789012345678901234567890123456789012345678901234567890123456789012345678901234567890123456789012345678901234567890123456789012345678901234567890123456789012345678901234567890123456789012345678901234567890123456789012345678901234567890123456789012345678901234567890123456789012345678901234567890123456789012345678901234567890123456789012345678901234567890123456789012345678901234567890123456789012345678901234567890123456789012345678901234567890123456789012345678901234567890123456789012345678901234567890123456789012345678901234567890123456789012345678901234567890123456789012345678901234567890123456789012345678901234567890123456789012345678901234567890123456789012345678901234567890123456789012345678901234567890123456789012345678901234567890123456789012345678901234567890123456789012345678901234567890123456789012345678901234567890123456789012345678901234567890123456789012345678901234567890123456789012345678901234567890123456789012345678901234567890123456789012345678901234567890123456789012345678901234567890123456789012345678901234567890123456789012345678901234567890123456789012345678901234567890123456789012345678901234567890123456789012345678901234567890123456789012345678901234567890123456789012345678901234567890123456789012345678901234567890123456789012345678901234567890123456789012345678901234567890123456789012345678901234567890123456789012345678901234567890123456789012345678901234567890123456789012345678901234567890123456789012345678901234567890123456789012345678901234567890123456789012345678901234567890123456789012345678901234567890123456789012345678901234567890123456789012345678901234567890123456789012345678901234567890123456789012345678901234567890123456789012345678901234567890123456789012345678901234567890123456789012345678901234567890123456789012345678901234567890123456789012345678901234567890123456789012345678901234567890123456789012345678901234567890123456789012345678901234567890123456789012345678901234567890123456789012345678901234567890123456789012345678901234567890123456789012345678901234567890123456789012345678901234567890123456789012345678901234567890123456789012345678901234567890123456789012345678901234567890123456789012345678901234567890123456789012345678901234567890123456789012345678901234567890123456789012345678901234567890123456789012345678901234567890123456789012345678901234567890123456789012345678901234567890123456789012345678901234567890123456789012345678901234567890123456789012345678901234567890123456789012345678901234567890123456789012345678901234567890123456789012345678901234567890123456789012345678901234567890123456789012345678901234567890123456789012345678901234567890123456789012345678901234567890123456789012345678901234567890123456789012345678901234567890123456789012345678901234567890123456789012345678901234567890123456789012345678901234567890123456789012345678901234567890123456789012345678901234567890123456789012345678901234567890123456789012345678901234567890123456789012345678901234567890123456789012345678901234567890123456789012345678901234567890123456789012345678901234567890123456789012345678901234567890123456789012345678901234567890123456789012345678901234567890123456789012345678901234567890123456789012345678901234567890123456789012345678901234567890123456789012345678901234567890123456789012345678901234567890123456789012345678901234567890123456789012345678901234567890123456789012345678901234567890123456789012345678901234567890123456789012345678901234567890123456789012345678901234567890123456789012345678901234567890123456789012345678901234567890123456789012345678901234567890123456789012345678901234567890123456789012345678901234567890123456789012345678901234567890123456789012345678901234567890123456789012345678901234567890123456789012345678901234567890123456789012345678901234567890123456789012345678901234567890123456789012345678901234567890123456789012345678901234567890123456789012345678901234567890123456789012345678901234567890123456789012345678901234567890123456789012345678901234567890123456789012345678901234567890123456789012345678901234567890123456789012345678901234567890123456789012345678901234567890123456789012345678901234567890123456789012345678901234567890123456789012345678901234567890123456789012345678901234567890123456789012345678901234567890123456789012345678901234567890123456789012345678901234567890123456789012345678901234567890123456789012345678901234567890123456789012345678901234567890123456789012345678901234567890123456789012345678901234567890123456789012345678901234567890123456789012345678901234567890123456789012345678901234567890123456789012345678901234567890123456789012345678901234567890123456789012345678901234567890123456789012345678901234567890123456789012345678901234567890123456789012345678901234567890123456789012345678901234567890123456789012345678901234567890123456789012345678901234567890123456789012345678901234567890123456789012345678901234567890123456789012345678901234567890123456789012345678901234567890123456789012345678901234567890123456789012345678901234567890123456789012345678901234567890123456789012345678901234567890123456789012345678901234567890123456789012345678901234567890123456789012345678901234567890123456789012345678901234567890123456789012345678901234567890123456789012345678901234567890123456789012345678901234567890123456789012345678901234567890123456789012345678901234567890123456789012345678901234567890123456789012345678901234567890123456789012345678901234567890123456789012345678901234567890123456789012345678901234567890123456789012345678901234567890123456789012345678901234567890123456789012345678901234567890123456789012345678901234567890123456789012345678901234567890123456789012345678901234567890123456789012345678901234567890123456789012345678901234567890123456789012345678901234567890123456789012345678901234567890123456789012345678901234567890123456789012345678901234567890123456789012345678901234567890123456789012345678901234567890123456789012345678901234567890123456789012345678901234567890123456789012345678901234567890123456789012345678901234567890123456789012345678901234567890123456789012345678901234567890123456789012345678901234567890123456789012345678901234567890123456789012345678901234567890123456789012345678901234567890123456789012345678901234567890123456789012345678901234567890123456789012345678901234567890123456789012345678901234567890123456789012345678901234567890123456789012345678901234567890123456789012345678901234567890123456789012345678901234567890123456789012345678901234567890123456789012345678901234567890123456789012345678901234567890123456789012345678901234567890123456789012345678901234567890123456789012345678901234567890123456789012345678901234567890123456789012345678901234567890123456789012345678901234567890123456789012345678901234567890123456789012345678901234567890123456789012345678901234567890123456789012345678901234567890123456789012345678901234567890123456789012345678901234567890123456789012345678901234567890123456789012345678901234567890123456789012345678901234567890123456789012345678901234567890123456789012345678901234567890123456789012345678901234567890123456789012345678901234567890123456789012345678901234567890123456789012345678901234567890123456789012345678901234567890123456789012345678901234567890123456789012345678901234567890123456789012345678901234567890123456789012345678901234567890123456789012345678901234567890123456789012345678901234567890123456789012345678901234567890123456789012345678901234567890123456789012345678901234567890123456789012345678901234567890123456789012345678901234567890123456789012345678901234567890123456789012345678901234567890123456789012345678901234567890123456789012345678901234567890123456789012345678901234567890123456789012345678901234567890123456789012345678901234567890123456789012345678901234567890123456789012345678901234567890123456789012345678901234567890123456789012345678901234567890123456789012345678901234567890123456789012345678901234567890123456789012345678901234567890123456789012345678901234567890123456789012345678901234567890123456789012345678901234567890123456789012345678901234567890123456789012345678901234567890123456789012345678901234567890123456789012345678901234567890123456789012345678901234567890123456789012345678901234567890123456789012345678901234567890123456789012345678901234567890123456789012345678901234567890123456789012345678901234567890123456789012345678901234567890123456789012345678901234567890123456789012345678901234567890123456789012345678901234567890123456789012345678901234567890123456789012345678901234567890123456789012345678901234567890123456789012345678901234567890123456789012345678901234567890123456789012345678901234567890123456789012345678901234567890123456789012345678901234567890123456789012345678901234567890123456789012345678901234567890123456789012345678901234567890123456789012345678901234567890123456789012345678901234567890123456789012345678901234567890123456789012345678901234567890123456789012345678901234567890123456789012345678901234567890123456789012345678901234567890123456789012345678901234567890123456789012345678901234567890123456789012345678901234567890123456789012345678901234567890123456789012345678901234567890123456789012345678901234567890123456789012345678901234567890123456789012345678901234567890123456789012345678901234567890123456789012345678901234567890123456789012345678901234567890123456789012345678901234567890123456789012345678901234567890123456789012345678901234567890123456789012345678901234567890123456789012345678901234567890123456789012345678901234567890123456789012345678901234567890123456789012345678901234567890123456789012345678901234567890123456789012345678901234567890123456789012345678901234567890123456789012345678901234567890123456789012345678901234567890123456789012345678901234567890123456789012345678901234567890123456789012345678901234567890123456789012345678901234567890123456789012345678901234567890123456789012345678901234567890123456789012345678901234567890123456789012345678901234567890123456789012345678901234567890123456789012345678901234567890123456789012345678901234567890123456789012345678901234567890123456789012345678901234567890123456789012345678901234567890123456789012345678901234567890123456789012345678901234567890123456789012345678901234567890123456789012345678901234567890123456789012345678901234567890123456789012345678901234567890123456789012345678901234567890123456789012345678901234567890123456789012345678901234567890123456789012345678901234567890123456789012345678901234567890123456789012345678901234567890123456789012345678901234567890123456789012345678901234567890123456789012345678901234567890123456789012345678901234567890123456789012345678901234567890123456789012345678901234567890123456789012345678901234567890123456789012345678901234567890123456789012345678901234567890123456789012345678901234567890123456789012345678901234567890123456789012345678901234567890123456789012345678901234567890123456789012345678901234567890123456789012345678901234567890123456789012345678901234567890123456789012345678901234567890123456789012345678901234567890123456789012345678901234567890123456789012345678901234567890123456789012345678901234567890123456789012345678901234567890123456789012345678901234567890123456789012345678901234567890123456789012345678901234567890123456789012345678901234567890123456789012345678901234567890123456789012345678901234567890123456789012345678901234567890123456789012345678901234567890123456789012345678901234567890123456789012345678901234567890123456789012345678901234567890123456789012345678901234567890123456789012345678901234567890123456789012345678901234567890123456789012345678901234567890123456789012345678901234567890123456789012345678901234567890123456789012345678901234567890123456789012345678901234567890123456789012345678901234567890123456789012345678901234567890123456789012345678901234567890123456789012345678901234567890123456789012345678901234567890123456789012345678901234567890123456789012345678901234567890123456789012345678901234567890123456789012345678901234567890123456789012345678901234567890123456789012345678901234567890123456789012345678901234567890123456789012345678901234567890123456789012345678901234567890123456789012345678901234567890123456789012345678901234567890123456789012345678901234567890123456789012345678901234567890123456789012345678901234567890123456789012345678901234567890123456789012345678901234567890123456789012345678901234567890123456789012345678901234567890123456789012345678901234567890123456789012345678901234567890123456789012345678901234567890123456789012345678901234567890123456789012345678901234567890123456789012345678901234567890123456789012345678901234567890123456789012345678901234567890123456789012345678901234567890123456789012345678901234567890123456789012345678901234567890123456789012345678901234567890123456789012345678901234567890123456789012345678901234567890123456789012345678901234567890123456789012345678901234567890123456789012345678901234567890123456789012345678901234567890123456789012345678901234567890123456789012345678901234567890123456789012345678901234567890123456789012345678901234567890123456789012345678901234567890123456789012345678901234567890123456789012345678901234567890123456789012345678901234567890123456789012345678901234567890123456789012345678901234567890123456789012345678901234567890123456789012345678901234567890123456789012345678901234567890123456789012345678901234567890123456789012345678901234567890123456789012345678901234567890123456789012345678901234567890123456789012345678901234567890123456789012345678901234567890123456789012345678901234567890123456789012345678901234567890123456789012345678901234567890123456789012345678901234567890123456789012345678901234567890123456789012345678901234567890123456789012345678901234567890123456789012345678901234567890123456789012345678901234567890123456789012345678901234567890123456789012345678901234567890123456789012345678901234567890123456789012345678901234567890123456789012345678901234567890123456789012345678901234567890123456789012345678901234567890123456789012345678901234567890123456789012345678901234567890123456789012345678901234567890123456789012345678901234567890123456789012345678901234567890123456789012345678901234567890123456789012345678901234567890123456789012345678901234567890123456789012345678901234567890123456789012345678901234567890123456789012345678901234567890123456789012345678901234567890123456789012345678901234567890123456789012345678901234567890123456789012345678901234567890123456789012345678901234567890123456789012345678901234567890123456789012345678901234567890123456789012345678901234567890123456789012345678901234567890123456789012345678901234567890123456789012345678901234567890123456789012345678901234567890123456789012345678901234567890123456789012345678901234567890123456789012345678901234567890123456789012345678901234567890123456789012345678901234567890123456789012345678901234567890123456789012345678901234567890123456789012345678901234567890123456789012345678901234567890123456789012345678901234567890123456789012345678901234567890123456789012345678901234567890123456789012345678901234567890123456789012345678901234567890123456789012345678901234567890123456789012345678901234567890123456789012345678901234567890123456789012345678901234567890123456789012345678901234567890123456789012345678901234567890123456789012345678901234567890123456789012345678901234567890123456789012345678901234567890123456789012345678901234567890123456789012345678901234567890123456789012345678901234567890123456789012345678901234567890123456789012345678901234567890123456789012345678901234567890123456789012345678901234567890123456789012345678901234567890123456789012345678901234567890123456789012345678901234567890123456789012345678901234567890123456789012345678901234567890123456789012345678901234567890123456789012345678901234567890123456789012345678901234567890123456789012345678901234567890123456789012345678901234567890123456789012345678901234567890123456789012345678901234567890123456789012345678901234567890123456789012345678901234567890123456789012345678901234567890123456789012345678901234567890123456789012345678901234567890123456789012345678901234567890123456789012345678901234567890123456789012345678901234567890123456789012345678901234567890123456789012345678901234567890123456789012345678901234567890123456789012345678901234567890123456789012345678901234567890123456789012345678901234567890123456789012345678901234567890123456789012345678901234567890123456789012345678901234567890123456789012345678901234567890123456789012345678901234567890123456789012345678901234567890123456789012345678901234567890123456789012345678901234567890123456789012345678901234567890123456789012345678901234567890123456789012345678901234567890123456789012345678901234567890123456789012345678901234567890123456789012345678901234567890123456789012345678901234567890123456789012345678901234567890123456789012345678901234567890123456789012345678901234567890123456789012345678901234567890123456789012345678901234567890123456789012345678901234567890123456789012345678901234567890123456789012345678901234567890123456789012345678901234567890123456789012345678901234567890123456789012345678901234567890123456789012345678901234567890123456789012345678901234567890123456789012345678901234567890123456789012345678901234567890123456789012345678901234567890123456789012345678901234567890123456789012345678901234567890123456789012345678901234567890123456789012345678901234567890123456789012345678901234567890123456789012345678901234567890123456789012345678901234567890123456789012345678901234567890123456789012345678901234567890123456789012345678901234567890123456789012345678901234567890123456789012345678901234567890123456789012345678901234567890123456789012345678901234567890123456789012345678901234567890123456789012345678901234567890123456789012345678901234567890123456789012345678901234567890123456789012345678901234567890123456789012345678901234567890123456789012345678901234567890123456789012345678901234567890123456789012345678901234567890123456789012345678901234567890123456789012345678901234567890123456789012345678901234567890123456789012345678901234567890123456789012345678901234567890123456789012345678901234567890123456789012345678901234567890123456789012345678901234567890123456789012345678901234567890123456789012345678901234567890123456789012345678901234567890123456789012345678901234567890123456789012345678901234567890123456789012345678901234567890123456789012345678901234567890123456789012345678901234567890123456789012345678901234567890123456789012345678901234567890123456789012345678901234567890123456789012345678901234567890123456789012345678901234567890123456789012345678901234567890123456789012345678901234567890123456789012345678901234567890123456789012345678901234567890123456789012345678901234567890123456789012345678901234567890123456789012345678901234567890123456789012345678901234567890123456789012345678901234567890123456789012345678901234567890123456789012345678901234567890123456789012345678901234567890123456789012345678901234567890123456789012345678901234567890123456789012345678901234567890123456789012345678901234567890123456789012345678901234567890123456789012345678901234567890123456789012345678901234567890123456789012345678901234567890123456789012345678901234567890123456789012345678901234567890123456789012345678901234567890123456789012345678901234567890123456789012345678901234567890123456789012345678901234567890123456789012345678901234567890123456789012345678901234567890123456789012345678901234567890123456789012345678901234567890123456789012345678901234567890123456789012345678901234567890123456789012345678901234567890123456789012345678901234567890123456789012345678901234567890123456789012345678901234567890123456789012345678901234567890123456789012345678901234567890123456789012345678901234567890123456789012345678901234567890123456789012345678901234567890123456789012345678901234567890123456789012345678901234567890123456789012345678901234567890123456789012345678901234567890123456789012345678901234567890123456789012345678901234567890123456789012345678901234567890123456789012345678901234567890123456789012345678901234567890123456789012345678901234567890123456789012345678901234567890123456789012345678901234567890123456789012345678901234567890123456789012345678901234567890123456789012345678901234567890123456789012345678901234567890123456789012345678901234567890123456789012345678901234567890123456789012345678901234567890123456789012345678901234567890123456789012345678901234567890123456789012345678901234567890123456789012345678901234567890123456789012345678901234567890123456789012345678901234567890123456789012345678901234567890123456789012345678901234567890123456789012345678901234567890123456789012345678901234567890123456789012345678901234567890123456789012345678901234567890123456789012345678901234567890123456789012345678901234567890123456789012345678901234567890123456789012345678901234567890123456789012345678901234567890123456789012345678901234567890123456789012345678901234567890123456789012345678901234567890123456789012345678901234567890123456789012345678901234567890123456789012345678901234567890123456789012345678901234567890123456789012345678901234567890123456789012345678901234567890123456789012345678901234567890123456789012345678901234567890123456789012345678901234567890123456789012345678901234567890123456789012345678901234567890123456789012345678901234567890123456789012345678901234567890123456789012345678901234567890123456789012345678901234567890123456789012345678901234567890123456789012345678901234567890123456789012345678901234567890123456789012345678901234567890123456789012345678901234567890123456789012345678901234567890123456789012345678901234567890123456789012345678901234567890123456789012345678901234567890123456789012345678901234567890123456789012345678901234567890123456789012345678901234567890123456789012345678901234567890123456789012345678901234567890123456789012345678901234567890123456789012345678901234567890123456789012345678901234567890123456789012345678901234567890123456789012345678901234567890123456789012345678901234567890123456789012345678901234567890123456789012345678901234567890123456789012345678901234567890123456789012345678901234567890123456789012345678901234567890123456789012345678901234567890123456789012345678901234567890123456789012345678901234567890123456789012345678901234567890123456789012345678901234567890123456789012345678901234567890123456789012345678901234567890123456789012345678901234567890123456789012345678901234567890123456789012345678901234567890123456789012345678901234567890123456789012345678901234567890123456789012345678901234567890123456789012345678901234567890123456789012345678901234567890123456789012345678901234567890123456789012345678901234567890123456789012345678901234567890123456789012345678901234567890123456789012345678901234567890123456789012345678901234567890123456789012345678901234567890123456789012345678901234567890123456789012345678901234567890123456789012345678901234567890123456789012345678901234567890123456789012345678901234567890123456789012345678901234567890123456789012345678901234567890123456789012345678901234567890123456789012345678901234567890123456789012345678901234567890123456789012345678901234567890123456789012345678901234567890123456789012345678901234567890123456789012345678901234567890123456789012345678901234567890123456789012345678901234567890123456789012345678901234567890123456789012345678901234567890123456789012345678901234567890123456789012345678901234567890123456789012345678901234567890123456789012345678901234567890123456789012345678901234567890123456789012345678901234567890123456789012345678901234567890123456789012345678901234567890123456789012345678901234567890123456789012345678901234567890123456789012345678901234567890123456789012345678901234567890123456789012345678901234567890123456789012345678901234567890123456789012345678901234567890123456789012345678901234567890123456789012345678901234567890123456789012345678901234567890123456789012345678901234567890123456789012345678901234567890123456789012345678901234567890123456789012345678901234567890123456789012345678901234567890123456789012345678901234567890123456789012345678901234567890123456789012345678901234567890123456789012345678901234567890123456789012345678901234567890123456789012345678901234567890123456789012345678901234567890123456789012345678901234567890123456789012345678901234567890123456789012345678901234567890123456789012345678901234567890123456789012345678901234567890123456789012345678901234567890123456789012345678901234567890123456789012345678901234567890123456789012345678901234567890123456789012345678901234567890123456789012345678901234567890123456789012345678901234567890123456789012345678901234567890123456789012345678901234567890123456789012345678901234567890123456789012345678901234567890123456789012345678901234567890123456789012345678901234567890123456789012345678901234567890123456789012345678901234567890123456789012345678901234567890123456789012345678901234567890123456789012345678901234567890123456789012345678901234567890123456789012345678901234567890123456789012345678901234567890123456789012345678901234567890123456789012345678901234567890123456789012345678901234567890123456789012345678901234567890123456789012345678901234567890123456789012345678901234567890123456789012345678901234567890123456789012345678901234567890123456789012345678901234567890123456789012345678901234567890123456789012345678901234567890123456789012345678901234567890123456789012345678901234567890123456789012345678901234567890123456789012345678901234567890123456789012345678901234567890123456789012345678901234567890123456789012345678901234567890123456789012345678901234567890123456789012345678901234567890123456789012345678901234567890123456789012345678901234567890123456789012345678901234567890123456789012345678901234567890123456789012345678901234567890123456789012345678901234567890123456789012345678901234567890123456789012345678901234567890123456789012345678901234567890123456789012345678901234567890123456789012345678901234567890123456789012345678901234567890123456789012345678901234567890123456789012345678901234567890123456789012345678901234567890123456789012345678901234567890123456789012345678901234567890123456789012345678901234567890123456789012345678901234567890123456789012345678901234567890123456789012345678901234567890123456789012345678901234567890123456789012345678901234567890123456789012345678901234567890123456789012345678901234567890123456789012345678901234567890123456789012345678901234567890123456789012345678901234567890123456789012345678901234567890123456789012345678901234567890123456789012345678901234567890123456789012345678901234567890123456789012345678901234567890123456789012345678901234567890123456789012345678901234567890123456789012345678901234567890123456789012345678901234567890123456789012345678901234567890123456789012345678901234567890123456789012345678901234567890123456789012345678901234567890123456789012345678901234567890123456789012345678901234567890123456789012345678901234567890123456789012345678901234567890123456789012345678901234567890123456789012345678901234567890123456789012345678901234567890123456789012345678901234567890123456789012345678901234567890123456789012345678901234567890123456789012345678901234567890123456789012345678901234567890123456789012345678901234567890123456789012345678901234567890123456789012345678901234567890123456789012345678901234567890123456789012345678901234567890123456789012345678901234567890123456789012345678901234567890123456789012345678901234567890123456789012345678901234567890123456789012345678901234567890123456789012345678901234567890123456789012345678901234567890123456789012345678901234567890123456789012345678901234567890123456789012345678901234567890123456789012345678901234567890123456789012345678901234567890123456789012345678901234567890123456789012345678901234567890123456789012345678901234567890123456789012345678901234567890123456789012345678901234567890123456789012345678901234567890123456789012345678901234567890123456789012345678901234567890123456789012345678901234567890123456789012345678901234567890123456789012345678901234567890123456789012345678901234567890123456789012345678901234567890123456789012345678901234567890123456789012345678901234567890123456789012345678901234567890123456789012345678901234567890123456789012345678901234567890123456789012345678901234567890123456789012345678901234567890123456789012345678901234567890123456789012345678901234567890123456789012345678901234567890123456789012345678901234567890123456789012345678901234567890123456789012345678901234567890123456789012345678901234567890123456789012345678901234567890123456789012345678901234567890123456789012345678901234567890123456789012345678901234567890123456789012345678901234567890123456789012345678901234567890123456789012345678901234567890123456789012345678901234567890123456789012345678901234567890123456789012345678901234567890123456789012345678901234567890123456789012345678901234567890123456789012345678901234567890123456789012345678901234567890123456789012345678901234567890123456789012345678901234567890123456789012345678901234567890123456789012345678901234567890123456789012345678901234567890123456789012345678901234567890123456789012345678901234567890123456789012345678901234567890123456789012345678901234567890123456789012345678901234567890123456789012345678901234567890123456789012345678901234567890123456789012345678901234567890123456789012345678901234567890123456789012345678901234567890123456789012345678901234567890123456789012345678901234567890123456789012345678901234567890123456789012345678901234567890123456789012345678901234567890123456789012345678901234567890123456789012345678901234567890123456789012345678901234567890123456789012345678901234567890123456789012345678901234567890123456789012345678901234567890123456789012345678901234567890123456789012345678901234567890123456789012345678901234567890123456789012345678901234567890123456789012345678901234567890123456789012345678901234567890123456789012345678901234567890123456789012345678901234567890123456789012345678901234567890123456789012345678901234567890123456789012345678901234567890123456789012345678901234567890123456789012345678901234567890123456789012345678901234567890123456789012345678901234567890123456789012345678901234567890123456789012345678901234567890123456789012345678901234567890123456789012345678901234567890123456789012345678901234567890123456789012345678901234567890123456789012345678901234567890123456789012345678901234567890123456789012345678901234567890123456789012345678901234567890123456789012345678901234567890123456789012345678901234567890123456789012345678901234567890123456789012345678901234567890123456789012345678901234567890123456789012345678901234567890123456789012345678901234567890123456789012345678901234567890123456789012345678901234567890123456789012345678901234567890123456789012345678901234567890123456789012345678901234567890123456789012345678901234567890123456789012345678901234567890123456789012345678901234567890123456789012345678901234567890123456789012345678901234567890123456789012345678901234567890123456789012345678901234567890123456789012345678901234567890123456789012345678901234567890123456789012345678901234567890123456789012345678901234567890123456789012345678901234567890123456789012345678901234567890123456789012345678901234567890123456789012345678901234567890123456789012345678901234567890123456789012345678901234567890123456789012345678901234567890123456789012345678901234567890123456789012345678901234567890123456789012345678901234567890123456789012345678901234567890123456789012345678901234567890123456789012345678901234567890123456789012345678901234567890123456789012345678901234567890123456789012345678901234567890123456789012345678901234567890123456789012345678901234567890123456789012345678901234567890123456789012345678901234567890123456789012345678901234567890123456789012345678901234567890123456789012345678901234567890123456789012345678901234567890123456789012345678901234567890123456789012345678901234567890123456789012345678901234567890123456789012345678901234567890123456789012345678901234567890123456789012345678901234567890123456789012345678901234567890123456789012345678901234567890123456789012345678901234567890123456789012345678901234567890123456789012345678901234567890123456789012345678901234567890123456789012345678901234567890123456789012345678901234567890123456789012345678901234567890123456789012345678901234567890123456789012345678901234567890123456789012345678901234567890123456789012345678901234567890123456789012345678901234567890123456789012345678901234567890123456789012345678901234567890123456789012345678901234567890123456789012345678901234567890123456789012345678901234567890123456789012345678901234567890123456789012345678901234567890123456789012345678901234567890123456789012345678901234567890123456789012345678901234567890123456789012345678901234567890123456789012345678901234567890123456789012345678901234567890123456789012345678901234567890123456789012345678901234567890123456789012345678901234567890123456789012345678901234567890123456789012345678901234567890123456789012345678901234567890123456789012345678901234567890123456789012345678901234567890123456789012345678901234567890123456789012345678901234567890123456789012345678901234567890123456789012345678901234567890123456789012345678901234567890123456789012345678901234567890123456789012345678901234567890123456789012345678901234567890123456789012345678901234567890123456789012345678901234567890123456789012345678901234567890123456789012345678901234567890123456789012345678901234567890123456789012345678901234567890123456789012345678901234567890123456789012345678901234567890123456789012345678901234567890123456789012345678901234567890123456789012345678901234567890123456789012345678901234567890123456789012345678901234567890123456789012345678901234567890123456789012345678901234567890123456789012345678901234567890123456789012345678901234567890123456789012345678901234567890123456789012345678901234567890123456789012345678901234567890123456789012345678901234567890123456789012345678901234567890123456789012345678901234567890123456789012345678901234567890123456789012345678901234567890123456789012345678901234567890123456789012345678901234567890123456789012345678901234567890123456789012345678901234567890123456789012345678901234567890123456789012345678901234567890123456789012345678901234567890123456789012345678901234567890123456789012345678901234567890123456789012345678901234567890123456789012345678901234567890123456789012345678901234567890123456789012345678901234567890123456789012345678901234567890123456789012345678901234567890123456789012345678901234567890123456789012345678901234567890123456789012345678901234567890123456789012345678901234567890123456789012345678901234567890123456789012345678901234567890123456789012345678901234567890123456789012345678901234567890123456789012345678901234567890123456789012345678901234567890123456789012345678901234567890123456789012345678901234567890123456789012345678901234567890123456789012345678901234567890123456789012345678901234567890123456789012345678901234567890123456789012345678901234567890123456789012345678901234567890123456789012345678901234567890123456789012345678901234567890123456789012345678901234567890123456789012345678901234567890123456789012345678901234567890123456789012345678901234567890123456789012345678901234567890123456789012345678901234567890123456789012345678901234567890123456789012345678901234567890123456789012345678901234567890123456789012345678901234567890123456789012345678901234567890123456789012345678901234567890123456789012345678901234567890123456789012345678901234567890123456789012345678901234567890123456789012345678901234567890123456789012345678901234567890123456789012345678901234567890123456789012345678901234567890123456789012345678901234567890123456789012345678901234567890123456789012345678901234567890123456789012345678901234567890123456789012345678901234567890123456789012345678901234567890123456789012345678901234567890123456789012345678901234567890123456789012345678901234567890123456789012345678901234567890123456789012345678901234567890123456789012345678901234567890123456789012345678901234567890123456789012345678901234567890123456789012345678901234567890123456789012345678901234567890123456789012345678901234567890123456789012345678901234567890123456789012345678901234567890123456789012345678901234567890123456789012345678901234567890123456789012345678901234567890123456789012345678901234567890123456789012345678901234567890123456789012345678901234567890123456789012345678901234567890123456789012345678901234567890123456789012345678901234567890123456789012345678901234567890123456789012345678901234567890123456789012345678901234567890123456789012345678901234567890123456789012345678901234567890123456789012345678901234567890123456789012345678901234567890123456789012345678901234567890123456789012345678901234567890123456789012345678901234567890123456789012345678901234567890123456789012345678901234567890123456789012345678901234567890123456789012345678901234567890123456789012345678901234567890123456789012345678901234567890123456789012345678901234567890123456789012345678901234567890123456789012345678901234567890123456789012345678901234567890123456789012345678901234567890123456789012345678901234567890123456789012345678901234567890123456789012345678901234567890123456789012345678901234567890123456789012345678901234567890123456789012345678901234567890123456789012345678901234567890123456789012345678901234567890123456789012345678901234567890123456789012345678901234567890123456789012345678901234567890123456789012345678901234567890123456789012345678901234567890123456789012345678901234567890123456789012345678901234567890123456789012345678901234567890123456789012345678901234567890123456789012345678901234567890123456789012345678901234567890123456789012345678901234567890123456789012345678901234567890123456789012345678901234567890123456789012345678901234567890123456789012345678901234567890123456789012345678901234567890123456789012345678901234567890123456789012345678901234567890123456789012345678901234567890123456789012345678901234567890123456789012345678901234567890123456789012345678901234567890123456789012345678901234567890123456789012345678901234567890123456789012345678901234567890123456789012345678901234567890123456789012345678901234567890123456789012345678901234567890123456789012345678901234567890123456789012345678901234567890123456789012345678901234567890123456789012345678901234567890123456789012345678901234567890123456789012345678901234567890123456789012345678901234567890123456789012345678901234567890123456789012345678901234567890123456789012345678901234567890123456789012345678901234567890123456789012345678901234567890123456789012345678901234567890123456789012345678901234567890123456789012345678901234567890123456789012345678901234567890123456789012345678901234567890123456789012345678901234567890123456789012345678901234567890123456789012345678901234567890123456789012345678901234567890123456789012345678901234567890123456789012345678901234567890123456789012345678901234567890123456789012345678901234567890123456789012345678901234567890123456789012345678901234567890123456789012345678901234567890123456789012345678901234567890123456789012345678901234567890123456789012345678901234567890123456789012345678901234567890123456789012345678901234567890123456789012345678901234567890123456789012345678901234567890123456789012345678901234567890123456789012345678901234567890123456789012345678901234567890123456789012345678901234567890123456789012345678901234567890123456789012345678901234567890123456789012345678901234567890123456789012345678901234567890123456789012345678901234567890123456789012345678901234567890123456789012345678901234567890123456789012345678901234567890123456789012345678901234567890123456789012345678901234567890123456789012345678901234567890123456789012345678901234567890123456789012345678901234567890123456789012345678901234567890123456789012345678901234567890123456789012345678901234567890123456789012345678901234567890123456789012345678901234567890123456789012345678901234567890123456789012345678901234567890123456789012345678901234567890123456789012345678901234567890123456789012345678901234567890123456789012345678901234567890123456789012345678901234567890123456789012345678901234567890123456789012345678901234567890123456789012345678901234567890123456789012345678901234567890123456789012345678901234567890123456789012345678901234567890123456789012345678901234567890123456789012345678901234567890123456789012345678901234567890123456789012345678901234567890123456789012345678901234567890123456789012345678901234567890123456789012345678901234567890123456789012345678901234567890123456789012345678901234567890123456789012345678901234567890123456789012345678901234567890123456789012345678901234567890123456789012345678901234567890123456789012345678901234567890123456789012345678901234567890123456789012345678901234567890123456789012345678901234567890123456789012345678901234567890123456789012345678901234567890123456789012345678901234567890123456789012345678901234567890123456789012345678901234567890123456789012345678901234567890123456789012345678901234567890123456789012345678901234567890123456789012345678901234567890123456789012345678901234567890123456789012345678901234567890123456789012345678901234567890123456789012345678901234567890123456789012345678901234567890123456789012345678901234567890123456789012345678901234567890123456789012345678901234567890123456789012345678901234567890123456789012345678901234567890123456789012345678901234567890123456789012345678901234567890123456789012345678901234567890123456789012345678901234567890123456789012345678901234567890123456789012345678901234567890123456789012345678901234567890123456789012345678901234567890123456789012345678901234567890123456789012345678901234567890123456789012345678901234567890123456789012345678901234567890123456789012345678901234567890123456789012345678901234567890123456789012345678901234567890123456789012345678901234567890123456789012345678901234567890123456789012345678901234567890123456789012345678901234567890123456789012345678901234567890123456789012345678901234567890123456789012345678901234567890123456789012345678901234567890123456789012345678901234567890123456789012345678901234567890123456789012345678901234567890123456789012345678901234567890123456789012345678901234567890123456789012345678901234567890123456789012345678901234567890123456789012345678901234567890123456789012345678901234567890123456789012345678901234567890123456789012345678901234567890123456789012345678901234567890123456789012345678901234567890123456789012345678901234567890123456789012345678901234567890123456789012345678901234567890123456789012345678901234567890123456789012345678901234567890123456789012345678901234567890123456789012345678901234567890123456789012345678901234567890123456789012345678901234567890123456789012345678901234567890123456789012345678901234567890123456789012345678901234567890123456789012345678901234567890123456789012345678901234567890123456789012345678901234567890123456789012345678901234567890123456789012345678901234567890123456789012345678901234567890123456789012345678901234567890123456789012345678901234567890123456789012345678901234567890123456789012345678901234567890123456789012345678901234567890123456789012345678901234567890123456789012345678901234567890123456789012345678901234567890123456789012345678901234567890123456789012345678901234567890123456789012345678901234567890123456789012345678901234567890123456789012345678901234567890123456789012345678901234567890123456789012345678901234567890123456789012345678901234567890123456789012345678901234567890123456789012345678901234567890123456789012345678901234567890123456789012345678901234567890123456789012345678901234567890123456789012345678901234567890123456789012345678901234567890123456789012345678901234567890123456789012345678901234567890123456789012345678901234567890123456789012345678901234567890123456789012345678901234567890123456789012345678901234567890123456789012345678901234567890123456789012345678901234567890123456789012345678901234567890123456789012345678901234567890123456789012345678901234567890123456789012345678901234567890123456789012345678901234567890123456789012345678901234567890123456789012345678901234567890123456789012345678901234567890123456789012345678901234567890123456789012345678901234567890123456789012345678901234567890123456789012345678901234567890123456789012345678901234567890123456789012345678901234567890123456789012345678901234567890123456789012345678901234567890123456789012345678901234567890123456789012345678901234567890123456789012345678901234567890123456789012345678901234567890123456789012345678901234567890123456789012345678901234567890123456789012345678901234567890123456789012345678901234567890123456789012345678901234567890123456789012345678901234567890123456789012345678901234567890123456789012345678901234567890123456789012345678901234567890123456789012345678901234567890123456789012345678901234567890123456789012345678901234567890123456789012345678901234567890123456789012345678901234567890123456789012345678901234567890123456789012345678901234567890123456789012345678901234567890123456789012345678901234567890123456789012345678901234567890123456789012345678901234567890123456789012345678901234567890123456789012345678901234567890123456789012345678901234567890123456789012345678901234567890123456789012345678901234567890123456789012345678901234567890123456789012345678901234567890123456789012345678901234567890123456789012345678901234567890123456789012345678901234567890123456789012345678901234567890123456789012345678901234567890123456789012345678901234567890123456789012345678901234567890123456789012345678901234567890123456789012345678901234567890123456789012345678901234567890123456789012345678901234567890123456789012345678901234567890123456789012345678901234567890123456789012345678901234567890123456789012345678901234567890123456789012345678901234567890123456789012345678901234567890123456789012345678901234567890123456789012345678901234567890123456789012345678901234567890123456789012345678901234567890123456789012345678901234567890123456789012345678901234567890123456789012345678901234567890123456789012345678901234567890123456789012345678901234567890123456789012345678901234567890123456789012345678901234567890123456789012345678901234567890123456789012345678901234567890123456789012345678901234567890123456789012345678901234567890123456789012345678901234567890123456789012345678901234567890123456789012345678901234567890123456789012345678901234567890123456789012345678901234567890123456789012345678901234567890123456789012345678901234567890123456789012345678901234567890123456789012345678901234567890123456789012345678901234567890123456789012345678901234567890123456789012345678901234567890123456789012345678901234567890123456789012345678901234567890123456789012345678901234567890123456789012345678901234567890123456789012345678901234567890123456789012345678901234567890123456789012345678901234567890123456789012345678901234567890123456789012345678901234567890123456789012345678901234567890123456789012345678901234567890123456789012345678901234567890123456789012345678901234567890123456789012345678901234567890123456789012345678901234567890123456789012345678901234567890123456789012345678901234567890123456789012345678901234567890123456789012345678901234567890123456789012345678901234567890123456789012345678901234567890123456789012345678901234567890123456789012345678901234567890123456789012345678901234567890123456789012345678901234567890123456789012345678901234567890123456789012345678901234567890123456789012345678901234567890123456789012345678901234567890123456789012345678901234567890123456789012345678901234567890123456789012345678901234567890123456789012345678901234567890123456789012345678901234567890123456789012345678901234567890123456789012345678901234567890123456789012345678901234567890123456789012345678901234567890123456789012345678901234567890123456789012345678901234567890123456789012345678901234567890123456789012345678901234567890123456789012345678901234567890123456789012345678901234567890123456789012345678901234567890123456789012345678901234567890123456789012345678901234567890123456789012345678901234567890123456789012345678901234567890123456789012345678901234567890123456789012345678901234567890123456789012345678901234567890123456789012345678901234567890123456789012345678901234567890123456789012345678901234567890123456789012345678901234567890123456789012345678901234567890123456789012345678901234567890123456789012345678901234567890123456789012345678901234567890123456789012345678901234567890123456789012345678901234567890123456789012345678901234567890123456789012345678901234567890123456789012345678901234567890123456789012345678901234567890123456789012345678901234567890123456789012345678901234567890123456789012345678901234567890123456789012345678901234567890123456789012345678901234567890123456789012345678901234567890123456789012345678901234567890123456789012345678901234567890123456789012345678901234567890123456789012345678901234567890123456789012345678901234567890123456789012345678901234567890123456789012345678901234567890123456789012345678901234567890123456789012345678901234567890123456789012345678901234567890123456789012345678901234567890123456789012345678901234567890123456789012345678901234567890123456789012345678901234567890123456789012345678901234567890123456789012345678901234567890123456789012345678901234567890123456789012345678901234567890123456789012345678901234567890123456789012345678901234567890123456789012345678901234567890123456789012345678901234567890123456789012345678901234567890123456789012345678901234567890123456789012345678901234567890123456789012345678901234567890123456789012345678901234567890123456789012345678901234567890123456789012345678901234567890123456789012345678901234567890123456789012345678901234567890123456789012345678901234567890123456789012345678901234567890123456789012345678901234567890123456789012345678901234567890123456789012345678901234567890123456789012345678901234567890123456789012345678901234567890123456789012345678901234567890123456789012345678901234567890123456789012345678901234567890123456789012345678901234567890123456789012345678901234567890123456789012345678901234567890123456789012345678901234567890123456789012345678901234567890123456789012345678901234567890123456789012345678901234567890123456789012345678901234567890123456789012345678901234567890123456789012345678901234567890123456789012345678901234567890123456789012345678901234567890123456789012345678901234567890123456789012345678901234567890123456789012345678901234567890123456789012345678901234567890123456789012345678901234567890123456789012345678901234567890123456789012345678901234567890123456789012345678901234567890123456789012345678901234567890123456789012345678901234567890123456789012345678901234567890123456789012345678901234567890123456789012345678901234567890123456789012345678901234567890123456789012345678901234567890123456789012345678901234567890123456789012345678901234567890123456789012345678901234567890123456789012345678901234567890123456789012345678901234567890123456789012345678901234567890123456789012345678901234567890123456789012345678901234567890123456789012345678901234567890123456789012345678901234567890123456789012345678901234567890123456789012345678901234567890123456789012345678901234567890123456789012345678901234567890123456789012345678901234567890123456789012345678901234567890123456789012345678901234567890123456789012345678901234567890123456789012345678901234567890123456789012345678901234567890123456789012345678901234567890123456789012345678901234567890123456789012345678901234567890123456789012345678901234567890123456789012345678901234567890123456789012345678901234567890123456789012345678901234567890123456789012345678901234567890123456789012345678901234567890123456789012345678901234567890123456789012345678901234567890123456789012345678901234567890123456789012345678901234567890123456789012345678901234567890123456789012345678901234567890123456789012345678901234567890123456789012345678901234567890123456789012345678901234567890123456789012345678901234567890123456789012345678901234567890123456789012345678901234567890123456789012345678901234567890123456789012345678901234567890123456789012345678901234567890123456789012345678901234567890123456789012345678901234567890123456789012345678901234567890123456789012345678901234567890123456789012345678901234567890123456789012345678901234567890123456789012345678901234567890123456789012345678901234567890123456789012345678901234567890123456789012345678901234567890123456789012345678901234567890123456789012345678901234567890123456789012345678901234567890123456789012345678901234567890123456789012345678901234567890123456789012345678901234567890123456789012345678901234567890123456789012345678901234567890123456789012345678901234567890123456789012345678901234567890123456789012345678901234567890123456789012345678901234567890123456789012345678901234567890123456789012345678901234567890123456789012345678901234567890123456789012345678901234567890123456789012345678901234567890123456789012345678901234567890123456789012345678901234567890123456789012345678901234567890123456789012345678901234567890123456789012345678901234567890123456789012345678901234567890123456789012345678901234567890123456789012345678901234567890123456789012345678901234567890123456789012345678901234567890123456789012345678901234567890123456789012345678901234567890123456789012345678901234567890123456789012345678901234567890123456789012345678901234567890123456789012345678901234567890123456789012345678901234567890123456789012345678901234567890123456789012345678901234567890123456789012345678901234567890123456789012345678901234567890123456789012345678901234567890123456789012345678901234567890123456789012345678901234567890123456789012345678901234567890123456789012345678901234567890123456789012345678901234567890123456789012345678901234567890123456789012345678901234567890123456789012345678901234567890123456789012345678901234567890123456789012345678901234567890123456789012345678901234567890123456789012345678901234567890123456789012345678901234567890123456789012345678901234567890123456789012345678901234567890123456789012345678901234567890123456789012345678901234567890123456789012345678901234567890123456789012345678901234567890123456789012345678901234567890123456789012345678901234567890123456789012345678901234567890123456789012345678901234567890123456789012345678901234567890123456789012345678901234567890123456789012345678901234567890123456789012345678901234567890123456789012345678901234567890123456789012345678901234567890123456789012345678901234567890123456789012345678901234567890123456789012345678901234567890123456789012345678901234567890123456789012345678901234567890123456789012345678901234567890123456789012345678901234567890123456789012345678901234567890123456789012345678901234567890123456789012345678901234567890123456789012345678901234567890123456789012345678901234567890123456789012345678901234567890123456789012345678901234567890123456789012345678901234567890123456789012345678901234567890123456789012345678901234567890123456789012345678901234567890123456789012345678901234567890123456789012345678901234567890123456789012345678901234567890123456789012345678901234567890123456789012345678901234567890123456789012345678901234567890123456789012345678901234567890123456789012345678901234567890123456789012345678901234567890123456789012345678901234567890123456789012345678901234567890123456789012345678901234567890123456789012345678901234567890123456789012345678901234567890123456789012345678901234567890123456789012345678901234567890123456789012345678901234567890123456789012345678901234567890123456789012345678901234567890123456789012345678901234567890123456789012345678901234567890123456789012345678901234567890123456789012345678901234567890123456789012345678901234567890123456789012345678901234567890123456789012345678901234567890123456789012345678901234567890123456789012345678901234567890123456789012345678901234567890123456789012345678901234567890123456789012345678901234567890123456789012345678901234567890123456789012345678901234567890123456789012345678901234567890123456789012345678901234567890123456789012345678901234567890123456789012345678901234567890123456789012345678901234567890123456789012345678901234567890123456789012345678901234567890123456789012345678901234567890123456789012345678901234567890123456789012345678901234567890123456789012345678901234567890123456789012345678901234567890123456789012345678901234567890123456789012345678901234567890123456789012345678901234567890123456789012345678901234567890123456789012345678901234567890123456789012345678901234567890123456789012345678901234567890123456789012345678901234567890123456789012345678901234567890123456789012345678901234567890123456789012345678901234567890123456789012345678901234567890123456789012345678901234567890123456789012345678901234567890123456789012345678901234567890123456789012345678901234567890123456789012345678901234567890123456789012345678901234567890123456789012345678901234567890123456789012345678901234567890123456789012345678901234567890123456789012345678901234567890123456789012345678901234567890123456789012345678901234567890123456789012345678901234567890123456789012345678901234567890123456789012345678901234567890123456789012345678901234567890123456789012345678901234567890123456789012345678901234567890123456789012345678901234567890123456789012345678901234567890123456789012345678901234567890123456789012345678901234567890123456789012345678901234567890123456789012345678901234567890123456789012345678901234567890123456789012345678901234567890123456789012345678901234567890123456789012345678901234567890123456789012345678901234567890123456789012345678901234567890123456789012345678901234567890123456789012345678901234567890123456789012345678901234567890123456789012345678901234567890123456789012345678901234567890123456789012345678901234567890123456789012345678901234567890123456789012345678901234567890123456789012345678901234567890123456789012345678901234567890123456789012345678901234567890123456789012345678901234567890123456789012345678901234567890123456789012345678901234567890123456789012345678901234567890123456789012345678901234567890123456789012345678901234567890123456789012345678901234567890123456789012345678901234567890123456789012345678901234567890123456789012345678901234567890123456789012345678901234567890123456789012345678901234567890123456789012345678901234567890123456789012345678901234567890123456789012345678901234567890123456789012345678901234567890123456789012345678901234567890123456789012345678901234567890123456789012345678901234567890123456789012345678901234567890123456789012345678901234567890123456789012345678901234567890123456789012345678901234567890123456789012345678901234567890123456789012345678901234567890123456789012345678901234567890123456789012345678901234567890123456789012345678901234567890123456789012345678901234567890123456789012345678901234567890123456789012345678901234567890123456789012345678901234567890123456789012345678901234567890123456789012345678901234567890123456789012345678901234567890123456789012345678901234567890123456789012345678901234567890123456789012345678901234567890123456789012345678901234567890123456789012345678901234567890123456789012345678901234567890123456789012345678901234567890123456789012345678901234567890123456789012345678901234567890123456789012345678901234567890123456789012345678901234567890123456789012345678901234567890123456789012345678901234567890123456789012345678901234567890123456789012345678901234567890123456789012345678901234567890123456789012345678901234567890123456789012345678901234567890123456789012345678901234567890123456789012345678901234567890123456789012345678901234567890123456789012345678901234567890123456789012345678901234567890123456789012345678901234567890123456789012345678901234567890123456789012345678901234567890123456789012345678901234567890123456789012345678901234567890123456789012345678901234567890123456789012345678901234567890123456789012345678901234567890123456789012345678901234567890123456789012345678901234567890123456789012345678901234567890123456789012345678901234567890123456789012345678901234567890123456789012345678901234567890123456789012345678901234567890123456789012345678901234567890123456789012345678901234567890123456789012345678901234567890123456789012345678901234567890123456789012345678901234567890123456789012345678901234567890123456789012345678901234567890123456789012345678901234567890123456789012345678901234567890123456789012345678901234567890123456789012345678901234567890123456789012345678901234567890123456789012345678901234567890123456789012345678901234567890123456789012345678901234567890123456789012345678901234567890123456789012345678901234567890123456789012345678901234567890123456789012345678901234567890123456789012345678901234567890123456789012345678901234567890123456789012345678901234567890123456789012345678901234567890123456789012345678901234567890123456789012345678901234567890123456789012345678901234567890123456789012345678901234567890123456789012345678901234567890123456789012345678901234567890123456789012345678901234567890123456789012345678901234567890123456789012345678901234567890123456789012345678901234567890123456789012345678901234567890123456789012345678901234567890123456789012345678901234567890123456789012345678901234567890123456789012345678901234567890123456789012345678901234567890123456789012345678901234567890123456789012345678901234567890123456789012345678901234567890123456789012345678901234567890123456789012345678901234567890123456789012345678901234567890123456789012345678901234567890123456789012345678901234567890123456789012345678901234567890123456789012345678901234567890123456789012345678901234567890123456789012345678901234567890123456789012345678901234567890123456789012345678901234567890123456789012345678901234567890123456789012345678901234567890123456789012345678901234567890123456789012345678901234567890123456789012345678901234567890123456789012345678901234567890123456789012345678901234567890123456789012345678901234567890123456789012345678901234567890123456789012345678901234567890123456789012345678901234567890123456789012345678901234567890123456789012345678901234567890123456789012345678901234567890123456789012345678901234567890123456789012345678901234567890123456789012345678901234567890123456789012345678901234567890123456789012345678901234567890123456789012345678901234567890123456789012345678901234567890123456789012345678901234567890123456789012345678901234567890123456789012345678901234567890123456789012345678901234567890123456789012345678901234567890123456789012345678901234567890123456789012345678901234567890123456789012345678901234567890123456789012345678901234567890123456789012345678901234567890123456789012345678901234567890123456789012345678901234567890123456789012345678901234567890123456789012345678901234567890123456789012345678901234567890123456789012345678901234567890123456789012345678901234567890123456789012345678901234567890123456789012345678901234567890123456789012345678901234567890123456789012345678901234567890123456789012345678901234567890123456789012345678901234567890123456789012345678901234567890123456789012345678901234567890123456789012345678901234567890123456789012345678901234567890123456789012345678901234567890123456789012345678901234567890123456789012345678901234567890123456789012345678901234567890123456789012345678901234567890123456789012345678901234567890123456789012345678901234567890123456789012345678901234567890123456789012345678901234567890123456789012345678901234567890123456789012345678901234567890123456789012345678901234567890123456789012345678901234567890123456789012345678901234567890123456789012345678901234567890123456789012345678901234567890123456789012345678901234567890123456789012345678901234567890123456789012345678901234567890123456789012345678901234567890123456789012345678901234567890123456789012345678901234567890123456789012345678901234567890123456789012345678901234567890123456789012345678901234567890123456789012345678901234567890123456789012345678901234567890123456789012345678901234567890123456789012345678901234567890123456789012345678901234567890123456789012345678901234', 'publish', '2018-03-26 21:53:59', '2018-04-01 02:40:25', '2018-04-01 02:40:25');
INSERT INTO `comments` (`id`, `user_id`, `food_id`, `title`, `rating`, `text`, `status`, `created_at`, `updated_at`, `deleted_at`) VALUES
(14, 10, 4, 'Default title', '3', 'Lorem ipsum dolor sit amet, consectetur adipiscing elit, sed do eiusmod tempor incididunt ut labore et dolore magna aliqua.Lorem ipsum dolor sit amet, consectetur adipiscing elit, sed do eiusmod tempor incididunt ut labore et dolore magna aliqua.Lorem ipsum dolor sit amet, consectetur adipiscing elit, sed do eiusmod tempor incididunt ut labore et dolore magna aliqua.Lorem ipsum dolor sit amet, consectetur adipiscing elit, sed do eiusmod tempor incididunt ut labore et dolore magna aliqua.Lorem ipsum dolor sit amet, consectetur adipiscing elit, sed do eiusmod tempor incididunt ut labore et dolore magna aliqua.Lorem ipsum dolor sit amet, consectetur adipiscing elit, sed do eiusmod tempor incididunt ut labore et dolore magna aliqua.Lorem ipsum dolor sit amet, consectetur adipiscing elit, sed do eiusmod tempor incididunt ut labore et dolore magna aliqua.Lorem ipsum dolor sit amet, consectetur adipiscing elit, sed do eiusmod tempor incididunt ut labore et dolore magna aliqua.Lorem ipsum dolor sit amet, consectetur adipiscing elit, sed do eiusmod tempor incididunt ut labore et dolore magna aliqua.Lorem ipsum dolor sit amet, consectetur adipiscing elit, sed do eiusmod tempor incididunt ut labore et dolore magna aliqua.Lorem ipsum dolor sit amet, consectetur adipiscing elit, sed do eiusmod tempor incididunt ut labore et dolore magna aliqua.Lorem ipsum dolor sit amet, consectetur adipiscing elit, sed do eiusmod tempor incididunt ut labore et dolore magna aliqua.Lorem ipsum dolor sit amet, consectetur adipiscing elit, sed do eiusmod tempor incididunt ut labore et dolore magna aliqua.Lorem ipsum dolor sit amet, consectetur adipiscing elit, sed do eiusmod tempor incididunt ut labore et dolore magna aliqua.Lorem ipsum dolor sit amet, consectetur adipiscing elit, sed do eiusmod tempor incididunt ut labore et dolore magna aliqua.Lorem ipsum dolor sit amet, consectetur adipiscing elit, sed do eiusmod tempor incididunt ut labore et dolore magna aliqua.Lorem ipsum dolor sit amet, consectetur adipiscing elit, sed do eiusmod tempor incididunt ut labore et dolore magna aliqua.Lorem ipsum dolor sit amet, consectetur adipiscing elit, sed do eiusmod tempor incididunt ut labore et dolore magna aliqua.Lorem ipsum dolor sit amet, consectetur adipiscing elit, sed do eiusmod tempor incididunt ut labore et dolore magna aliqua.Lorem ipsum dolor sit amet, consectetur adipiscing elit, sed do eiusmod tempor incididunt ut labore et dolore magna aliqua.Lorem ipsum dolor sit amet, consectetur adipiscing elit, sed do eiusmod tempor incididunt ut labore et dolore magna aliqua.Lorem ipsum dolor sit amet, consectetur adipiscing elit, sed do eiusmod tempor incididunt ut labore et dolore magna aliqua.Lorem ipsum dolor sit amet, consectetur adipiscing elit, sed do eiusmod tempor incididunt ut labore et dolore magna aliqua.Lorem ipsum dolor sit amet, consectetur adipiscing elit, sed do eiusmod tempor incididunt ut labore et dolore magna aliqua.Lorem ipsum dolor sit amet, consectetur adipiscing elit, sed do eiusmod tempor incididunt ut labore et dolore magna aliqua.Lorem ipsum dolor sit amet, consectetur adipiscing elit, sed do eiusmod tempor incididunt ut labore et dolore magna aliqua.Lorem ipsum dolor sit amet, consectetur adipiscing elit, sed do eiusmod tempor incididunt ut labore et dolore magna aliqua.Lorem ipsum dolor sit amet, consectetur adipiscing elit, sed do eiusmod tempor incididunt ut labore et dolore magna aliqua.Lorem ipsum dolor sit amet, consectetur adipiscing elit, sed do eiusmod tempor incididunt ut labore et dolore magna aliqua.Lorem ipsum dolor sit amet, consectetur adipiscing elit, sed do eiusmod tempor incididunt ut labore et dolore magna aliqua.Lorem ipsum dolor sit amet, consectetur adipiscing elit, sed do eiusmod tempor incididunt ut labore et dolore magna aliqua.Lorem ipsum dolor sit amet, consectetur adipiscing elit, sed do eiusmod tempor incididunt ut labore et dolore magna aliqua.Lorem ipsum dolor sit amet, consectetur adipiscing elit, sed do eiusmod tempor incididunt ut labore et dolore magna aliqua.Lorem ipsum dolor sit amet, consectetur adipiscing elit, sed do eiusmod tempor incididunt ut labore et dolore magna aliqua.Lorem ipsum dolor sit amet, consectetur adipiscing elit, sed do eiusmod tempor incididunt ut labore et dolore magna aliqua.Lorem ipsum dolor sit amet, consectetur adipiscing elit, sed do eiusmod tempor incididunt ut labore et dolore magna aliqua.Lorem ipsum dolor sit amet, consectetur adipiscing elit, sed do eiusmod tempor incididunt ut labore et dolore magna aliqua.Lorem ipsum dolor sit amet, consectetur adipiscing elit, sed do eiusmod tempor incididunt ut labore et dolore magna aliqua.Lorem ipsum dolor sit amet, consectetur adipiscing elit, sed do eiusmod tempor incididunt ut labore et dolore magna aliqua.Lorem ipsum dolor sit amet, consectetur adipiscing elit, sed do eiusmod tempor incididunt ut labore et dolore magna aliqua.Lorem ipsum dolor sit amet, consectetur adipiscing elit, sed do eiusmod tempor incididunt ut labore et dolore magna aliqua.Lorem ipsum dolor sit amet, consectetur adipiscing elit, sed do eiusmod tempor incididunt ut labore et dolore magna aliqua.Lorem ipsum dolor sit amet, consectetur adipiscing elit, sed do eiusmod tempor incididunt ut labore et dolore magna aliqua.Lorem ipsum dolor sit amet, consectetur adipiscing elit, sed do eiusmod tempor incididunt ut labore et dolore magna aliqua.Lorem ipsum dolor sit amet, consectetur adipiscing elit, sed do eiusmod tempor incididunt ut labore et dolore magna aliqua.Lorem ipsum dolor sit amet, consectetur adipiscing elit, sed do eiusmod tempor incididunt ut labore et dolore magna aliqua.Lorem ipsum dolor sit amet, consectetur adipiscing elit, sed do eiusmod tempor incididunt ut labore et dolore magna aliqua.Lorem ipsum dolor sit amet, consectetur adipiscing elit, sed do eiusmod tempor incididunt ut labore et dolore magna aliqua.Lorem ipsum dolor sit amet, consectetur adipiscing elit, sed do eiusmod tempor incididunt ut labore et dolore magna aliqua.Lorem ipsum dolor sit amet, consectetur adipiscing elit, sed do eiusmod tempor incididunt ut labore et dolore magna aliqua.Lorem ipsum dolor sit amet, consectetur adipiscing elit, sed do eiusmod tempor incididunt ut labore et dolore magna aliqua.Lorem ipsum dolor sit amet, consectetur adipiscing elit, sed do eiusmod tempor incididunt ut labore et dolore magna aliqua.Lorem ipsum dolor sit amet, consectetur adipiscing elit, sed do eiusmod tempor incididunt ut labore et dolore magna aliqua.Lorem ipsum dolor sit amet, consectetur adipiscing elit, sed do eiusmod tempor incididunt ut labore et dolore magna aliqua.Lorem ipsum dolor sit amet, consectetur adipiscing elit, sed do eiusmod tempor incididunt ut labore et dolore magna aliqua.Lorem ipsum dolor sit amet, consectetur adipiscing elit, sed do eiusmod tempor incididunt ut labore et dolore magna aliqua.Lorem ipsum dolor sit amet, consectetur adipiscing elit, sed do eiusmod tempor incididunt ut labore et dolore magna aliqua.Lorem ipsum dolor sit amet, consectetur adipiscing elit, sed do eiusmod tempor incididunt ut labore et dolore magna aliqua.Lorem ipsum dolor sit amet, consectetur adipiscing elit, sed do eiusmod tempor incididunt ut labore et dolore magna aliqua.Lorem ipsum dolor sit amet, consectetur adipiscing elit, sed do eiusmod tempor incididunt ut labore et dolore magna aliqua.Lorem ipsum dolor sit amet, consectetur adipiscing elit, sed do eiusmod tempor incididunt ut labore et dolore magna aliqua.Lorem ipsum dolor sit amet, consectetur adipiscing elit, sed do eiusmod tempor incididunt ut labore et dolore magna aliqua.Lorem ipsum dolor sit amet, consectetur adipiscing elit, sed do eiusmod tempor incididunt ut labore et dolore magna aliqua.Lorem ipsum dolor sit amet, consectetur adipiscing elit, sed do eiusmod tempor incididunt ut labore et dolore magna aliqua.Lorem ipsum dolor sit amet, consectetur adipiscing elit, sed do eiusmod tempor incididunt ut labore et dolore magna aliqua.Lorem ipsum dolor sit amet, consectetur adipiscing elit, sed do eiusmod tempor incididunt ut labore et dolore magna aliqua.Lorem ipsum dolor sit amet, consectetur adipiscing elit, sed do eiusmod tempor incididunt ut labore et dolore magna aliqua.Lorem ipsum dolor sit amet, consectetur adipiscing elit, sed do eiusmod tempor incididunt ut labore et dolore magna aliqua.Lorem ipsum dolor sit amet, consectetur adipiscing elit, sed do eiusmod tempor incididunt ut labore et dolore magna aliqua.Lorem ipsum dolor sit amet, consectetur adipiscing elit, sed do eiusmod tempor incididunt ut labore et dolore magna aliqua.Lorem ipsum dolor sit amet, consectetur adipiscing elit, sed do eiusmod tempor incididunt ut labore et dolore magna aliqua.Lorem ipsum dolor sit amet, consectetur adipiscing elit, sed do eiusmod tempor incididunt ut labore et dolore magna aliqua.Lorem ipsum dolor sit amet, consectetur adipiscing elit, sed do eiusmod tempor incididunt ut labore et dolore magna aliqua.Lorem ipsum dolor sit amet, consectetur adipiscing elit, sed do eiusmod tempor incididunt ut labore et dolore magna aliqua.Lorem ipsum dolor sit amet, consectetur adipiscing elit, sed do eiusmod tempor incididunt ut labore et dolore magna aliqua.Lorem ipsum dolor sit amet, consectetur adipiscing elit, sed do eiusmod tempor incididunt ut labore et dolore magna aliqua.Lorem ipsum dolor sit amet, consectetur adipiscing elit, sed do eiusmod tempor incididunt ut labore et dolore magna aliqua.Lorem ipsum dolor sit amet, consectetur adipiscing elit, sed do eiusmod tempor incididunt ut labore et dolore magna aliqua.Lorem ipsum dolor sit amet, consectetur adipiscing elit, sed do eiusmod tempor incididunt ut labore et dolore magna aliqua.Lorem ipsum dolor sit amet, consectetur adipiscing elit, sed do eiusmod tempor incididunt ut labore et dolore magna aliqua.Lorem ipsum dolor sit amet, consectetur adipiscing elit, sed do eiusmod tempor incididunt ut labore et dolore magna aliqua.Lorem ipsum dolor sit amet, consectetur adipiscing elit, sed do eiusmod tempor incididunt ut labore et dolore magna aliqua.Lorem ipsum dolor sit amet, consectetur adipiscing elit, sed do eiusmod tempor incididunt ut labore et dolore magna aliqua.Lorem ipsum dolor sit amet, consectetur adipiscing elit, sed do eiusmod tempor incididunt ut labore et dolore magna aliqua.Lorem ipsum dolor sit amet, consectetur adipiscing elit, sed do eiusmod tempor incididunt ut labore et dolore magna aliqua.Lorem ipsum dolor sit amet, consectetur adipiscing elit, sed do eiusmod tempor incididunt ut labore et dolore magna aliqua.Lorem ipsum dolor sit amet, consectetur adipiscing elit, sed do eiusmod tempor incididunt ut labore et dolore magna aliqua.Lorem ipsum dolor sit amet, consectetur adipiscing elit, sed do eiusmod tempor incididunt ut labore et dolore magna aliqua.Lorem ipsum dolor sit amet, consectetur adipiscing elit, sed do eiusmod tempor incididunt ut labore et dolore magna aliqua.Lorem ipsum dolor sit amet, consectetur adipiscing elit, sed do eiusmod tempor incididunt ut labore et dolore magna aliqua.Lorem ipsum dolor sit amet, consectetur adipiscing elit, sed do eiusmod tempor incididunt ut labore et dolore magna aliqua.Lorem ipsum dolor sit amet, consectetur adipiscing elit, sed do eiusmod tempor incididunt ut labore et dolore magna aliqua.Lorem ipsum dolor sit amet, consectetur adipiscing elit, sed do eiusmod tempor incididunt ut labore et dolore magna aliqua.Lorem ipsum dolor sit amet, consectetur adipiscing elit, sed do eiusmod tempor incididunt ut labore et dolore magna aliqua.Lorem ipsum dolor sit amet, consectetur adipiscing elit, sed do eiusmod tempor incididunt ut labore et dolore magna aliqua.Lorem ipsum dolor sit amet, consectetur adipiscing elit, sed do eiusmod tempor incididunt ut labore et dolore magna aliqua.Lorem ipsum dolor sit amet, consectetur adipiscing elit, sed do eiusmod tempor incididunt ut labore et dolore magna aliqua.Lorem ipsum dolor sit amet, consectetur adipiscing elit, sed do eiusmod tempor incididunt ut labore et dolore magna aliqua.Lorem ipsum dolor sit amet, consectetur adipiscing elit, sed do eiusmod tempor incididunt ut labore et dolore magna aliqua.Lorem ipsum dolor sit amet, consectetur adipiscing elit, sed do eiusmod tempor incididunt ut labore et dolore magna aliqua.Lorem ipsum dolor sit amet, consectetur adipiscing elit, sed do eiusmod tempor incididunt ut labore et dolore magna aliqua.Lorem ipsum dolor sit amet, consectetur adipiscing elit, sed do eiusmod tempor incididunt ut labore et dolore magna aliqua.Lorem ipsum dolor sit amet, consectetur adipiscing elit, sed do eiusmod tempor incididunt ut labore et dolore magna aliqua.Lorem ipsum dolor sit amet, consectetur adipiscing elit, sed do eiusmod tempor incididunt ut labore et dolore magna aliqua.Lorem ipsum dolor sit amet, consectetur adipiscing elit, sed do eiusmod tempor incididunt ut labore et dolore magna aliqua.Lorem ipsum dolor sit amet, consectetur adipiscing elit, sed do eiusmod tempor incididunt ut labore et dolore magna aliqua.Lorem ipsum dolor sit amet, consectetur adipiscing elit, sed do eiusmod tempor incididunt ut labore et dolore magna aliqua.Lorem ipsum dolor sit amet, consectetur adipiscing elit, sed do eiusmod tempor incididunt ut labore et dolore magna aliqua.Lorem ipsum dolor sit amet, consectetur adipiscing elit, sed do eiusmod tempor incididunt ut labore et dolore magna aliqua.Lorem ipsum dolor sit amet, consectetur adipiscing elit, sed do eiusmod tempor incididunt ut labore et dolore magna aliqua.Lorem ipsum dolor sit amet, consectetur adipiscing elit, sed do eiusmod tempor incididunt ut labore et dolore magna aliqua.Lorem ipsum dolor sit amet, consectetur adipiscing elit, sed do eiusmod tempor incididunt ut labore et dolore magna aliqua.Lorem ipsum dolor sit amet, consectetur adipiscing elit, sed do eiusmod tempor incididunt ut labore et dolore magna aliqua.Lorem ipsum dolor sit amet, consectetur adipiscing elit, sed do eiusmod tempor incididunt ut labore et dolore magna aliqua.Lorem ipsum dolor sit amet, consectetur adipiscing elit, sed do eiusmod tempor incididunt ut labore et dolore magna aliqua.Lorem ipsum dolor sit amet, consectetur adipiscing elit, sed do eiusmod tempor incididunt ut labore et dolore magna aliqua.Lorem ipsum dolor sit amet, consectetur adipiscing elit, sed do eiusmod tempor incididunt ut labore et dolore magna aliqua.Lorem ipsum dolor sit amet, consectetur adipiscing elit, sed do eiusmod tempor incididunt ut labore et dolore magna aliqua.Lorem ipsum dolor sit amet, consectetur adipiscing elit, sed do eiusmod tempor incididunt ut labore et dolore magna aliqua.Lorem ipsum dolor sit amet, consectetur adipiscing elit, sed do eiusmod tempor incididunt ut labore et dolore magna aliqua.Lorem ipsum dolor sit amet, consectetur adipiscing elit, sed do eiusmod tempor incididunt ut labore et dolore magna aliqua.Lorem ipsum dolor sit amet, consectetur adipiscing elit, sed do eiusmod tempor incididunt ut labore et dolore magna aliqua.Lorem ipsum dolor sit amet, consectetur adipiscing elit, sed do eiusmod tempor incididunt ut labore et dolore magna aliqua.Lorem ipsum dolor sit amet, consectetur adipiscing elit, sed do eiusmod tempor incididunt ut labore et dolore magna aliqua.Lorem ipsum dolor sit amet, consectetur adipiscing elit, sed do eiusmod tempor incididunt ut labore et dolore magna aliqua.Lorem ipsum dolor sit amet, consectetur adipiscing elit, sed do eiusmod tempor incididunt ut labore et dolore magna aliqua.Lorem ipsum dolor sit amet, consectetur adipiscing elit, sed do eiusmod tempor incididunt ut labore et dolore magna aliqua.Lorem ipsum dolor sit amet, consectetur adipiscing elit, sed do eiusmod tempor incididunt ut labore et dolore magna aliqua.Lorem ipsum dolor sit amet, consectetur adipiscing elit, sed do eiusmod tempor incididunt ut labore et dolore magna aliqua.Lorem ipsum dolor sit amet, consectetur adipiscing elit, sed do eiusmod tempor incididunt ut labore et dolore magna aliqua.Lorem ipsum dolor sit amet, consectetur adipiscing elit, sed do eiusmod tempor incididunt ut labore et dolore magna aliqua.Lorem ipsum dolor sit amet, consectetur adipiscing elit, sed do eiusmod tempor incididunt ut labore et dolore magna aliqua.Lorem ipsum dolor sit amet, consectetur adipiscing elit, sed do eiusmod tempor incididunt ut labore et dolore magna aliqua.Lorem ipsum dolor sit amet, consectetur adipiscing elit, sed do eiusmod tempor incididunt ut labore et dolore magna aliqua.Lorem ipsum dolor sit amet, consectetur adipiscing elit, sed do eiusmod tempor incididunt ut labore et dolore magna aliqua.Lorem ipsum dolor sit amet, consectetur adipiscing elit, sed do eiusmod tempor incididunt ut labore et dolore magna aliqua.Lorem ipsum dolor sit amet, consectetur adipiscing elit, sed do eiusmod tempor incididunt ut labore et dolore magna aliqua.Lorem ipsum dolor sit amet, consectetur adipiscing elit, sed do eiusmod tempor incididunt ut labore et dolore magna aliqua.Lorem ipsum dolor sit amet, consectetur adipiscing elit, sed do eiusmod tempor incididunt ut labore et dolore magna aliqua.Lorem ipsum dolor sit amet, consectetur adipiscing elit, sed do eiusmod tempor incididunt ut labore et dolore magna aliqua.Lorem ipsum dolor sit amet, consectetur adipiscing elit, sed do eiusmod tempor incididunt ut labore et dolore magna aliqua.Lorem ipsum dolor sit amet, consectetur adipiscing elit, sed do eiusmod tempor incididunt ut labore et dolore magna aliqua.Lorem ipsum dolor sit amet, consectetur adipiscing elit, sed do eiusmod tempor incididunt ut labore et dolore magna aliqua.Lorem ipsum dolor sit amet, consectetur adipiscing elit, sed do eiusmod tempor incididunt ut labore et dolore magna aliqua.Lorem ipsum dolor sit amet, consectetur adipiscing elit, sed do eiusmod tempor incididunt ut labore et dolore magna aliqua.Lorem ipsum dolor sit amet, consectetur adipiscing elit, sed do eiusmod tempor incididunt ut labore et dolore magna aliqua.Lorem ipsum dolor sit amet, consectetur adipiscing elit, sed do eiusmod tempor incididunt ut labore et dolore magna aliqua.Lorem ipsum dolor sit amet, consectetur adipiscing elit, sed do eiusmod tempor incididunt ut labore et dolore magna aliqua.Lorem ipsum dolor sit amet, consectetur adipiscing elit, sed do eiusmod tempor incididunt ut labore et dolore magna aliqua.Lorem ipsum dolor sit amet, consectetur adipiscing elit, sed do eiusmod tempor incididunt ut labore et dolore magna aliqua.Lorem ipsum dolor sit amet, consectetur adipiscing elit, sed do eiusmod tempor incididunt ut labore et dolore magna aliqua.Lorem ipsum dolor sit amet, consectetur adipiscing elit, sed do eiusmod tempor incididunt ut labore et dolore magna aliqua.Lorem ipsum dolor sit amet, consectetur adipiscing elit, sed do eiusmod tempor incididunt ut labore et dolore magna aliqua.Lorem ipsum dolor sit amet, consectetur adipiscing elit, sed do eiusmod tempor incididunt ut labore et dolore magna aliqua.Lorem ipsum dolor sit amet, consectetur adipiscing elit, sed do eiusmod tempor incididunt ut labore et dolore magna aliqua.Lorem ipsum dolor sit amet, consectetur adipiscing elit, sed do eiusmod tempor incididunt ut labore et dolore magna aliqua.Lorem ipsum dolor sit amet, consectetur adipiscing elit, sed do eiusmod tempor incididunt ut labore et dolore magna aliqua.Lorem ipsum dolor sit amet, consectetur adipiscing elit, sed do eiusmod tempor incididunt ut labore et dolore magna aliqua.Lorem ipsum dolor sit amet, consectetur adipiscing elit, sed do eiusmod tempor incididunt ut labore et dolore magna aliqua.Lorem ipsum dolor sit amet, consectetur adipiscing elit, sed do eiusmod tempor incididunt ut labore et dolore magna aliqua.Lorem ipsum dolor sit amet, consectetur adipiscing elit, sed do eiusmod tempor incididunt ut labore et dolore magna aliqua.Lorem ipsum dolor sit amet, consectetur adipiscing elit, sed do eiusmod tempor incididunt ut labore et dolore magna aliqua.Lorem ipsum dolor sit amet, consectetur adipiscing elit, sed do eiusmod tempor incididunt ut labore et dolore magna aliqua.Lorem ipsum dolor sit amet, consectetur adipiscing elit, sed do eiusmod tempor incididunt ut labore et dolore magna aliqua.Lorem ipsum dolor sit amet, consectetur adipiscing elit, sed do eiusmod tempor incididunt ut labore et dolore magna aliqua.Lorem ipsum dolor sit amet, consectetur adipiscing elit, sed do eiusmod tempor incididunt ut labore et dolore magna aliqua.Lorem ipsum dolor sit amet, consectetur adipiscing elit, sed do eiusmod tempor incididunt ut labore et dolore magna aliqua.Lorem ipsum dolor sit amet, consectetur adipiscing elit, sed do eiusmod tempor incididunt ut labore et dolore magna aliqua.Lorem ipsum dolor sit amet, consectetur adipiscing elit, sed do eiusmod tempor incididunt ut labore et dolore magna aliqua.Lorem ipsum dolor sit amet, consectetur adipiscing elit, sed do eiusmod tempor incididunt ut labore et dolore magna aliqua.Lorem ipsum dolor sit amet, consectetur adipiscing elit, sed do eiusmod tempor incididunt ut labore et dolore magna aliqua.Lorem ipsum dolor sit amet, consectetur adipiscing elit, sed do eiusmod tempor incididunt ut labore et dolore magna aliqua.Lorem ipsum dolor sit amet, consectetur adipiscing elit, sed do eiusmod tempor incididunt ut labore et dolore magna aliqua.Lorem ipsum dolor sit amet, consectetur adipiscing elit, sed do eiusmod tempor incididunt ut labore et dolore magna aliqua.Lorem ipsum dolor sit amet, consectetur adipiscing elit, sed do eiusmod tempor incididunt ut labore et dolore magna aliqua.Lorem ipsum dolor sit amet, consectetur adipiscing elit, sed do eiusmod tempor incididunt ut labore et dolore magna aliqua.Lorem ipsum dolor sit amet, consectetur adipiscing elit, sed do eiusmod tempor incididunt ut labore et dolore magna aliqua.Lorem ipsum dolor sit amet, consectetur adipiscing elit, sed do eiusmod tempor incididunt ut labore et dolore magna aliqua.Lorem ipsum dolor sit amet, consectetur adipiscing elit, sed do eiusmod tempor incididunt ut labore et dolore magna aliqua.Lorem ipsum dolor sit amet, consectetur adipiscing elit, sed do eiusmod tempor incididunt ut labore et dolore magna aliqua.Lorem ipsum dolor sit amet, consectetur adipiscing elit, sed do eiusmod tempor incididunt ut labore et dolore magna aliqua.Lorem ipsum dolor sit amet, consectetur adipiscing elit, sed do eiusmod tempor incididunt ut labore et dolore magna aliqua.Lorem ipsum dolor sit amet, consectetur adipiscing elit, sed do eiusmod tempor incididunt ut labore et dolore magna aliqua.Lorem ipsum dolor sit amet, consectetur adipiscing elit, sed do eiusmod tempor incididunt ut labore et dolore magna aliqua.Lorem ipsum dolor sit amet, consectetur adipiscing elit, sed do eiusmod tempor incididunt ut labore et dolore magna aliqua.Lorem ipsum dolor sit amet, consectetur adipiscing elit, sed do eiusmod tempor incididunt ut labore et dolore magna aliqua.Lorem ipsum dolor sit amet, consectetur adipiscing elit, sed do eiusmod tempor incididunt ut labore et dolore magna aliqua.Lorem ipsum dolor sit amet, consectetur adipiscing elit, sed do eiusmod tempor incididunt ut labore et dolore magna aliqua.Lorem ipsum dolor sit amet, consectetur adipiscing elit, sed do eiusmod tempor incididunt ut labore et dolore magna aliqua.Lorem ipsum dolor sit amet, consectetur adipiscing elit, sed do eiusmod tempor incididunt ut labore et dolore magna aliqua.Lorem ipsum dolor sit amet, consectetur adipiscing elit, sed do eiusmod tempor incididunt ut labore et dolore magna aliqua.Lorem ipsum dolor sit amet, consectetur adipiscing elit, sed do eiusmod tempor incididunt ut labore et dolore magna aliqua.Lorem ipsum dolor sit amet, consectetur adipiscing elit, sed do eiusmod tempor incididunt ut labore et dolore magna aliqua.Lorem ipsum dolor sit amet, consectetur adipiscing elit, sed do eiusmod tempor incididunt ut labore et dolore magna aliqua.Lorem ipsum dolor sit amet, consectetur adipiscing elit, sed do eiusmod tempor incididunt ut labore et dolore magna aliqua.Lorem ipsum dolor sit amet, consectetur adipiscing elit, sed do eiusmod tempor incididunt ut labore et dolore magna aliqua.Lorem ipsum dolor sit amet, consectetur adipiscing elit, sed do eiusmod tempor incididunt ut labore et dolore magna aliqua.Lorem ipsum dolor sit amet, consectetur adipiscing elit, sed do eiusmod tempor incididunt ut labore et dolore magna aliqua.Lorem ipsum dolor sit amet, consectetur adipiscing elit, sed do eiusmod tempor incididunt ut labore et dolore magna aliqua.Lorem ipsum dolor sit amet, consectetur adipiscing elit, sed do eiusmod tempor incididunt ut labore et dolore magna aliqua.Lorem ipsum dolor sit amet, consectetur adipiscing elit, sed do eiusmod tempor incididunt ut labore et dolore magna aliqua.Lorem ipsum dolor sit amet, consectetur adipiscing elit, sed do eiusmod tempor incididunt ut labore et dolore magna aliqua.Lorem ipsum dolor sit amet, consectetur adipiscing elit, sed do eiusmod tempor incididunt ut labore et dolore magna aliqua.Lorem ipsum dolor sit amet, consectetur adipiscing elit, sed do eiusmod tempor incididunt ut labore et dolore magna aliqua.Lorem ipsum dolor sit amet, consectetur adipiscing elit, sed do eiusmod tempor incididunt ut labore et dolore magna aliqua.Lorem ipsum dolor sit amet, consectetur adipiscing elit, sed do eiusmod tempor incididunt ut labore et dolore magna aliqua.Lorem ipsum dolor sit amet, consectetur adipiscing elit, sed do eiusmod tempor incididunt ut labore et dolore magna aliqua.Lorem ipsum dolor sit amet, consectetur adipiscing elit, sed do eiusmod tempor incididunt ut labore et dolore magna aliqua.Lorem ipsum dolor sit amet, consectetur adipiscing elit, sed do eiusmod tempor incididunt ut labore et dolore magna aliqua.Lorem ipsum dolor sit amet, consectetur adipiscing elit, sed do eiusmod tempor incididunt ut labore et dolore magna aliqua.Lorem ipsum dolor sit amet, consectetur adipiscing elit, sed do eiusmod tempor incididunt ut labore et dolore magna aliqua.Lorem ipsum dolor sit amet, consectetur adipiscing elit, sed do eiusmod tempor incididunt ut labore et dolore magna aliqua.Lorem ipsum dolor sit amet, consectetur adipiscing elit, sed do eiusmod tempor incididunt ut labore et dolore magna aliqua.Lorem ipsum dolor sit amet, consectetur adipiscing elit, sed do eiusmod tempor incididunt ut labore et dolore magna aliqua.Lorem ipsum dolor sit amet, consectetur adipiscing elit, sed do eiusmod tempor incididunt ut labore et dolore magna aliqua.Lorem ipsum dolor sit amet, consectetur adipiscing elit, sed do eiusmod tempor incididunt ut labore et dolore magna aliqua.Lorem ipsum dolor sit amet, consectetur adipiscing elit, sed do eiusmod tempor incididunt ut labore et dolore magna aliqua.Lorem ipsum dolor sit amet, consectetur adipiscing elit, sed do eiusmod tempor incididunt ut labore et dolore magna aliqua.Lorem ipsum dolor sit amet, consectetur adipiscing elit, sed do eiusmod tempor incididunt ut labore et dolore magna aliqua.Lorem ipsum dolor sit amet, consectetur adipiscing elit, sed do eiusmod tempor incididunt ut labore et dolore magna aliqua.Lorem ipsum dolor sit amet, consectetur adipiscing elit, sed do eiusmod tempor incididunt ut labore et dolore magna aliqua.Lorem ipsum dolor sit amet, consectetur adipiscing elit, sed do eiusmod tempor incididunt ut labore et dolore magna aliqua.Lorem ipsum dolor sit amet, consectetur adipiscing elit, sed do eiusmod tempor incididunt ut labore et dolore magna aliqua.Lorem ipsum dolor sit amet, consectetur adipiscing elit, sed do eiusmod tempor incididunt ut labore et dolore magna aliqua.Lorem ipsum dolor sit amet, consectetur adipiscing elit, sed do eiusmod tempor incididunt ut labore et dolore magna aliqua.Lorem ipsum dolor sit amet, consectetur adipiscing elit, sed do eiusmod tempor incididunt ut labore et dolore magna aliqua.Lorem ipsum dolor sit amet, consectetur adipiscing elit, sed do eiusmod tempor incididunt ut labore et dolore magna aliqua.Lorem ipsum dolor sit amet, consectetur adipiscing elit, sed do eiusmod tempor incididunt ut labore et dolore magna aliqua.Lorem ipsum dolor sit amet, consectetur adipiscing elit, sed do eiusmod tempor incididunt ut labore et dolore magna aliqua.Lorem ipsum dolor sit amet, consectetur adipiscing elit, sed do eiusmod tempor incididunt ut labore et dolore magna aliqua.Lorem ipsum dolor sit amet, consectetur adipiscing elit, sed do eiusmod tempor incididunt ut labore et dolore magna aliqua.Lorem ipsum dolor sit amet, consectetur adipiscing elit, sed do eiusmod tempor incididunt ut labore et dolore magna aliqua.Lorem ipsum dolor sit amet, consectetur adipiscing elit, sed do eiusmod tempor incididunt ut labore et dolore magna aliqua.Lorem ipsum dolor sit amet, consectetur adipiscing elit, sed do eiusmod tempor incididunt ut labore et dolore magna aliqua.Lorem ipsum dolor sit amet, consectetur adipiscing elit, sed do eiusmod tempor incididunt ut labore et dolore magna aliqua.Lorem ipsum dolor sit amet, consectetur adipiscing elit, sed do eiusmod tempor incididunt ut labore et dolore magna aliqua.Lorem ipsum dolor sit amet, consectetur adipiscing elit, sed do eiusmod tempor incididunt ut labore et dolore magna aliqua.Lorem ipsum dolor sit amet, consectetur adipiscing elit, sed do eiusmod tempor incididunt ut labore et dolore magna aliqua.Lorem ipsum dolor sit amet, consectetur adipiscing elit, sed do eiusmod tempor incididunt ut labore et dolore magna aliqua.Lorem ipsum dolor sit amet, consectetur adipiscing elit, sed do eiusmod tempor incididunt ut labore et dolore magna aliqua.Lorem ipsum dolor sit amet, consectetur adipiscing elit, sed do eiusmod tempor incididunt ut labore et dolore magna aliqua.Lorem ipsum dolor sit amet, consectetur adipiscing elit, sed do eiusmod tempor incididunt ut labore et dolore magna aliqua.Lorem ipsum dolor sit amet, consectetur adipiscing elit, sed do eiusmod tempor incididunt ut labore et dolore magna aliqua.Lorem ipsum dolor sit amet, consectetur adipiscing elit, sed do eiusmod tempor incididunt ut labore et dolore magna aliqua.Lorem ipsum dolor sit amet, consectetur adipiscing elit, sed do eiusmod tempor incididunt ut labore et dolore magna aliqua.Lorem ipsum dolor sit amet, consectetur adipiscing elit, sed do eiusmod tempor incididunt ut labore et dolore magna aliqua.Lorem ipsum dolor sit amet, consectetur adipiscing elit, sed do eiusmod tempor incididunt ut labore et dolore magna aliqua.Lorem ipsum dolor sit amet, consectetur adipiscing elit, sed do eiusmod tempor incididunt ut labore et dolore magna aliqua.Lorem ipsum dolor sit amet, consectetur adipiscing elit, sed do eiusmod tempor incididunt ut labore et dolore magna aliqua.Lorem ipsum dolor sit amet, consectetur adipiscing elit, sed do eiusmod tempor incididunt ut labore et dolore magna aliqua.Lorem ipsum dolor sit amet, consectetur adipiscing elit, sed do eiusmod tempor incididunt ut labore et dolore magna aliqua.Lorem ipsum dolor sit amet, consectetur adipiscing elit, sed do eiusmod tempor incididunt ut labore et dolore magna aliqua.Lorem ipsum dolor sit amet, consectetur adipiscing elit, sed do eiusmod tempor incididunt ut labore et dolore magna aliqua.Lorem ipsum dolor sit amet, consectetur adipiscing elit, sed do eiusmod tempor incididunt ut labore et dolore magna aliqua.Lorem ipsum dolor sit amet, consectetur adipiscing elit, sed do eiusmod tempor incididunt ut labore et dolore magna aliqua.Lorem ipsum dolor sit amet, consectetur adipiscing elit, sed do eiusmod tempor incididunt ut labore et dolore magna aliqua.Lorem ipsum dolor sit amet, consectetur adipiscing elit, sed do eiusmod tempor incididunt ut labore et dolore magna aliqua.Lorem ipsum dolor sit amet, consectetur adipiscing elit, sed do eiusmod tempor incididunt ut labore et dolore magna aliqua.Lorem ipsum dolor sit amet, consectetur adipiscing elit, sed do eiusmod tempor incididunt ut labore et dolore magna aliqua.Lorem ipsum dolor sit amet, consectetur adipiscing elit, sed do eiusmod tempor incididunt ut labore et dolore magna aliqua.Lorem ipsum dolor sit amet, consectetur adipiscing elit, sed do eiusmod tempor incididunt ut labore et dolore magna aliqua.Lorem ipsum dolor sit amet, consectetur adipiscing elit, sed do eiusmod tempor incididunt ut labore et dolore magna aliqua.Lorem ipsum dolor sit amet, consectetur adipiscing elit, sed do eiusmod tempor incididunt ut labore et dolore magna aliqua.Lorem ipsum dolor sit amet, consectetur adipiscing elit, sed do eiusmod tempor incididunt ut labore et dolore magna aliqua.Lorem ipsum dolor sit amet, consectetur adipiscing elit, sed do eiusmod tempor incididunt ut labore et dolore magna aliqua.Lorem ipsum dolor sit amet, consectetur adipiscing elit, sed do eiusmod tempor incididunt ut labore et dolore magna aliqua.Lorem ipsum dolor sit amet, consectetur adipiscing', 'publish', '2018-03-26 21:55:47', '2018-04-01 02:40:20', '2018-04-01 02:40:20');
INSERT INTO `comments` (`id`, `user_id`, `food_id`, `title`, `rating`, `text`, `status`, `created_at`, `updated_at`, `deleted_at`) VALUES
(15, 10, 4, 'Default title', '3', 'Lorem ipsum dolor sit amet, consectetur adipiscing elit, sed do eiusmod tempor incididunt ut labore et dolore magna aliqua.Lorem ipsum dolor sit amet, consectetur adipiscing elit, sed do eiusmod tempor incididunt ut labore et dolore magna aliqua.Lorem ipsum dolor sit amet, consectetur adipiscing elit, sed do eiusmod tempor incididunt ut labore et dolore magna aliqua.Lorem ipsum dolor sit amet, consectetur adipiscing elit, sed do eiusmod tempor incididunt ut labore et dolore magna aliqua.Lorem ipsum dolor sit amet, consectetur adipiscing elit, sed do eiusmod tempor incididunt ut labore et dolore magna aliqua.Lorem ipsum dolor sit amet, consectetur adipiscing elit, sed do eiusmod tempor incididunt ut labore et dolore magna aliqua.Lorem ipsum dolor sit amet, consectetur adipiscing elit, sed do eiusmod tempor incididunt ut labore et dolore magna aliqua.Lorem ipsum dolor sit amet, consectetur adipiscing elit, sed do eiusmod tempor incididunt ut labore et dolore magna aliqua.Lorem ipsum dolor sit amet, consectetur adipiscing elit, sed do eiusmod tempor incididunt ut labore et dolore magna aliqua.Lorem ipsum dolor sit amet, consectetur adipiscing elit, sed do eiusmod tempor incididunt ut labore et dolore magna aliqua.Lorem ipsum dolor sit amet, consectetur adipiscing elit, sed do eiusmod tempor incididunt ut labore et dolore magna aliqua.Lorem ipsum dolor sit amet, consectetur adipiscing elit, sed do eiusmod tempor incididunt ut labore et dolore magna aliqua.Lorem ipsum dolor sit amet, consectetur adipiscing elit, sed do eiusmod tempor incididunt ut labore et dolore magna aliqua.Lorem ipsum dolor sit amet, consectetur adipiscing elit, sed do eiusmod tempor incididunt ut labore et dolore magna aliqua.Lorem ipsum dolor sit amet, consectetur adipiscing elit, sed do eiusmod tempor incididunt ut labore et dolore magna aliqua.Lorem ipsum dolor sit amet, consectetur adipiscing elit, sed do eiusmod tempor incididunt ut labore et dolore magna aliqua.Lorem ipsum dolor sit amet, consectetur adipiscing elit, sed do eiusmod tempor incididunt ut labore et dolore magna aliqua.Lorem ipsum dolor sit amet, consectetur adipiscing elit, sed do eiusmod tempor incididunt ut labore et dolore magna aliqua.Lorem ipsum dolor sit amet, consectetur adipiscing elit, sed do eiusmod tempor incididunt ut labore et dolore magna aliqua.Lorem ipsum dolor sit amet, consectetur adipiscing elit, sed do eiusmod tempor incididunt ut labore et dolore magna aliqua.Lorem ipsum dolor sit amet, consectetur adipiscing elit, sed do eiusmod tempor incididunt ut labore et dolore magna aliqua.Lorem ipsum dolor sit amet, consectetur adipiscing elit, sed do eiusmod tempor incididunt ut labore et dolore magna aliqua.Lorem ipsum dolor sit amet, consectetur adipiscing elit, sed do eiusmod tempor incididunt ut labore et dolore magna aliqua.Lorem ipsum dolor sit amet, consectetur adipiscing elit, sed do eiusmod tempor incididunt ut labore et dolore magna aliqua.Lorem ipsum dolor sit amet, consectetur adipiscing elit, sed do eiusmod tempor incididunt ut labore et dolore magna aliqua.Lorem ipsum dolor sit amet, consectetur adipiscing elit, sed do eiusmod tempor incididunt ut labore et dolore magna aliqua.Lorem ipsum dolor sit amet, consectetur adipiscing elit, sed do eiusmod tempor incididunt ut labore et dolore magna aliqua.Lorem ipsum dolor sit amet, consectetur adipiscing elit, sed do eiusmod tempor incididunt ut labore et dolore magna aliqua.Lorem ipsum dolor sit amet, consectetur adipiscing elit, sed do eiusmod tempor incididunt ut labore et dolore magna aliqua.Lorem ipsum dolor sit amet, consectetur adipiscing elit, sed do eiusmod tempor incididunt ut labore et dolore magna aliqua.Lorem ipsum dolor sit amet, consectetur adipiscing elit, sed do eiusmod tempor incididunt ut labore et dolore magna aliqua.Lorem ipsum dolor sit amet, consectetur adipiscing elit, sed do eiusmod tempor incididunt ut labore et dolore magna aliqua.Lorem ipsum dolor sit amet, consectetur adipiscing elit, sed do eiusmod tempor incididunt ut labore et dolore magna aliqua.Lorem ipsum dolor sit amet, consectetur adipiscing elit, sed do eiusmod tempor incididunt ut labore et dolore magna aliqua.Lorem ipsum dolor sit amet, consectetur adipiscing elit, sed do eiusmod tempor incididunt ut labore et dolore magna aliqua.Lorem ipsum dolor sit amet, consectetur adipiscing elit, sed do eiusmod tempor incididunt ut labore et dolore magna aliqua.Lorem ipsum dolor sit amet, consectetur adipiscing elit, sed do eiusmod tempor incididunt ut labore et dolore magna aliqua.Lorem ipsum dolor sit amet, consectetur adipiscing elit, sed do eiusmod tempor incididunt ut labore et dolore magna aliqua.Lorem ipsum dolor sit amet, consectetur adipiscing elit, sed do eiusmod tempor incididunt ut labore et dolore magna aliqua.Lorem ipsum dolor sit amet, consectetur adipiscing elit, sed do eiusmod tempor incididunt ut labore et dolore magna aliqua.Lorem ipsum dolor sit amet, consectetur adipiscing elit, sed do eiusmod tempor incididunt ut labore et dolore magna aliqua.Lorem ipsum dolor sit amet, consectetur adipiscing elit, sed do eiusmod tempor incididunt ut labore et dolore magna aliqua.Lorem ipsum dolor sit amet, consectetur adipiscing elit, sed do eiusmod tempor incididunt ut labore et dolore magna aliqua.Lorem ipsum dolor sit amet, consectetur adipiscing elit, sed do eiusmod tempor incididunt ut labore et dolore magna aliqua.Lorem ipsum dolor sit amet, consectetur adipiscing elit, sed do eiusmod tempor incididunt ut labore et dolore magna aliqua.Lorem ipsum dolor sit amet, consectetur adipiscing elit, sed do eiusmod tempor incididunt ut labore et dolore magna aliqua.Lorem ipsum dolor sit amet, consectetur adipiscing elit, sed do eiusmod tempor incididunt ut labore et dolore magna aliqua.Lorem ipsum dolor sit amet, consectetur adipiscing elit, sed do eiusmod tempor incididunt ut labore et dolore magna aliqua.Lorem ipsum dolor sit amet, consectetur adipiscing elit, sed do eiusmod tempor incididunt ut labore et dolore magna aliqua.Lorem ipsum dolor sit amet, consectetur adipiscing elit, sed do eiusmod tempor incididunt ut labore et dolore magna aliqua.Lorem ipsum dolor sit amet, consectetur adipiscing elit, sed do eiusmod tempor incididunt ut labore et dolore magna aliqua.Lorem ipsum dolor sit amet, consectetur adipiscing elit, sed do eiusmod tempor incididunt ut labore et dolore magna aliqua.Lorem ipsum dolor sit amet, consectetur adipiscing elit, sed do eiusmod tempor incididunt ut labore et dolore magna aliqua.Lorem ipsum dolor sit amet, consectetur adipiscing elit, sed do eiusmod tempor incididunt ut labore et dolore magna aliqua.Lorem ipsum dolor sit amet, consectetur adipiscing elit, sed do eiusmod tempor incididunt ut labore et dolore magna aliqua.Lorem ipsum dolor sit amet, consectetur adipiscing elit, sed do eiusmod tempor incididunt ut labore et dolore magna aliqua.Lorem ipsum dolor sit amet, consectetur adipiscing elit, sed do eiusmod tempor incididunt ut labore et dolore magna aliqua.Lorem ipsum dolor sit amet, consectetur adipiscing elit, sed do eiusmod tempor incididunt ut labore et dolore magna aliqua.Lorem ipsum dolor sit amet, consectetur adipiscing elit, sed do eiusmod tempor incididunt ut labore et dolore magna aliqua.Lorem ipsum dolor sit amet, consectetur adipiscing elit, sed do eiusmod tempor incididunt ut labore et dolore magna aliqua.Lorem ipsum dolor sit amet, consectetur adipiscing elit, sed do eiusmod tempor incididunt ut labore et dolore magna aliqua.Lorem ipsum dolor sit amet, consectetur adipiscing elit, sed do eiusmod tempor incididunt ut labore et dolore magna aliqua.Lorem ipsum dolor sit amet, consectetur adipiscing elit, sed do eiusmod tempor incididunt ut labore et dolore magna aliqua.Lorem ipsum dolor sit amet, consectetur adipiscing elit, sed do eiusmod tempor incididunt ut labore et dolore magna aliqua.Lorem ipsum dolor sit amet, consectetur adipiscing elit, sed do eiusmod tempor incididunt ut labore et dolore magna aliqua.Lorem ipsum dolor sit amet, consectetur adipiscing elit, sed do eiusmod tempor incididunt ut labore et dolore magna aliqua.Lorem ipsum dolor sit amet, consectetur adipiscing elit, sed do eiusmod tempor incididunt ut labore et dolore magna aliqua.Lorem ipsum dolor sit amet, consectetur adipiscing elit, sed do eiusmod tempor incididunt ut labore et dolore magna aliqua.Lorem ipsum dolor sit amet, consectetur adipiscing elit, sed do eiusmod tempor incididunt ut labore et dolore magna aliqua.Lorem ipsum dolor sit amet, consectetur adipiscing elit, sed do eiusmod tempor incididunt ut labore et dolore magna aliqua.Lorem ipsum dolor sit amet, consectetur adipiscing elit, sed do eiusmod tempor incididunt ut labore et dolore magna aliqua.Lorem ipsum dolor sit amet, consectetur adipiscing elit, sed do eiusmod tempor incididunt ut labore et dolore magna aliqua.Lorem ipsum dolor sit amet, consectetur adipiscing elit, sed do eiusmod tempor incididunt ut labore et dolore magna aliqua.Lorem ipsum dolor sit amet, consectetur adipiscing elit, sed do eiusmod tempor incididunt ut labore et dolore magna aliqua.Lorem ipsum dolor sit amet, consectetur adipiscing elit, sed do eiusmod tempor incididunt ut labore et dolore magna aliqua.Lorem ipsum dolor sit amet, consectetur adipiscing elit, sed do eiusmod tempor incididunt ut labore et dolore magna aliqua.Lorem ipsum dolor sit amet, consectetur adipiscing elit, sed do eiusmod tempor incididunt ut labore et dolore magna aliqua.Lorem ipsum dolor sit amet, consectetur adipiscing elit, sed do eiusmod tempor incididunt ut labore et dolore magna aliqua.Lorem ipsum dolor sit amet, consectetur adipiscing elit, sed do eiusmod tempor incididunt ut labore et dolore magna aliqua.Lorem ipsum dolor sit amet, consectetur adipiscing elit, sed do eiusmod tempor incididunt ut labore et dolore magna aliqua.Lorem ipsum dolor sit amet, consectetur adipiscing elit, sed do eiusmod tempor incididunt ut labore et dolore magna aliqua.Lorem ipsum dolor sit amet, consectetur adipiscing elit, sed do eiusmod tempor incididunt ut labore et dolore magna aliqua.Lorem ipsum dolor sit amet, consectetur adipiscing elit, sed do eiusmod tempor incididunt ut labore et dolore magna aliqua.Lorem ipsum dolor sit amet, consectetur adipiscing elit, sed do eiusmod tempor incididunt ut labore et dolore magna aliqua.Lorem ipsum dolor sit amet, consectetur adipiscing elit, sed do eiusmod tempor incididunt ut labore et dolore magna aliqua.Lorem ipsum dolor sit amet, consectetur adipiscing elit, sed do eiusmod tempor incididunt ut labore et dolore magna aliqua.Lorem ipsum dolor sit amet, consectetur adipiscing elit, sed do eiusmod tempor incididunt ut labore et dolore magna aliqua.Lorem ipsum dolor sit amet, consectetur adipiscing elit, sed do eiusmod tempor incididunt ut labore et dolore magna aliqua.Lorem ipsum dolor sit amet, consectetur adipiscing elit, sed do eiusmod tempor incididunt ut labore et dolore magna aliqua.Lorem ipsum dolor sit amet, consectetur adipiscing elit, sed do eiusmod tempor incididunt ut labore et dolore magna aliqua.Lorem ipsum dolor sit amet, consectetur adipiscing elit, sed do eiusmod tempor incididunt ut labore et dolore magna aliqua.Lorem ipsum dolor sit amet, consectetur adipiscing elit, sed do eiusmod tempor incididunt ut labore et dolore magna aliqua.Lorem ipsum dolor sit amet, consectetur adipiscing elit, sed do eiusmod tempor incididunt ut labore et dolore magna aliqua.Lorem ipsum dolor sit amet, consectetur adipiscing elit, sed do eiusmod tempor incididunt ut labore et dolore magna aliqua.Lorem ipsum dolor sit amet, consectetur adipiscing elit, sed do eiusmod tempor incididunt ut labore et dolore magna aliqua.Lorem ipsum dolor sit amet, consectetur adipiscing elit, sed do eiusmod tempor incididunt ut labore et dolore magna aliqua.Lorem ipsum dolor sit amet, consectetur adipiscing elit, sed do eiusmod tempor incididunt ut labore et dolore magna aliqua.Lorem ipsum dolor sit amet, consectetur adipiscing elit, sed do eiusmod tempor incididunt ut labore et dolore magna aliqua.Lorem ipsum dolor sit amet, consectetur adipiscing elit, sed do eiusmod tempor incididunt ut labore et dolore magna aliqua.Lorem ipsum dolor sit amet, consectetur adipiscing elit, sed do eiusmod tempor incididunt ut labore et dolore magna aliqua.Lorem ipsum dolor sit amet, consectetur adipiscing elit, sed do eiusmod tempor incididunt ut labore et dolore magna aliqua.Lorem ipsum dolor sit amet, consectetur adipiscing elit, sed do eiusmod tempor incididunt ut labore et dolore magna aliqua.Lorem ipsum dolor sit amet, consectetur adipiscing elit, sed do eiusmod tempor incididunt ut labore et dolore magna aliqua.Lorem ipsum dolor sit amet, consectetur adipiscing elit, sed do eiusmod tempor incididunt ut labore et dolore magna aliqua.Lorem ipsum dolor sit amet, consectetur adipiscing elit, sed do eiusmod tempor incididunt ut labore et dolore magna aliqua.Lorem ipsum dolor sit amet, consectetur adipiscing elit, sed do eiusmod tempor incididunt ut labore et dolore magna aliqua.Lorem ipsum dolor sit amet, consectetur adipiscing elit, sed do eiusmod tempor incididunt ut labore et dolore magna aliqua.Lorem ipsum dolor sit amet, consectetur adipiscing elit, sed do eiusmod tempor incididunt ut labore et dolore magna aliqua.Lorem ipsum dolor sit amet, consectetur adipiscing elit, sed do eiusmod tempor incididunt ut labore et dolore magna aliqua.Lorem ipsum dolor sit amet, consectetur adipiscing elit, sed do eiusmod tempor incididunt ut labore et dolore magna aliqua.Lorem ipsum dolor sit amet, consectetur adipiscing elit, sed do eiusmod tempor incididunt ut labore et dolore magna aliqua.Lorem ipsum dolor sit amet, consectetur adipiscing elit, sed do eiusmod tempor incididunt ut labore et dolore magna aliqua.Lorem ipsum dolor sit amet, consectetur adipiscing elit, sed do eiusmod tempor incididunt ut labore et dolore magna aliqua.Lorem ipsum dolor sit amet, consectetur adipiscing elit, sed do eiusmod tempor incididunt ut labore et dolore magna aliqua.Lorem ipsum dolor sit amet, consectetur adipiscing elit, sed do eiusmod tempor incididunt ut labore et dolore magna aliqua.Lorem ipsum dolor sit amet, consectetur adipiscing elit, sed do eiusmod tempor incididunt ut labore et dolore magna aliqua.Lorem ipsum dolor sit amet, consectetur adipiscing elit, sed do eiusmod tempor incididunt ut labore et dolore magna aliqua.Lorem ipsum dolor sit amet, consectetur adipiscing elit, sed do eiusmod tempor incididunt ut labore et dolore magna aliqua.Lorem ipsum dolor sit amet, consectetur adipiscing elit, sed do eiusmod tempor incididunt ut labore et dolore magna aliqua.Lorem ipsum dolor sit amet, consectetur adipiscing elit, sed do eiusmod tempor incididunt ut labore et dolore magna aliqua.Lorem ipsum dolor sit amet, consectetur adipiscing elit, sed do eiusmod tempor incididunt ut labore et dolore magna aliqua.Lorem ipsum dolor sit amet, consectetur adipiscing elit, sed do eiusmod tempor incididunt ut labore et dolore magna aliqua.Lorem ipsum dolor sit amet, consectetur adipiscing elit, sed do eiusmod tempor incididunt ut labore et dolore magna aliqua.Lorem ipsum dolor sit amet, consectetur adipiscing elit, sed do eiusmod tempor incididunt ut labore et dolore magna aliqua.Lorem ipsum dolor sit amet, consectetur adipiscing elit, sed do eiusmod tempor incididunt ut labore et dolore magna aliqua.Lorem ipsum dolor sit amet, consectetur adipiscing elit, sed do eiusmod tempor incididunt ut labore et dolore magna aliqua.Lorem ipsum dolor sit amet, consectetur adipiscing elit, sed do eiusmod tempor incididunt ut labore et dolore magna aliqua.Lorem ipsum dolor sit amet, consectetur adipiscing elit, sed do eiusmod tempor incididunt ut labore et dolore magna aliqua.Lorem ipsum dolor sit amet, consectetur adipiscing elit, sed do eiusmod tempor incididunt ut labore et dolore magna aliqua.Lorem ipsum dolor sit amet, consectetur adipiscing elit, sed do eiusmod tempor incididunt ut labore et dolore magna aliqua.Lorem ipsum dolor sit amet, consectetur adipiscing elit, sed do eiusmod tempor incididunt ut labore et dolore magna aliqua.Lorem ipsum dolor sit amet, consectetur adipiscing elit, sed do eiusmod tempor incididunt ut labore et dolore magna aliqua.Lorem ipsum dolor sit amet, consectetur adipiscing elit, sed do eiusmod tempor incididunt ut labore et dolore magna aliqua.Lorem ipsum dolor sit amet, consectetur adipiscing elit, sed do eiusmod tempor incididunt ut labore et dolore magna aliqua.Lorem ipsum dolor sit amet, consectetur adipiscing elit, sed do eiusmod tempor incididunt ut labore et dolore magna aliqua.Lorem ipsum dolor sit amet, consectetur adipiscing elit, sed do eiusmod tempor incididunt ut labore et dolore magna aliqua.Lorem ipsum dolor sit amet, consectetur adipiscing elit, sed do eiusmod tempor incididunt ut labore et dolore magna aliqua.Lorem ipsum dolor sit amet, consectetur adipiscing elit, sed do eiusmod tempor incididunt ut labore et dolore magna aliqua.Lorem ipsum dolor sit amet, consectetur adipiscing elit, sed do eiusmod tempor incididunt ut labore et dolore magna aliqua.Lorem ipsum dolor sit amet, consectetur adipiscing elit, sed do eiusmod tempor incididunt ut labore et dolore magna aliqua.Lorem ipsum dolor sit amet, consectetur adipiscing elit, sed do eiusmod tempor incididunt ut labore et dolore magna aliqua.Lorem ipsum dolor sit amet, consectetur adipiscing elit, sed do eiusmod tempor incididunt ut labore et dolore magna aliqua.Lorem ipsum dolor sit amet, consectetur adipiscing elit, sed do eiusmod tempor incididunt ut labore et dolore magna aliqua.Lorem ipsum dolor sit amet, consectetur adipiscing elit, sed do eiusmod tempor incididunt ut labore et dolore magna aliqua.Lorem ipsum dolor sit amet, consectetur adipiscing elit, sed do eiusmod tempor incididunt ut labore et dolore magna aliqua.Lorem ipsum dolor sit amet, consectetur adipiscing elit, sed do eiusmod tempor incididunt ut labore et dolore magna aliqua.Lorem ipsum dolor sit amet, consectetur adipiscing elit, sed do eiusmod tempor incididunt ut labore et dolore magna aliqua.Lorem ipsum dolor sit amet, consectetur adipiscing elit, sed do eiusmod tempor incididunt ut labore et dolore magna aliqua.Lorem ipsum dolor sit amet, consectetur adipiscing elit, sed do eiusmod tempor incididunt ut labore et dolore magna aliqua.Lorem ipsum dolor sit amet, consectetur adipiscing elit, sed do eiusmod tempor incididunt ut labore et dolore magna aliqua.Lorem ipsum dolor sit amet, consectetur adipiscing elit, sed do eiusmod tempor incididunt ut labore et dolore magna aliqua.Lorem ipsum dolor sit amet, consectetur adipiscing elit, sed do eiusmod tempor incididunt ut labore et dolore magna aliqua.Lorem ipsum dolor sit amet, consectetur adipiscing elit, sed do eiusmod tempor incididunt ut labore et dolore magna aliqua.Lorem ipsum dolor sit amet, consectetur adipiscing elit, sed do eiusmod tempor incididunt ut labore et dolore magna aliqua.Lorem ipsum dolor sit amet, consectetur adipiscing elit, sed do eiusmod tempor incididunt ut labore et dolore magna aliqua.Lorem ipsum dolor sit amet, consectetur adipiscing elit, sed do eiusmod tempor incididunt ut labore et dolore magna aliqua.Lorem ipsum dolor sit amet, consectetur adipiscing elit, sed do eiusmod tempor incididunt ut labore et dolore magna aliqua.Lorem ipsum dolor sit amet, consectetur adipiscing elit, sed do eiusmod tempor incididunt ut labore et dolore magna aliqua.Lorem ipsum dolor sit amet, consectetur adipiscing elit, sed do eiusmod tempor incididunt ut labore et dolore magna aliqua.Lorem ipsum dolor sit amet, consectetur adipiscing elit, sed do eiusmod tempor incididunt ut labore et dolore magna aliqua.Lorem ipsum dolor sit amet, consectetur adipiscing elit, sed do eiusmod tempor incididunt ut labore et dolore magna aliqua.Lorem ipsum dolor sit amet, consectetur adipiscing elit, sed do eiusmod tempor incididunt ut labore et dolore magna aliqua.Lorem ipsum dolor sit amet, consectetur adipiscing elit, sed do eiusmod tempor incididunt ut labore et dolore magna aliqua.Lorem ipsum dolor sit amet, consectetur adipiscing elit, sed do eiusmod tempor incididunt ut labore et dolore magna aliqua.Lorem ipsum dolor sit amet, consectetur adipiscing elit, sed do eiusmod tempor incididunt ut labore et dolore magna aliqua.Lorem ipsum dolor sit amet, consectetur adipiscing elit, sed do eiusmod tempor incididunt ut labore et dolore magna aliqua.Lorem ipsum dolor sit amet, consectetur adipiscing elit, sed do eiusmod tempor incididunt ut labore et dolore magna aliqua.Lorem ipsum dolor sit amet, consectetur adipiscing elit, sed do eiusmod tempor incididunt ut labore et dolore magna aliqua.Lorem ipsum dolor sit amet, consectetur adipiscing elit, sed do eiusmod tempor incididunt ut labore et dolore magna aliqua.Lorem ipsum dolor sit amet, consectetur adipiscing elit, sed do eiusmod tempor incididunt ut labore et dolore magna aliqua.Lorem ipsum dolor sit amet, consectetur adipiscing elit, sed do eiusmod tempor incididunt ut labore et dolore magna aliqua.Lorem ipsum dolor sit amet, consectetur adipiscing elit, sed do eiusmod tempor incididunt ut labore et dolore magna aliqua.Lorem ipsum dolor sit amet, consectetur adipiscing elit, sed do eiusmod tempor incididunt ut labore et dolore magna aliqua.Lorem ipsum dolor sit amet, consectetur adipiscing elit, sed do eiusmod tempor incididunt ut labore et dolore magna aliqua.Lorem ipsum dolor sit amet, consectetur adipiscing elit, sed do eiusmod tempor incididunt ut labore et dolore magna aliqua.Lorem ipsum dolor sit amet, consectetur adipiscing elit, sed do eiusmod tempor incididunt ut labore et dolore magna aliqua.Lorem ipsum dolor sit amet, consectetur adipiscing elit, sed do eiusmod tempor incididunt ut labore et dolore magna aliqua.Lorem ipsum dolor sit amet, consectetur adipiscing elit, sed do eiusmod tempor incididunt ut labore et dolore magna aliqua.Lorem ipsum dolor sit amet, consectetur adipiscing elit, sed do eiusmod tempor incididunt ut labore et dolore magna aliqua.Lorem ipsum dolor sit amet, consectetur adipiscing elit, sed do eiusmod tempor incididunt ut labore et dolore magna aliqua.Lorem ipsum dolor sit amet, consectetur adipiscing elit, sed do eiusmod tempor incididunt ut labore et dolore magna aliqua.Lorem ipsum dolor sit amet, consectetur adipiscing elit, sed do eiusmod tempor incididunt ut labore et dolore magna aliqua.Lorem ipsum dolor sit amet, consectetur adipiscing elit, sed do eiusmod tempor incididunt ut labore et dolore magna aliqua.Lorem ipsum dolor sit amet, consectetur adipiscing elit, sed do eiusmod tempor incididunt ut labore et dolore magna aliqua.Lorem ipsum dolor sit amet, consectetur adipiscing elit, sed do eiusmod tempor incididunt ut labore et dolore magna aliqua.Lorem ipsum dolor sit amet, consectetur adipiscing elit, sed do eiusmod tempor incididunt ut labore et dolore magna aliqua.Lorem ipsum dolor sit amet, consectetur adipiscing elit, sed do eiusmod tempor incididunt ut labore et dolore magna aliqua.Lorem ipsum dolor sit amet, consectetur adipiscing elit, sed do eiusmod tempor incididunt ut labore et dolore magna aliqua.Lorem ipsum dolor sit amet, consectetur adipiscing elit, sed do eiusmod tempor incididunt ut labore et dolore magna aliqua.Lorem ipsum dolor sit amet, consectetur adipiscing elit, sed do eiusmod tempor incididunt ut labore et dolore magna aliqua.Lorem ipsum dolor sit amet, consectetur adipiscing elit, sed do eiusmod tempor incididunt ut labore et dolore magna aliqua.Lorem ipsum dolor sit amet, consectetur adipiscing elit, sed do eiusmod tempor incididunt ut labore et dolore magna aliqua.Lorem ipsum dolor sit amet, consectetur adipiscing elit, sed do eiusmod tempor incididunt ut labore et dolore magna aliqua.Lorem ipsum dolor sit amet, consectetur adipiscing elit, sed do eiusmod tempor incididunt ut labore et dolore magna aliqua.Lorem ipsum dolor sit amet, consectetur adipiscing elit, sed do eiusmod tempor incididunt ut labore et dolore magna aliqua.Lorem ipsum dolor sit amet, consectetur adipiscing elit, sed do eiusmod tempor incididunt ut labore et dolore magna aliqua.Lorem ipsum dolor sit amet, consectetur adipiscing elit, sed do eiusmod tempor incididunt ut labore et dolore magna aliqua.Lorem ipsum dolor sit amet, consectetur adipiscing elit, sed do eiusmod tempor incididunt ut labore et dolore magna aliqua.Lorem ipsum dolor sit amet, consectetur adipiscing elit, sed do eiusmod tempor incididunt ut labore et dolore magna aliqua.Lorem ipsum dolor sit amet, consectetur adipiscing elit, sed do eiusmod tempor incididunt ut labore et dolore magna aliqua.Lorem ipsum dolor sit amet, consectetur adipiscing elit, sed do eiusmod tempor incididunt ut labore et dolore magna aliqua.Lorem ipsum dolor sit amet, consectetur adipiscing elit, sed do eiusmod tempor incididunt ut labore et dolore magna aliqua.Lorem ipsum dolor sit amet, consectetur adipiscing elit, sed do eiusmod tempor incididunt ut labore et dolore magna aliqua.Lorem ipsum dolor sit amet, consectetur adipiscing elit, sed do eiusmod tempor incididunt ut labore et dolore magna aliqua.Lorem ipsum dolor sit amet, consectetur adipiscing elit, sed do eiusmod tempor incididunt ut labore et dolore magna aliqua.Lorem ipsum dolor sit amet, consectetur adipiscing elit, sed do eiusmod tempor incididunt ut labore et dolore magna aliqua.Lorem ipsum dolor sit amet, consectetur adipiscing elit, sed do eiusmod tempor incididunt ut labore et dolore magna aliqua.Lorem ipsum dolor sit amet, consectetur adipiscing elit, sed do eiusmod tempor incididunt ut labore et dolore magna aliqua.Lorem ipsum dolor sit amet, consectetur adipiscing elit, sed do eiusmod tempor incididunt ut labore et dolore magna aliqua.Lorem ipsum dolor sit amet, consectetur adipiscing elit, sed do eiusmod tempor incididunt ut labore et dolore magna aliqua.Lorem ipsum dolor sit amet, consectetur adipiscing elit, sed do eiusmod tempor incididunt ut labore et dolore magna aliqua.Lorem ipsum dolor sit amet, consectetur adipiscing elit, sed do eiusmod tempor incididunt ut labore et dolore magna aliqua.Lorem ipsum dolor sit amet, consectetur adipiscing elit, sed do eiusmod tempor incididunt ut labore et dolore magna aliqua.Lorem ipsum dolor sit amet, consectetur adipiscing elit, sed do eiusmod tempor incididunt ut labore et dolore magna aliqua.Lorem ipsum dolor sit amet, consectetur adipiscing elit, sed do eiusmod tempor incididunt ut labore et dolore magna aliqua.Lorem ipsum dolor sit amet, consectetur adipiscing elit, sed do eiusmod tempor incididunt ut labore et dolore magna aliqua.Lorem ipsum dolor sit amet, consectetur adipiscing elit, sed do eiusmod tempor incididunt ut labore et dolore magna aliqua.Lorem ipsum dolor sit amet, consectetur adipiscing elit, sed do eiusmod tempor incididunt ut labore et dolore magna aliqua.Lorem ipsum dolor sit amet, consectetur adipiscing elit, sed do eiusmod tempor incididunt ut labore et dolore magna aliqua.Lorem ipsum dolor sit amet, consectetur adipiscing elit, sed do eiusmod tempor incididunt ut labore et dolore magna aliqua.Lorem ipsum dolor sit amet, consectetur adipiscing elit, sed do eiusmod tempor incididunt ut labore et dolore magna aliqua.Lorem ipsum dolor sit amet, consectetur adipiscing elit, sed do eiusmod tempor incididunt ut labore et dolore magna aliqua.Lorem ipsum dolor sit amet, consectetur adipiscing elit, sed do eiusmod tempor incididunt ut labore et dolore magna aliqua.Lorem ipsum dolor sit amet, consectetur adipiscing elit, sed do eiusmod tempor incididunt ut labore et dolore magna aliqua.Lorem ipsum dolor sit amet, consectetur adipiscing elit, sed do eiusmod tempor incididunt ut labore et dolore magna aliqua.Lorem ipsum dolor sit amet, consectetur adipiscing elit, sed do eiusmod tempor incididunt ut labore et dolore magna aliqua.Lorem ipsum dolor sit amet, consectetur adipiscing elit, sed do eiusmod tempor incididunt ut labore et dolore magna aliqua.Lorem ipsum dolor sit amet, consectetur adipiscing elit, sed do eiusmod tempor incididunt ut labore et dolore magna aliqua.Lorem ipsum dolor sit amet, consectetur adipiscing elit, sed do eiusmod tempor incididunt ut labore et dolore magna aliqua.Lorem ipsum dolor sit amet, consectetur adipiscing elit, sed do eiusmod tempor incididunt ut labore et dolore magna aliqua.Lorem ipsum dolor sit amet, consectetur adipiscing elit, sed do eiusmod tempor incididunt ut labore et dolore magna aliqua.Lorem ipsum dolor sit amet, consectetur adipiscing elit, sed do eiusmod tempor incididunt ut labore et dolore magna aliqua.Lorem ipsum dolor sit amet, consectetur adipiscing elit, sed do eiusmod tempor incididunt ut labore et dolore magna aliqua.Lorem ipsum dolor sit amet, consectetur adipiscing elit, sed do eiusmod tempor incididunt ut labore et dolore magna aliqua.Lorem ipsum dolor sit amet, consectetur adipiscing elit, sed do eiusmod tempor incididunt ut labore et dolore magna aliqua.Lorem ipsum dolor sit amet, consectetur adipiscing elit, sed do eiusmod tempor incididunt ut labore et dolore magna aliqua.Lorem ipsum dolor sit amet, consectetur adipiscing elit, sed do eiusmod tempor incididunt ut labore et dolore magna aliqua.Lorem ipsum dolor sit amet, consectetur adipiscing elit, sed do eiusmod tempor incididunt ut labore et dolore magna aliqua.Lorem ipsum dolor sit amet, consectetur adipiscing elit, sed do eiusmod tempor incididunt ut labore et dolore magna aliqua.Lorem ipsum dolor sit amet, consectetur adipiscing elit, sed do eiusmod tempor incididunt ut labore et dolore magna aliqua.Lorem ipsum dolor sit amet, consectetur adipiscing elit, sed do eiusmod tempor incididunt ut labore et dolore magna aliqua.Lorem ipsum dolor sit amet, consectetur adipiscing elit, sed do eiusmod tempor incididunt ut labore et dolore magna aliqua.Lorem ipsum dolor sit amet, consectetur adipiscing elit, sed do eiusmod tempor incididunt ut labore et dolore magna aliqua.Lorem ipsum dolor sit amet, consectetur adipiscing elit, sed do eiusmod tempor incididunt ut labore et dolore magna aliqua.Lorem ipsum dolor sit amet, consectetur adipiscing elit, sed do eiusmod tempor incididunt ut labore et dolore magna aliqua.Lorem ipsum dolor sit amet, consectetur adipiscing elit, sed do eiusmod tempor incididunt ut labore et dolore magna aliqua.Lorem ipsum dolor sit amet, consectetur adipiscing elit, sed do eiusmod tempor incididunt ut labore et dolore magna aliqua.Lorem ipsum dolor sit amet, consectetur adipiscing elit, sed do eiusmod tempor incididunt ut labore et dolore magna aliqua.Lorem ipsum dolor sit amet, consectetur adipiscing elit, sed do eiusmod tempor incididunt ut labore et dolore magna aliqua.Lorem ipsum dolor sit amet, consectetur adipiscing elit, sed do eiusmod tempor incididunt ut labore et dolore magna aliqua.Lorem ipsum dolor sit amet, consectetur adipiscing elit, sed do eiusmod tempor incididunt ut labore et dolore magna aliqua.Lorem ipsum dolor sit amet, consectetur adipiscing elit, sed do eiusmod tempor incididunt ut labore et dolore magna aliqua.Lorem ipsum dolor sit amet, consectetur adipiscing elit, sed do eiusmod tempor incididunt ut labore et dolore magna aliqua.Lorem ipsum dolor sit amet, consectetur adipiscing elit, sed do eiusmod tempor incididunt ut labore et dolore magna aliqua.Lorem ipsum dolor sit amet, consectetur adipiscing elit, sed do eiusmod tempor incididunt ut labore et dolore magna aliqua.Lorem ipsum dolor sit amet, consectetur adipiscing elit, sed do eiusmod tempor incididunt ut labore et dolore magna aliqua.Lorem ipsum dolor sit amet, consectetur adipiscing elit, sed do eiusmod tempor incididunt ut labore et dolore magna aliqua.Lorem ipsum dolor sit amet, consectetur adipiscing elit, sed do eiusmod tempor incididunt ut labore et dolore magna aliqua.Lorem ipsum dolor sit amet, consectetur adipiscing elit, sed do eiusmod tempor incididunt ut labore et dolore magna aliqua.Lorem ipsum dolor sit amet, consectetur adipiscing elit, sed do eiusmod tempor incididunt ut labore et dolore magna aliqua.Lorem ipsum dolor sit amet, consectetur adipiscing elit, sed do eiusmod tempor incididunt ut labore et dolore magna aliqua.Lorem ipsum dolor sit amet, consectetur adipiscing elit, sed do eiusmod tempor incididunt ut labore et dolore magna aliqua.Lorem ipsum dolor sit amet, consectetur adipiscing elit, sed do eiusmod tempor incididunt ut labore et dolore magna aliqua.Lorem ipsum dolor sit amet, consectetur adipiscing elit, sed do eiusmod tempor incididunt ut labore et dolore magna aliqua.Lorem ipsum dolor sit amet, consectetur adipiscing elit, sed do eiusmod tempor incididunt ut labore et dolore magna aliqua.Lorem ipsum dolor sit amet, consectetur adipiscing elit, sed do eiusmod tempor incididunt ut labore et dolore magna aliqua.Lorem ipsum dolor sit amet, consectetur adipiscing elit, sed do eiusmod tempor incididunt ut labore et dolore magna aliqua.Lorem ipsum dolor sit amet, consectetur adipiscing elit, sed do eiusmod tempor incididunt ut labore et dolore magna aliqua.Lorem ipsum dolor sit amet, consectetur adipiscing elit, sed do eiusmod tempor incididunt ut labore et dolore magna aliqua.Lorem ipsum dolor sit amet, consectetur adipiscing elit, sed do eiusmod tempor incididunt ut labore et dolore magna aliqua.Lorem ipsum dolor sit amet, consectetur adipiscing elit, sed do eiusmod tempor incididunt ut labore et dolore magna aliqua.Lorem ipsum dolor sit amet, consectetur adipiscing elit, sed do eiusmod tempor incididunt ut labore et dolore magna aliqua.Lorem ipsum dolor sit amet, consectetur adipiscing elit, sed do eiusmod tempor incididunt ut labore et dolore magna aliqua.Lorem ipsum dolor sit amet, consectetur adipiscing elit, sed do eiusmod tempor incididunt ut labore et dolore magna aliqua.Lorem ipsum dolor sit amet, consectetur adipiscing elit, sed do eiusmod tempor incididunt ut labore et dolore magna aliqua.Lorem ipsum dolor sit amet, consectetur adipiscing elit, sed do eiusmod tempor incididunt ut labore et dolore magna aliqua.Lorem ipsum dolor sit amet, consectetur adipiscing elit, sed do eiusmod tempor incididunt ut labore et dolore magna aliqua.Lorem ipsum dolor sit amet, consectetur adipiscing elit, sed do eiusmod tempor incididunt ut labore et dolore magna aliqua.Lorem ipsum dolor sit amet, consectetur adipiscing elit, sed do eiusmod tempor incididunt ut labore et dolore magna aliqua.Lorem ipsum dolor sit amet, consectetur adipiscing elit, sed do eiusmod tempor incididunt ut labore et dolore magna aliqua.Lorem ipsum dolor sit amet, consectetur adipiscing elit, sed do eiusmod tempor incididunt ut labore et dolore magna aliqua.Lorem ipsum dolor sit amet, consectetur adipiscing elit, sed do eiusmod tempor incididunt ut labore et dolore magna aliqua.Lorem ipsum dolor sit amet, consectetur adipiscing elit, sed do eiusmod tempor incididunt ut labore et dolore magna aliqua.Lorem ipsum dolor sit amet, consectetur adipiscing elit, sed do eiusmod tempor incididunt ut labore et dolore magna aliqua.Lorem ipsum dolor sit amet, consectetur adipiscing elit, sed do eiusmod tempor incididunt ut labore et dolore magna aliqua.Lorem ipsum dolor sit amet, consectetur adipiscing elit, sed do eiusmod tempor incididunt ut labore et dolore magna aliqua.Lorem ipsum dolor sit amet, consectetur adipiscing elit, sed do eiusmod tempor incididunt ut labore et dolore magna aliqua.Lorem ipsum dolor sit amet, consectetur adipiscing elit, sed do eiusmod tempor incididunt ut labore et dolore magna aliqua.Lorem ipsum dolor sit amet, consectetur adipiscing elit, sed do eiusmod tempor incididunt ut labore et dolore magna aliqua.Lorem ipsum dolor sit amet, consectetur adipiscing elit, sed do eiusmod tempor incididunt ut labore et dolore magna aliqua.Lorem ipsum dolor sit amet, consectetur adipiscing elit, sed do eiusmod tempor incididunt ut labore et dolore magna aliqua.Lorem ipsum dolor sit amet, consectetur adipiscing elit, sed do eiusmod tempor incididunt ut labore et dolore magna aliqua.Lorem ipsum dolor sit amet, consectetur adipiscing elit, sed do eiusmod tempor incididunt ut labore et dolore magna aliqua.Lorem ipsum dolor sit amet, consectetur adipiscing elit, sed do eiusmod tempor incididunt ut labore et dolore magna aliqua.Lorem ipsum dolor sit amet, consectetur adipiscing elit, sed do eiusmod tempor incididunt ut labore et dolore magna aliqua.Lorem ipsum dolor sit amet, consectetur adipiscing elit, sed do eiusmod tempor incididunt ut labore et dolore magna aliqua.Lorem ipsum dolor sit amet, consectetur adipiscing elit, sed do eiusmod tempor incididunt ut labore et dolore magna aliqua.Lorem ipsum dolor sit amet, consectetur adipiscing elit, sed do eiusmod tempor incididunt ut labore et dolore magna aliqua.Lorem ipsum dolor sit amet, consectetur adipiscing elit, sed do eiusmod tempor incididunt ut labore et dolore magna aliqua.Lorem ipsum dolor sit amet, consectetur adipiscing elit, sed do eiusmod tempor incididunt ut labore et dolore magna aliqua.Lorem ipsum dolor sit amet, consectetur adipiscing elit, sed do eiusmod tempor incididunt ut labore et dolore magna aliqua.Lorem ipsum dolor sit amet, consectetur adipiscing elit, sed do eiusmod tempor incididunt ut labore et dolore magna aliqua.Lorem ipsum dolor sit amet, consectetur adipiscing elit, sed do eiusmod tempor incididunt ut labore et dolore magna aliqua.Lorem ipsum dolor sit amet, consectetur adipiscing elit, sed do eiusmod tempor incididunt ut labore et dolore magna aliqua.Lorem ipsum dolor sit amet, consectetur adipiscing elit, sed do eiusmod tempor incididunt ut labore et dolore magna aliqua.Lorem ipsum dolor sit amet, consectetur adipiscing elit, sed do eiusmod tempor incididunt ut labore et dolore magna aliqua.Lorem ipsum dolor sit amet, consectetur adipiscing elit, sed do eiusmod tempor incididunt ut labore et dolore magna aliqua.Lorem ipsum dolor sit amet, consectetur adipiscing elit, sed do eiusmod tempor incididunt ut labore et dolore magna aliqua.Lorem ipsum dolor sit amet, consectetur adipiscing elit, sed do eiusmod tempor incididunt ut labore et dolore magna aliqua.Lorem ipsum dolor sit amet, consectetur adipiscing elit, sed do eiusmod tempor incididunt ut labore et dolore magna aliqua.Lorem ipsum dolor sit amet, consectetur adipiscing elit, sed do eiusmod tempor incididunt ut labore et dolore magna aliqua.Lorem ipsum dolor sit amet, consectetur adipiscing elit, sed do eiusmod tempor incididunt ut labore et dolore magna aliqua.Lorem ipsum dolor sit amet, consectetur adipiscing elit, sed do eiusmod tempor incididunt ut labore et dolore magna aliqua.Lorem ipsum dolor sit amet, consectetur adipiscing elit, sed do eiusmod tempor incididunt ut labore et dolore magna aliqua.Lorem ipsum dolor sit amet, consectetur adipiscing elit, sed do eiusmod tempor incididunt ut labore et dolore magna aliqua.Lorem ipsum dolor sit amet, consectetur adipiscing elit, sed do eiusmod tempor incididunt ut labore et dolore magna aliqua.Lorem ipsum dolor sit amet, consectetur adipiscing elit, sed do eiusmod tempor incididunt ut labore et dolore magna aliqua.Lorem ipsum dolor sit amet, consectetur adipiscing elit, sed do eiusmod tempor incididunt ut labore et dolore magna aliqua.Lorem ipsum dolor sit amet, consectetur adipiscing elit, sed do eiusmod tempor incididunt ut labore et dolore magna aliqua.Lorem ipsum dolor sit amet, consectetur adipiscing elit, sed do eiusmod tempor incididunt ut labore et dolore magna aliqua.Lorem ipsum dolor sit amet, consectetur adipiscing elit, sed do eiusmod tempor incididunt ut labore et dolore magna aliqua.Lorem ipsum dolor sit amet, consectetur adipiscing elit, sed do eiusmod tempor incididunt ut labore et dolore magna aliqua.Lorem ipsum dolor sit amet, consectetur adipiscing elit, sed do eiusmod tempor incididunt ut labore et dolore magna aliqua.Lorem ipsum dolor sit amet, consectetur adipiscing elit, sed do eiusmod tempor incididunt ut labore et dolore magna aliqua.Lorem ipsum dolor sit amet, consectetur adipiscing elit, sed do eiusmod tempor incididunt ut labore et dolore magna aliqua.Lorem ipsum dolor sit amet, consectetur adipiscing elit, sed do eiusmod tempor incididunt ut labore et dolore magna aliqua.Lorem ipsum dolor sit amet, consectetur adipiscing elit, sed do eiusmod tempor incididunt ut labore et dolore magna aliqua.Lorem ipsum dolor sit amet, consectetur adipiscing elit, sed do eiusmod tempor incididunt ut labore et dolore magna aliqua.Lorem ipsum dolor sit amet, consectetur adipiscing elit, sed do eiusmod tempor incididunt ut labore et dolore magna aliqua.Lorem ipsum dolor sit amet, consectetur adipiscing elit, sed do eiusmod tempor incididunt ut labore et dolore magna aliqua.Lorem ipsum dolor sit amet, consectetur adipiscing elit, sed do eiusmod tempor incididunt ut labore et dolore magna aliqua.Lorem ipsum dolor sit amet, consectetur adipiscing elit, sed do eiusmod tempor incididunt ut labore et dolore magna aliqua.Lorem ipsum dolor sit amet, consectetur adipiscing elit, sed do eiusmod tempor incididunt ut labore et dolore magna aliqua.Lorem ipsum dolor sit amet, consectetur adipiscing elit, sed do eiusmod tempor incididunt ut labore et dolore magna aliqua.Lorem ipsum dolor sit amet, consectetur adipiscing elit, sed do eiusmod tempor incididunt ut labore et dolore magna aliqua.Lorem ipsum dolor sit amet, consectetur adipiscing elit, sed do eiusmod tempor incididunt ut labore et dolore magna aliqua.Lorem ipsum dolor sit amet, consectetur adipiscing elit, sed do eiusmod tempor incididunt ut labore et dolore magna aliqua.Lorem ipsum dolor sit amet, consectetur adipiscing elit, sed do eiusmod tempor incididunt ut labore et dolore magna aliqua.Lorem ipsum dolor sit amet, consectetur adipiscing elit, sed do eiusmod tempor incididunt ut labore et dolore magna aliqua.Lorem ipsum dolor sit amet, consectetur adipiscing elit, sed do eiusmod tempor incididunt ut labore et dolore magna aliqua.Lorem ipsum dolor sit amet, consectetur adipiscing elit, sed do eiusmod tempor incididunt ut labore et dolore magna aliqua.Lorem ipsum dolor sit amet, consectetur adipiscing elit, sed do eiusmod tempor incididunt ut labore et dolore magna aliqua.Lorem ipsum dolor sit amet, consectetur adipiscing elit, sed do eiusmod tempor incididunt ut labore et dolore magna aliqua.Lorem ipsum dolor sit amet, consectetur adipiscing elit, sed do eiusmod tempor incididunt ut labore et dolore magna aliqua.Lorem ipsum dolor sit amet, consectetur adipiscing elit, sed do eiusmod tempor incididunt ut labore et dolore magna aliqua.Lorem ipsum dolor sit amet, consectetur adipiscing elit, sed do eiusmod tempor incididunt ut labore et dolore magna aliqua.Lorem ipsum dolor sit amet, consectetur adipiscing elit, sed do eiusmod tempor incididunt ut labore et dolore magna aliqua.Lorem ipsum dolor sit amet, consectetur adipiscing elit, sed do eiusmod tempor incididunt ut labore et dolore magna aliqua.Lorem ipsum dolor sit amet, consectetur adipiscing elit, sed do eiusmod tempor incididunt ut labore et dolore magna aliqua.Lorem ipsum dolor sit amet, consectetur adipiscing elit, sed do eiusmod tempor incididunt ut labore et dolore magna aliqua.Lorem ipsum dolor sit amet, consectetur adipiscing elit, sed do eiusmod tempor incididunt ut labore et dolore magna aliqua.Lorem ipsum dolor sit amet, consectetur adipiscing elit, sed do eiusmod tempor incididunt ut labore et dolore magna aliqua.Lorem ipsum dolor sit amet, consectetur adipiscing elit, sed do eiusmod tempor incididunt ut labore et dolore magna aliqua.Lorem ipsum dolor sit amet, consectetur adipiscing elit, sed do eiusmod tempor incididunt ut labore et dolore magna aliqua.Lorem ipsum dolor sit amet, consectetur adipiscing elit, sed do eiusmod tempor incididunt ut labore et dolore magna aliqua.Lorem ipsum dolor sit amet, consectetur adipiscing elit, sed do eiusmod tempor incididunt ut labore et dolore magna aliqua.Lorem ipsum dolor sit amet, consectetur adipiscing elit, sed do eiusmod tempor incididunt ut labore et dolore magna aliqua.Lorem ipsum dolor sit amet, consectetur adipiscing elit, sed do eiusmod tempor incididunt ut labore et dolore magna aliqua.Lorem ipsum dolor sit amet, consectetur adipiscing elit, sed do eiusmod tempor incididunt ut labore et dolore magna aliqua.Lorem ipsum dolor sit amet, consectetur adipiscing elit, sed do eiusmod tempor incididunt ut labore et dolore magna aliqua.Lorem ipsum dolor sit amet, consectetur adipiscing elit, sed do eiusmod tempor incididunt ut labore et dolore magna aliqua.Lorem ipsum dolor sit amet, consectetur adipiscing elit, sed do eiusmod tempor incididunt ut labore et dolore magna aliqua.Lorem ipsum dolor sit amet, consectetur adipiscing elit, sed do eiusmod tempor incididunt ut labore et dolore magna aliqua.Lorem ipsum dolor sit amet, consectetur adipiscing elit, sed do eiusmod tempor incididunt ut labore et dolore magna aliqua.Lorem ipsum dolor sit amet, consectetur adipiscing elit, sed do eiusmod tempor incididunt ut labore et dolore magna aliqua.Lorem ipsum dolor sit amet, consectetur adipiscing elit, sed do eiusmod tempor incididunt ut labore et dolore magna aliqua.Lorem ipsum dolor sit amet, consectetur adipiscing elit, sed do eiusmod tempor incididunt ut labore et dolore magna aliqua.Lorem ipsum dolor sit amet, consectetur adipiscing elit, sed do eiusmod tempor incididunt ut labore et dolore magna aliqua.Lorem ipsum dolor sit amet, consectetur adipiscing elit, sed do eiusmod tempor incididunt ut labore et dolore magna aliqua.Lorem ipsum dolor sit amet, consectetur adipiscing elit, sed do eiusmod tempor incididunt ut labore et dolore magna aliqua.Lorem ipsum dolor sit amet, consectetur adipiscing elit, sed do eiusmod tempor incididunt ut labore et dolore magna aliqua.Lorem ipsum dolor sit amet, consectetur adipiscing elit, sed do eiusmod tempor incididunt ut labore et dolore magna aliqua.Lorem ipsum dolor sit amet, consectetur adipiscing elit, sed do eiusmod tempor incididunt ut labore et dolore magna aliqua.Lorem ipsum dolor sit amet, consectetur adipiscing elit, sed do eiusmod tempor incididunt ut labore et dolore magna aliqua.Lorem ipsum dolor sit amet, consectetur adipiscing elit, sed do eiusmod tempor incididunt ut labore et dolore magna aliqua.Lorem ipsum dolor sit amet, consectetur adipiscing elit, sed do eiusmod tempor incididunt ut labore et dolore magna aliqua.Lorem ipsum dolor sit amet, consectetur adipiscing elit, sed do eiusmod tempor incididunt ut labore et dolore magna aliqua.Lorem ipsum dolor sit amet, consectetur adipiscing elit, sed do eiusmod tempor incididunt ut labore et dolore magna aliqua.Lorem ipsum dolor sit amet, consectetur adipiscing elit, sed do eiusmod tempor incididunt ut labore et dolore magna aliqua.Lorem ipsum dolor sit amet, consectetur adipiscing elit, sed do eiusmod tempor incididunt ut labore et dolore magna aliqua.Lorem ipsum dolor sit amet, consectetur adipiscing elit, sed do eiusmod tempor incididunt ut labore et dolore magna aliqua.Lorem ipsum dolor sit amet, consectetur adipiscing elit, sed do eiusmod tempor incididunt ut labore et dolore magna aliqua.Lorem ipsum dolor sit amet, consectetur adipiscing elit, sed do eiusmod tempor incididunt ut labore et dolore magna aliqua.Lorem ipsum dolor sit amet, consectetur adipiscing elit, sed do eiusmod tempor incididunt ut labore et dolore magna aliqua.Lorem ipsum dolor sit amet, consectetur adipiscing elit, sed do eiusmod tempor incididunt ut labore et dolore magna aliqua.Lorem ipsum dolor sit amet, consectetur adipiscing elit, sed do eiusmod tempor incididunt ut labore et dolore magna aliqua.Lorem ipsum dolor sit amet, consectetur adipiscing elit, sed do eiusmod tempor incididunt ut labore et dolore magna aliqua.Lorem ipsum dolor sit amet, consectetur adipiscing elit, sed do eiusmod tempor incididunt ut labore et dolore magna aliqua.Lorem ipsum dolor sit amet, consectetur adipiscing elit, sed do eiusmod tempor incididunt ut labore et dolore magna aliqua.Lorem ipsum dolor sit amet, consectetur adipiscing elit, sed do eiusmod tempor incididunt ut labore et dolore magna aliqua.Lorem ipsum dolor sit amet, consectetur adipiscing elit, sed do eiusmod tempor incididunt ut labore et dolore magna aliqua.Lorem ipsum dolor sit amet, consectetur adipiscing elit, sed do eiusmod tempor incididunt ut labore et dolore magna aliqua.Lorem ipsum dolor sit amet, consectetur adipiscing elit, sed do eiusmod tempor incididunt ut labore et dolore magna aliqua.Lorem ipsum dolor sit amet, consectetur adipiscing elit, sed do eiusmod tempor incididunt ut labore et dolore magna aliqua.Lorem ipsum dolor sit amet, consectetur adipiscing elit, sed do eiusmod tempor incididunt ut labore et dolore magna aliqua.Lorem ipsum dolor sit amet, consectetur adipiscing elit, sed do eiusmod tempor incididunt ut labore et dolore magna aliqua.Lorem ipsum dolor sit amet, consectetur adipiscing elit, sed do eiusmod tempor incididunt ut labore et dolore magna aliqua.Lorem ipsum dolor sit amet, consectetur adipiscing elit, sed do eiusmod tempor incididunt ut labore et dolore magna aliqua.Lorem ipsum dolor sit amet, consectetur adipiscing elit, sed do eiusmod tempor incididunt ut labore et dolore magna aliqua.Lorem ipsum dolor sit amet, consectetur adipiscing elit, sed do eiusmod tempor incididunt ut labore et dolore magna aliqua.Lorem ipsum dolor sit amet, consectetur adipiscing elit, sed do eiusmod tempor incididunt ut labore et dolore magna aliqua.Lorem ipsum dolor sit amet, consectetur adipiscing elit, sed do eiusmod tempor incididunt ut labore et dolore magna aliqua.Lorem ipsum dolor sit amet, consectetur adipiscing elit, sed do eiusmod tempor incididunt ut labore et dolore magna aliqua.Lorem ipsum dolor sit amet, consectetur adipiscing elit, sed do eiusmod tempor incididunt ut labore et dolore magna aliqua.Lorem ipsum dolor sit amet, consectetur adipiscing elit, sed do eiusmod tempor incididunt ut labore et dolore magna aliqua.Lorem ipsum dolor sit amet, consectetur adipiscing elit, sed do eiusmod tempor incididunt ut labore et dolore magna aliqua.Lorem ipsum dolor sit amet, consectetur adipiscing elit, sed do eiusmod tempor incididunt ut labore et dolore magna aliqua.Lorem ipsum dolor sit amet, consectetur adipiscing elit, sed do eiusmod tempor incididunt ut labore et dolore magna aliqua.Lorem ipsum dolor sit amet, consectetur adipiscing elit, sed do eiusmod tempor incididunt ut labore et dolore magna aliqua.Lorem ipsum dolor sit amet, consectetur adipiscing elit, sed do eiusmod tempor incididunt ut labore et dolore magna aliqua.Lorem ipsum dolor sit amet, consectetur adipiscing elit, sed do eiusmod tempor incididunt ut labore et dolore magna aliqua.Lorem ipsum dolor sit amet, consectetur adipiscing elit, sed do eiusmod tempor incididunt ut labore et dolore magna aliqua.Lorem ipsum dolor sit amet, consectetur adipiscing elit, sed do eiusmod tempor incididunt ut labore et dolore magna aliqua.Lorem ipsum dolor sit amet, consectetur adipiscing elit, sed do eiusmod tempor incididunt ut labore et dolore magna aliqua.Lorem ipsum dolor sit amet, consectetur adipiscing elit, sed do eiusmod tempor incididunt ut labore et dolore magna aliqua.Lorem ipsum dolor sit amet, consectetur adipiscing elit, sed do eiusmod tempor incididunt ut labore et dolore magna aliqua.Lorem ipsum dolor sit amet, consectetur adipiscing elit, sed do eiusmod tempor incididunt ut labore et dolore magna aliqua.Lorem ipsum dolor sit amet, consectetur adipiscing elit, sed do eiusmod tempor incididunt ut labore et dolore magna aliqua.Lorem ipsum dolor sit amet, consectetur adipiscing elit, sed do eiusmod tempor incididunt ut labore et dolore magna aliqua.Lorem ipsum dolor sit amet, consectetur adipiscing elit, sed do eiusmod tempor incididunt ut labore et dolore magna aliqua.Lorem ipsum dolor sit amet, consectetur adipiscing elit, sed do eiusmod tempor incididunt ut labore et dolore magna aliqua.Lorem ipsum dolor sit amet, consectetur adipiscing elit, sed do eiusmod tempor incididunt ut labore et dolore magna aliqua.Lorem ipsum dolor sit amet, consectetur adipiscing elit, sed do eiusmod tempor incididunt ut labore et dolore magna aliqua.Lorem ipsum dolor sit amet, consectetur adipiscing elit, sed do eiusmod tempor incididunt ut labore et dolore magna aliqua.Lorem ipsum dolor sit amet, consectetur adipiscing elit, sed do eiusmod tempor incididunt ut labore et dolore magna aliqua.Lorem ipsum dolor sit amet, consectetur adipiscing elit, sed do eiusmod tempor incididunt ut labore et dolore magna aliqua.Lorem ipsum dolor sit amet, consectetur adipiscing elit, sed do eiusmod tempor incididunt ut labore et dolore magna aliqua.Lorem ipsum dolor sit amet, consectetur adipiscing elit, sed do eiusmod tempor incididunt ut labore et dolore magna aliqua.Lorem ipsum dolor sit amet, consectetur adipiscing elit, sed do eiusmod tempor incididunt ut labore et dolore magna aliqua.Lorem ipsum dolor sit amet, consectetur adipiscing elit, sed do eiusmod tempor incididunt ut labore et dolore magna aliqua.Lorem ipsum dolor sit amet, consectetur adipiscing elit, sed do eiusmod tempor incididunt ut labore et dolore magna aliqua.Lorem ipsum dolor sit amet, consectetur adipiscing elit, sed do eiusmod tempor incididunt ut labore et dolore magna aliqua.Lorem ipsum dolor sit amet, consectetur adipiscing elit, sed do eiusmod tempor incididunt ut labore et dolore magna aliqua.Lorem ipsum dolor sit amet, consectetur adipiscing elit, sed do eiusmod tempor incididunt ut labore et dolore magna aliqua.Lorem ipsum dolor sit amet, consectetur adipiscing elit, sed do eiusmod tempor incididunt ut labore et dolore magna aliqua.Lorem ipsum dolor sit amet, consectetur adipiscing elit, sed do eiusmod tempor incididunt ut labore et dolore magna aliqua.Lorem ipsum dolor sit amet, consectetur adipiscing elit, sed do eiusmod tempor incididunt ut labore et dolore magna aliqua.Lorem ipsum dolor sit amet, consectetur adipiscing elit, sed do eiusmod tempor incididunt ut labore et dolore magna aliqua.Lorem ipsum dolor sit amet, consectetur adipiscing elit, sed do eiusmod tempor incididunt ut labore et dolore magna aliqua.Lorem ipsum dolor sit amet, consectetur adipiscing elit, sed do eiusmod tempor incididunt ut labore et dolore magna aliqua.Lorem ipsum dolor sit amet, consectetur adipiscing elit, sed do eiusmod tempor incididunt ut labore et dolore magna aliqua.Lorem ipsum dolor sit amet, consectetur adipiscing elit, sed do eiusmod tempor incididunt ut labore et dolore magna aliqua.Lorem ipsum dolor sit amet, consectetur adipiscing elit, sed do eiusmod tempor incididunt ut labore et dolore magna aliqua.Lorem ipsum dolor sit amet, consectetur adipiscing elit, sed do eiusmod tempor incididunt ut labore et dolore magna aliqua.Lorem ipsum dolor sit amet, consectetur adipiscing elit, sed do eiusmod tempor incididunt ut labore et dolore magna aliqua.Lorem ipsum dolor sit amet, consectetur adipiscing elit, sed do eiusmod tempor incididunt ut labore et dolore magna aliqua.Lorem ipsum dolor sit amet, consectetur adipiscing elit, sed do eiusmod tempor incididunt ut labore et dolore magna aliqua.Lorem ipsum dolor sit amet, consectetur adipiscing elit, sed do eiusmod tempor incididunt ut labore et dolore magna aliqua.Lorem ipsum dolor sit amet, consectetur adipiscing elit, sed do eiusmod tempor incididunt ut labore et dolore magna aliqua.Lorem ipsum dolor sit amet, consectetur adipiscing elit, sed do eiusmod tempor incididunt ut labore et dolore magna aliqua.Lorem ipsum dolor sit amet, consectetur adipiscing elit, sed do eiusmod tempor incididunt ut labore et dolore magna aliqua.Lorem ipsum dolor sit amet, consectetur adipiscing elit, sed do eiusmod tempor incididunt ut labore et dolore magna aliqua.Lorem ipsum dolor sit amet, consectetur adipiscing elit, sed do eiusmod tempor incididunt ut labore et dolore magna aliqua.Lorem ipsum dolor sit amet, consectetur adipiscing elit, sed do eiusmod tempor incididunt ut labore et dolore magna aliqua.Lorem ipsum dolor sit amet, consectetur adipiscing elit, sed do eiusmod tempor incididunt ut labore et dolore magna aliqua.Lorem ipsum dolor sit amet, consectetur adipiscing elit, sed do eiusmod tempor incididunt ut labore et dolore magna aliqua.Lorem ipsum dolor sit amet, consectetur adipiscing elit, sed do eiusmod tempor incididunt ut labore et dolore magna aliqua.Lorem ipsum dolor sit amet, consectetur adipiscing elit, sed do eiusmod tempor incididunt ut labore et dolore magna aliqua.Lorem ipsum dolor sit amet, consectetur adipiscing elit, sed do eiusmod tempor incididunt ut labore et dolore magna aliqua.Lorem ipsum dolor sit amet, consectetur adipiscing elit, sed do eiusmod tempor incididunt ut labore et dolore magna aliqua.Lorem ipsum dolor sit amet, consectetur adipiscing elit, sed do eiusmod tempor incididunt ut labore et dolore magna aliqua.Lorem ipsum dolor sit amet, consectetur adipiscing elit, sed do eiusmod tempor incididunt ut labore et dolore magna aliqua.Lorem ipsum dolor sit amet, consectetur adipiscing elit, sed do eiusmod tempor incididunt ut labore et dolore magna aliqua.Lorem ipsum dolor sit amet, consectetur adipiscing elit, sed do eiusmod tempor incididunt ut labore et dolore magna aliqua.Lorem ipsum dolor sit amet, consectetur adipiscing elit, sed do eiusmod tempor incididunt ut labore et dolore magna aliqua.Lorem ipsum dolor sit amet, consectetur adipiscing elit, sed do eiusmod tempor incididunt ut labore et dolore magna aliqua.Lorem ipsum dolor sit amet, consectetur adipiscing elit, sed do eiusmod tempor incididunt ut labore et dolore magna aliqua.Lorem ipsum dolor sit amet, consectetur adipiscing elit, sed do eiusmod tempor incididunt ut labore et dolore magna aliqua.Lorem ipsum dolor sit amet, consectetur adipiscing elit, sed do eiusmod tempor incididunt ut labore et dolore magna aliqua.Lorem ipsum dolor sit amet, consectetur adipiscing elit, sed do eiusmod tempor incididunt ut labore et dolore magna aliqua.Lorem ipsum dolor sit amet, consectetur adipiscing elit, sed do eiusmod tempor incididunt ut labore et dolore magna aliqua.Lorem ipsum dolor sit amet, consectetur adipiscing elit, sed do eiusmod tempor incididunt ut labore et dolore magna aliqua.Lorem ipsum dolor sit amet, consectetur adipiscing elit, sed do eiusmod tempor incididunt ut labore et dolore magna aliqua.Lorem ipsum dolor sit amet, consectetur adipiscing elit, sed do eiusmod tempor incididunt ut labore et dolore magna aliqua.Lorem ipsum dolor sit amet, consectetur adipiscing elit, sed do eiusmod tempor incididunt ut labore et dolore magna aliqua.Lorem ipsum dolor sit amet, consectetur adipiscing elit, sed do eiusmod tempor incididunt ut labore et dolore magna aliqua.Lorem ipsum dolor sit amet, consectetur adipiscing elit, sed do eiusmod tempor incididunt ut labore et dolore magna aliqua.Lorem ipsum dolor sit amet, consectetur adipiscing elit, sed do eiusmod tempor incididunt ut labore et dolore magna aliqua.Lorem ipsum dolor sit amet, consectetur adipiscing elit, sed do eiusmod tempor incididunt ut labore et dolore magna aliqua.Lorem ipsum dolor sit amet, consectetur adipiscing elit, sed do eiusmod tempor incididunt ut labore et dolore magna aliqua.Lorem ipsum dolor sit amet, consectetur adipiscing elit, sed do eiusmod tempor incididunt ut labore et dolore magna aliqua.Lorem ipsum dolor sit amet, consectetur adipiscing elit, sed do eiusmod tempor incididunt ut labore et dolore magna aliqua.Lorem ipsum dolor sit amet, consectetur adipiscing elit, sed do eiusmod tempor incididunt ut labore et dolore magna aliqua.Lorem ipsum dolor sit amet, consectetur adipiscing elit, sed do eiusmod tempor incididunt ut labore et dolore magna aliqua.Lorem ipsum dolor sit amet, consectetur adipiscing elit, sed do eiusmod tempor incididunt ut labore et dolore magna aliqua.Lorem ipsum dolor sit amet, consectetur adipiscing elit, sed do eiusmod tempor incididunt ut labore et dolore magna aliqua.Lorem ipsum dolor sit amet, consectetur adipiscing elit, sed do eiusmod tempor incididunt ut labore et dolore magna aliqua.Lorem ipsum dolor sit amet, consectetur adipiscing elit, sed do eiusmod tempor incididunt ut labore et dolore magna aliqua.Lorem ipsum dolor sit amet, consectetur adipiscing elit, sed do eiusmod tempor incididunt ut labore et dolore magna aliqua.Lorem ipsum dolor sit amet, consectetur adipiscing elit, sed do eiusmod tempor incididunt ut labore et dolore magna aliqua.Lorem ipsum dolor sit amet, consectetur adipiscing elit, sed do eiusmod tempor incididunt ut labore et dolore magna aliqua.Lorem ipsum dolor sit amet, consectetur adipiscing elit, sed do eiusmod tempor incididunt ut labore et dolore magna aliqua.Lorem ipsum dolor sit amet, consectetur adipiscing elit, sed do eiusmod tempor incididunt ut labore et dolore magna aliqua.Lorem ipsum dolor sit amet, consectetur adipiscing elit, sed do eiusmod tempor incididunt ut labore et dolore magna aliqua.Lorem ipsum dolor sit amet, consectetur adipiscing elit, sed do eiusmod tempor incididunt ut labore et dolore magna aliqua.Lorem ipsum dolor sit amet, consectetur adipiscing elit, sed do eiusmod tempor incididunt ut labore et dolore magna aliqua.Lorem ipsum dolor sit amet, consectetur adipiscing elit, sed do eiusmod tempor incididunt ut labore et dolore magna aliqua.Lorem ipsum dolor sit amet, consectetur adipiscing elit, sed do eiusmod tempor incididunt ut labore et dolore magna aliqua.Lorem ipsum dolor sit amet, consectetur adipiscing elit, sed do eiusmod tempor incididunt ut labore et dolore magna aliqua.Lorem ipsum dolor sit amet, consectetur adipiscing elit, sed do eiusmod tempor incididunt ut labore et dolore magna aliqua.Lorem ipsum dolor sit amet, consectetur adipiscing elit, sed do eiusmod tempor incididunt ut labore et dolore magna aliqua.Lorem ipsum dolor sit amet, consectetur adipiscing elit, sed do eiusmod tempor incididunt ut labore et dolore magna aliqua.Lorem ipsum dolor sit amet, consectetur adipiscing elit, sed do eiusmod tempor incididunt ut labore et dolore magna aliqua.Lorem ipsum dolor sit amet, consectetur adipiscing elit, sed do eiusmod tempor incididunt ut labore et dolore magna aliqua.Lorem ipsum dolor sit amet, consectetur adipiscing elit, sed do eiusmod tempor incididunt ut labore et dolore magna aliqua.Lorem ipsum dolor sit amet, consectetur adipiscing elit, sed do eiusmod tempor incididunt ut labore et dolore magna aliqua.Lorem ipsum dolor sit amet, consectetur adipiscing elit, sed do eiusmod tempor incididunt ut labore et dolore magna aliqua.Lorem ipsum dolor sit amet, consectetur adipiscing elit, sed do eiusmod tempor incididunt ut labore et dolore magna aliqua.Lorem ipsum dolor sit amet, consectetur adipiscing elit, sed do eiusmod tempor incididunt ut labore et dolore magna aliqua.Lorem ipsum dolor sit amet, consectetur adipiscing elit, sed do eiusmod tempor incididunt ut labore et dolore magna aliqua.Lorem ipsum dolor sit amet, consectetur adipiscing elit, sed do eiusmod tempor incididunt ut labore et dolore magna aliqua.Lorem ipsum dolor sit amet, consectetur adipiscing elit, sed do eiusmod tempor incididunt ut labore et dolore magna aliqua.Lorem ipsum dolor sit amet, consectetur adipiscing elit, sed do eiusmod tempor incididunt ut labore et dolore magna aliqua.Lorem ipsum dolor sit amet, consectetur adipiscing elit, sed do eiusmod tempor incididunt ut labore et dolore magna aliqua.Lorem ipsum dolor sit amet, consectetur adipiscing elit, sed do eiusmod tempor incididunt ut labore et dolore magna aliqua.Lorem ipsum dolor sit amet, consectetur adipiscing elit, sed do eiusmod tempor incididunt ut labore et dolore magna aliqua.Lorem ipsum dolor sit amet, consectetur adipiscing elit, sed do eiusmod tempor incididunt ut labore et dolore magna aliqua.Lorem ipsum dolor sit amet, consectetur adipiscing elit, sed do eiusmod tempor incididunt ut labore et dolore magna aliqua.Lorem ipsum dolor sit amet, consectetur adipiscing elit, sed do eiusmod tempor incididunt ut labore et dolore magna aliqua.Lorem ipsum dolor sit amet, consectetur adipiscing elit, sed do eiusmod tempor incididunt ut labore et dolore magna aliqua.Lorem ipsum dolor sit amet, consectetur adipiscing elit, sed do eiusmod tempor incididunt ut labore et dolore magna aliqua.Lorem ipsum dolor sit amet, consectetur adipiscing elit, sed do eiusmod tempor incididunt ut labore et dolore magna aliqua.Lorem ipsum dolor sit amet, consectetur adipiscing elit, sed do eiusmod tempor incididunt ut labore et dolore magna aliqua.Lorem ipsum dolor sit amet, consectetur adipiscing elit, sed do eiusmod tempor incididunt ut labore et dolore magna aliqua.Lorem ipsum dolor sit amet, consectetur adipiscing elit, sed do eiusmod tempor incididunt ut labore et dolore magna aliqua.Lorem ipsum dolor sit amet, consectetur adipiscing elit, sed do eiusmod tempor incididunt ut labore et dolore magna aliqua.Lorem ipsum dolor sit amet, consectetur adipiscing elit, sed do eiusmod tempor incididunt ut labore et dolore magna aliqua.Lorem ipsum dolor sit amet, consectetur adipiscing elit, sed do eiusmod tempor incididunt ut labore et dolore magna aliqua.Lorem ipsum dolor sit amet, consectetur adipiscing elit, sed do eiusmod tempor incididunt ut labore et dolore magna aliqua.Lorem ipsum dolor sit amet, consectetur adipiscing elit, sed do eiusmod tempor incididunt ut labore et dolore magna aliqua.Lorem ipsum dolor sit amet, consectetur adipiscing elit, sed do eiusmod tempor incididunt ut labore et dolore magna aliqua.Lorem ipsum dolor sit amet, consectetur adipiscing elit, sed do eiusmod tempor incididunt ut labore et dolore magna aliqua.Lorem ipsum dolor sit amet, consectetur adipiscing elit, sed do eiusmod tempor incididunt ut labore', 'publish', '2018-03-26 21:56:13', '2018-04-01 02:40:13', '2018-04-01 02:40:13');
INSERT INTO `comments` (`id`, `user_id`, `food_id`, `title`, `rating`, `text`, `status`, `created_at`, `updated_at`, `deleted_at`) VALUES
(16, 10, 4, 'Default title', '3', '012345678901234567890123456789012345678901234567890123456789012345678901234567890123456789012345678901234567890123456789012345678901234567890123456789012345678901234567890123456789012345678901234567890123456789012345678901234567890123456789012345678901234567890123456789012345678901234567890123456789012345678901234567890123456789012345678901234567890123456789012345678901234567890123456789012345678901234567890123456789012345678901234567890123456789012345678901234567890123456789012345678901234567890123456789012345678901234567890123456789012345678901234567890123456789012345678901234567890123456789012345678901234567890123456789012345678901234567890123456789012345678901234567890123456789012345678901234567890123456789012345678901234567890123456789012345678901234567890123456789012345678901234567890123456789012345678901234567890123456789012345678901234567890123456789012345678901234567890123456789012345678901234567890123456789012345678901234567890123456789012345678901234567890123456789012345678901234567890123456789012345678901234567890123456789012345678901234567890123456789012345678901234567890123456789012345678901234567890123456789012345678901234567890123456789012345678901234567890123456789012345678901234567890123456789012345678901234567890123456789012345678901234567890123456789012345678901234567890123456789012345678901234567890123456789012345678901234567890123456789012345678901234567890123456789012345678901234567890123456789012345678901234567890123456789012345678901234567890123456789012345678901234567890123456789012345678901234567890123456789012345678901234567890123456789012345678901234567890123456789012345678901234567890123456789012345678901234567890123456789012345678901234567890123456789012345678901234567890123456789012345678901234567890123456789012345678901234567890123456789012345678901234567890123456789012345678901234567890123456789012345678901234567890123456789012345678901234567890123456789012345678901234567890123456789012345678901234567890123456789012345678901234567890123456789012345678901234567890123456789012345678901234567890123456789012345678901234567890123456789012345678901234567890123456789012345678901234567890123456789012345678901234567890123456789012345678901234567890123456789012345678901234567890123456789012345678901234567890123456789012345678901234567890123456789012345678901234567890123456789012345678901234567890123456789012345678901234567890123456789012345678901234567890123456789012345678901234567890123456789012345678901234567890123456789012345678901234567890123456789012345678901234567890123456789012345678901234567890123456789012345678901234567890123456789012345678901234567890123456789012345678901234567890123456789012345678901234567890123456789012345678901234567890123456789012345678901234567890123456789012345678901234567890123456789012345678901234567890123456789012345678901234567890123456789012345678901234567890123456789012345678901234567890123456789012345678901234567890123456789012345678901234567890123456789012345678901234567890123456789012345678901234567890123456789012345678901234567890123456789012345678901234567890123456789012345678901234567890123456789012345678901234567890123456789012345678901234567890123456789012345678901234567890123456789012345678901234567890123456789012345678901234567890123456789012345678901234567890123456789012345678901234567890123456789012345678901234567890123456789012345678901234567890123456789012345678901234567890123456789012345678901234567890123456789012345678901234567890123456789012345678901234567890123456789012345678901234567890123456789012345678901234567890123456789012345678901234567890123456789012345678901234567890123456789012345678901234567890123456789012345678901234567890123456789012345678901234567890123456789012345678901234567890123456789012345678901234567890123456789012345678901234567890123456789012345678901234567890123456789012345678901234567890123456789012345678901234567890123456789012345678901234567890123456789012345678901234567890123456789012345678901234567890123456789012345678901234567890123456789012345678901234567890123456789012345678901234567890123456789012345678901234567890123456789012345678901234567890123456789012345678901234567890123456789012345678901234567890123456789012345678901234567890123456789012345678901234567890123456789012345678901234567890123456789012345678901234567890123456789012345678901234567890123456789012345678901234567890123456789012345678901234567890123456789012345678901234567890123456789012345678901234567890123456789012345678901234567890123456789012345678901234567890123456789012345678901234567890123456789012345678901234567890123456789012345678901234567890123456789012345678901234567890123456789012345678901234567890123456789012345678901234567890123456789012345678901234567890123456789012345678901234567890123456789012345678901234567890123456789012345678901234567890123456789012345678901234567890123456789012345678901234567890123456789012345678901234567890123456789012345678901234567890123456789012345678901234567890123456789012345678901234567890123456789012345678901234567890123456789012345678901234567890123456789012345678901234567890123456789012345678901234567890123456789012345678901234567890123456789012345678901234567890123456789012345678901234567890123456789012345678901234567890123456789012345678901234567890123456789012345678901234567890123456789012345678901234567890123456789012345678901234567890123456789012345678901234567890123456789012345678901234567890123456789012345678901234567890123456789012345678901234567890123456789012345678901234567890123456789012345678901234567890123456789012345678901234567890123456789012345678901234567890123456789012345678901234567890123456789012345678901234567890123456789012345678901234567890123456789012345678901234567890123456789012345678901234567890123456789012345678901234567890123456789012345678901234567890123456789012345678901234567890123456789012345678901234567890123456789012345678901234567890123456789012345678901234567890123456789012345678901234567890123456789012345678901234567890123456789012345678901234567890123456789012345678901234567890123456789012345678901234567890123456789012345678901234567890123456789012345678901234567890123456789012345678901234567890123456789012345678901234567890123456789012345678901234567890123456789012345678901234567890123456789012345678901234567890123456789012345678901234567890123456789012345678901234567890123456789012345678901234567890123456789012345678901234567890123456789012345678901234567890123456789012345678901234567890123456789012345678901234567890123456789012345678901234567890123456789012345678901234567890123456789012345678901234567890123456789012345678901234567890123456789012345678901234567890123456789012345678901234567890123456789012345678901234567890123456789012345678901234567890123456789012345678901234567890123456789012345678901234567890123456789012345678901234567890123456789012345678901234567890123456789012345678901234567890123456789012345678901234567890123456789012345678901234567890123456789012345678901234567890123456789012345678901234567890123456789012345678901234567890123456789012345678901234567890123456789012345678901234567890123456789012345678901234567890123456789012345678901234567890123456789012345678901234567890123456789012345678901234567890123456789012345678901234567890123456789012345678901234567890123456789012345678901234567890123456789012345678901234567890123456789012345678901234567890123456789012345678901234567890123456789012345678901234567890123456789012345678901234567890123456789012345678901234567890123456789012345678901234567890123456789012345678901234567890123456789012345678901234567890123456789012345678901234567890123456789012345678901234567890123456789012345678901234567890123456789012345678901234567890123456789012345678901234567890123456789012345678901234567890123456789012345678901234567890123456789012345678901234567890123456789012345678901234567890123456789012345678901234567890123456789012345678901234567890123456789012345678901234567890123456789012345678901234567890123456789012345678901234567890123456789012345678901234567890123456789012345678901234567890123456789012345678901234567890123456789012345678901234567890123456789012345678901234567890123456789012345678901234567890123456789012345678901234567890123456789012345678901234567890123456789012345678901234567890123456789012345678901234567890123456789012345678901234567890123456789012345678901234567890123456789012345678901234567890123456789012345678901234567890123456789012345678901234567890123456789012345678901234567890123456789012345678901234567890123456789012345678901234567890123456789012345678901234567890123456789012345678901234567890123456789012345678901234567890123456789012345678901234567890123456789012345678901234567890123456789012345678901234567890123456789012345678901234567890123456789012345678901234567890123456789012345678901234567890123456789012345678901234567890123456789012345678901234567890123456789012345678901234567890123456789012345678901234567890123456789012345678901234567890123456789012345678901234567890123456789012345678901234567890123456789012345678901234567890123456789012345678901234567890123456789012345678901234567890123456789012345678901234567890123456789012345678901234567890123456789012345678901234567890123456789012345678901234567890123456789012345678901234567890123456789012345678901234567890123456789012345678901234567890123456789012345678901234567890123456789012345678901234567890123456789012345678901234567890123456789012345678901234567890123456789012345678901234567890123456789012345678901234567890123456789012345678901234567890123456789012345678901234567890123456789012345678901234567890123456789012345678901234567890123456789012345678901234567890123456789012345678901234567890123456789012345678901234567890123456789012345678901234567890123456789012345678901234567890123456789012345678901234567890123456789012345678901234567890123456789012345678901234567890123456789012345678901234567890123456789012345678901234567890123456789012345678901234567890123456789012345678901234567890123456789012345678901234567890123456789012345678901234567890123456789012345678901234567890123456789012345678901234567890123456789012345678901234567890123456789012345678901234567890123456789012345678901234567890123456789012345678901234567890123456789012345678901234567890123456789012345678901234567890123456789012345678901234567890123456789012345678901234567890123456789012345678901234567890123456789012345678901234567890123456789012345678901234567890123456789012345678901234567890123456789012345678901234567890123456789012345678901234567890123456789012345678901234567890123456789012345678901234567890123456789012345678901234567890123456789012345678901234567890123456789012345678901234567890123456789012345678901234567890123456789012345678901234567890123456789012345678901234567890123456789012345678901234567890123456789012345678901234567890123456789012345678901234567890123456789012345678901234567890123456789012345678901234567890123456789012345678901234567890123456789012345678901234567890123456789012345678901234567890123456789012345678901234567890123456789012345678901234567890123456789012345678901234567890123456789012345678901234567890123456789012345678901234567890123456789012345678901234567890123456789012345678901234567890123456789012345678901234567890123456789012345678901234567890123456789012345678901234567890123456789012345678901234567890123456789012345678901234567890123456789012345678901234567890123456789012345678901234567890123456789012345678901234567890123456789012345678901234567890123456789012345678901234567890123456789012345678901234567890123456789012345678901234567890123456789012345678901234567890123456789012345678901234567890123456789012345678901234567890123456789012345678901234567890123456789012345678901234567890123456789012345678901234567890123456789012345678901234567890123456789012345678901234567890123456789012345678901234567890123456789012345678901234567890123456789012345678901234567890123456789012345678901234567890123456789012345678901234567890123456789012345678901234567890123456789012345678901234567890123456789012345678901234567890123456789012345678901234567890123456789012345678901234567890123456789012345678901234567890123456789012345678901234567890123456789012345678901234567890123456789012345678901234567890123456789012345678901234567890123456789012345678901234567890123456789012345678901234567890123456789012345678901234567890123456789012345678901234567890123456789012345678901234567890123456789012345678901234567890123456789012345678901234567890123456789012345678901234567890123456789012345678901234567890123456789012345678901234567890123456789012345678901234567890123456789012345678901234567890123456789012345678901234567890123456789012345678901234567890123456789012345678901234567890123456789012345678901234567890123456789012345678901234567890123456789012345678901234567890123456789012345678901234567890123456789012345678901234567890123456789012345678901234567890123456789012345678901234567890123456789012345678901234567890123456789012345678901234567890123456789012345678901234567890123456789012345678901234567890123456789012345678901234567890123456789012345678901234567890123456789012345678901234567890123456789012345678901234567890123456789012345678901234567890123456789012345678901234567890123456789012345678901234567890123456789012345678901234567890123456789012345678901234567890123456789012345678901234567890123456789012345678901234567890123456789012345678901234567890123456789012345678901234567890123456789012345678901234567890123456789012345678901234567890123456789012345678901234567890123456789012345678901234567890123456789012345678901234567890123456789012345678901234567890123456789012345678901234567890123456789012345678901234567890123456789012345678901234567890123456789012345678901234567890123456789012345678901234567890123456789012345678901234567890123456789012345678901234567890123456789012345678901234567890123456789012345678901234567890123456789012345678901234567890123456789012345678901234567890123456789012345678901234567890123456789012345678901234567890123456789012345678901234567890123456789012345678901234567890123456789012345678901234567890123456789012345678901234567890123456789012345678901234567890123456789012345678901234567890123456789012345678901234567890123456789012345678901234567890123456789012345678901234567890123456789012345678901234567890123456789012345678901234567890123456789012345678901234567890123456789012345678901234567890123456789012345678901234567890123456789012345678901234567890123456789012345678901234567890123456789012345678901234567890123456789012345678901234567890123456789012345678901234567890123456789012345678901234567890123456789012345678901234567890123456789012345678901234567890123456789012345678901234567890123456789012345678901234567890123456789012345678901234567890123456789012345678901234567890123456789012345678901234567890123456789012345678901234567890123456789012345678901234567890123456789012345678901234567890123456789012345678901234567890123456789012345678901234567890123456789012345678901234567890123456789012345678901234567890123456789012345678901234567890123456789012345678901234567890123456789012345678901234567890123456789012345678901234567890123456789012345678901234567890123456789012345678901234567890123456789012345678901234567890123456789012345678901234567890123456789012345678901234567890123456789012345678901234567890123456789012345678901234567890123456789012345678901234567890123456789012345678901234567890123456789012345678901234567890123456789012345678901234567890123456789012345678901234567890123456789012345678901234567890123456789012345678901234567890123456789012345678901234567890123456789012345678901234567890123456789012345678901234567890123456789012345678901234567890123456789012345678901234567890123456789012345678901234567890123456789012345678901234567890123456789012345678901234567890123456789012345678901234567890123456789012345678901234567890123456789012345678901234567890123456789012345678901234567890123456789012345678901234567890123456789012345678901234567890123456789012345678901234567890123456789012345678901234567890123456789012345678901234567890123456789012345678901234567890123456789012345678901234567890123456789012345678901234567890123456789012345678901234567890123456789012345678901234567890123456789012345678901234567890123456789012345678901234567890123456789012345678901234567890123456789012345678901234567890123456789012345678901234567890123456789012345678901234567890123456789012345678901234567890123456789012345678901234567890123456789012345678901234567890123456789012345678901234567890123456789012345678901234567890123456789012345678901234567890123456789012345678901234567890123456789012345678901234567890123456789012345678901234567890123456789012345678901234567890123456789012345678901234567890123456789012345678901234567890123456789012345678901234567890123456789012345678901234567890123456789012345678901234567890123456789012345678901234567890123456789012345678901234567890123456789012345678901234567890123456789012345678901234567890123456789012345678901234567890123456789012345678901234567890123456789012345678901234567890123456789012345678901234567890123456789012345678901234567890123456789012345678901234567890123456789012345678901234567890123456789012345678901234567890123456789012345678901234567890123456789012345678901234567890123456789012345678901234567890123456789012345678901234567890123456789012345678901234567890123456789012345678901234567890123456789012345678901234567890123456789012345678901234567890123456789012345678901234567890123456789012345678901234567890123456789012345678901234567890123456789012345678901234567890123456789012345678901234567890123456789012345678901234567890123456789012345678901234567890123456789012345678901234567890123456789012345678901234567890123456789012345678901234567890123456789012345678901234567890123456789012345678901234567890123456789012345678901234567890123456789012345678901234567890123456789012345678901234567890123456789012345678901234567890123456789012345678901234567890123456789012345678901234567890123456789012345678901234567890123456789012345678901234567890123456789012345678901234567890123456789012345678901234567890123456789012345678901234567890123456789012345678901234567890123456789012345678901234567890123456789012345678901234567890123456789012345678901234567890123456789012345678901234567890123456789012345678901234567890123456789012345678901234567890123456789012345678901234567890123456789012345678901234567890123456789012345678901234567890123456789012345678901234567890123456789012345678901234567890123456789012345678901234567890123456789012345678901234567890123456789012345678901234567890123456789012345678901234567890123456789012345678901234567890123456789012345678901234567890123456789012345678901234567890123456789012345678901234567890123456789012345678901234567890123456789012345678901234567890123456789012345678901234567890123456789012345678901234567890123456789012345678901234567890123456789012345678901234567890123456789012345678901234567890123456789012345678901234567890123456789012345678901234567890123456789012345678901234567890123456789012345678901234567890123456789012345678901234567890123456789012345678901234567890123456789012345678901234567890123456789012345678901234567890123456789012345678901234567890123456789012345678901234567890123456789012345678901234567890123456789012345678901234567890123456789012345678901234567890123456789012345678901234567890123456789012345678901234567890123456789012345678901234567890123456789012345678901234567890123456789012345678901234567890123456789012345678901234567890123456789012345678901234567890123456789012345678901234567890123456789012345678901234567890123456789012345678901234567890123456789012345678901234567890123456789012345678901234567890123456789012345678901234567890123456789012345678901234567890123456789012345678901234567890123456789012345678901234567890123456789012345678901234567890123456789012345678901234567890123456789012345678901234567890123456789012345678901234567890123456789012345678901234567890123456789012345678901234567890123456789012345678901234567890123456789012345678901234567890123456789012345678901234567890123456789012345678901234567890123456789012345678901234567890123456789012345678901234567890123456789012345678901234567890123456789012345678901234567890123456789012345678901234567890123456789012345678901234567890123456789012345678901234567890123456789012345678901234567890123456789012345678901234567890123456789012345678901234567890123456789012345678901234567890123456789012345678901234567890123456789012345678901234567890123456789012345678901234567890123456789012345678901234567890123456789012345678901234567890123456789012345678901234567890123456789012345678901234567890123456789012345678901234567890123456789012345678901234567890123456789012345678901234567890123456789012345678901234567890123456789012345678901234567890123456789012345678901234567890123456789012345678901234567890123456789012345678901234567890123456789012345678901234567890123456789012345678901234567890123456789012345678901234567890123456789012345678901234567890123456789012345678901234567890123456789012345678901234567890123456789012345678901234567890123456789012345678901234567890123456789012345678901234567890123456789012345678901234567890123456789012345678901234567890123456789012345678901234567890123456789012345678901234567890123456789012345678901234567890123456789012345678901234567890123456789012345678901234567890123456789012345678901234567890123456789012345678901234567890123456789012345678901234567890123456789012345678901234567890123456789012345678901234567890123456789012345678901234567890123456789012345678901234567890123456789012345678901234567890123456789012345678901234567890123456789012345678901234567890123456789012345678901234567890123456789012345678901234567890123456789012345678901234567890123456789012345678901234567890123456789012345678901234567890123456789012345678901234567890123456789012345678901234567890123456789012345678901234567890123456789012345678901234567890123456789012345678901234567890123456789012345678901234567890123456789012345678901234567890123456789012345678901234567890123456789012345678901234567890123456789012345678901234567890123456789012345678901234567890123456789012345678901234567890123456789012345678901234567890123456789012345678901234567890123456789012345678901234567890123456789012345678901234567890123456789012345678901234567890123456789012345678901234567890123456789012345678901234567890123456789012345678901234567890123456789012345678901234567890123456789012345678901234567890123456789012345678901234567890123456789012345678901234567890123456789012345678901234567890123456789012345678901234567890123456789012345678901234567890123456789012345678901234567890123456789012345678901234567890123456789012345678901234567890123456789012345678901234567890123456789012345678901234567890123456789012345678901234567890123456789012345678901234567890123456789012345678901234567890123456789012345678901234567890123456789012345678901234567890123456789012345678901234567890123456789012345678901234567890123456789012345678901234567890123456789012345678901234567890123456789012345678901234567890123456789012345678901234567890123456789012345678901234567890123456789012345678901234567890123456789012345678901234567890123456789012345678901234567890123456789012345678901234567890123456789012345678901234567890123456789012345678901234567890123456789012345678901234567890123456789012345678901234567890123456789012345678901234567890123456789012345678901234567890123456789012345678901234567890123456789012345678901234567890123456789012345678901234567890123456789012345678901234567890123456789012345678901234567890123456789012345678901234567890123456789012345678901234567890123456789012345678901234567890123456789012345678901234567890123456789012345678901234567890123456789012345678901234567890123456789012345678901234567890123456789012345678901234567890123456789012345678901234567890123456789012345678901234567890123456789012345678901234567890123456789012345678901234567890123456789012345678901234567890123456789012345678901234567890123456789012345678901234567890123456789012345678901234567890123456789012345678901234567890123456789012345678901234567890123456789012345678901234567890123456789012345678901234567890123456789012345678901234567890123456789012345678901234567890123456789012345678901234567890123456789012345678901234567890123456789012345678901234567890123456789012345678901234567890123456789012345678901234567890123456789012345678901234567890123456789012345678901234567890123456789012345678901234567890123456789012345678901234567890123456789012345678901234567890123456789012345678901234567890123456789012345678901234567890123456789012345678901234567890123456789012345678901234567890123456789012345678901234567890123456789012345678901234567890123456789012345678901234567890123456789012345678901234567890123456789012345678901234567890123456789012345678901234567890123456789012345678901234567890123456789012345678901234567890123456789012345678901234567890123456789012345678901234567890123456789012345678901234567890123456789012345678901234567890123456789012345678901234567890123456789012345678901234567890123456789012345678901234567890123456789012345678901234567890123456789012345678901234567890123456789012345678901234567890123456789012345678901234567890123456789012345678901234567890123456789012345678901234567890123456789012345678901234567890123456789012345678901234567890123456789012345678901234567890123456789012345678901234567890123456789012345678901234567890123456789012345678901234567890123456789012345678901234567890123456789012345678901234567890123456789012345678901234567890123456789012345678901234567890123456789012345678901234567890123456789012345678901234567890123456789012345678901234567890123456789012345678901234567890123456789012345678901234567890123456789012345678901234567890123456789012345678901234567890123456789012345678901234567890123456789012345678901234567890123456789012345678901234567890123456789012345678901234567890123456789012345678901234567890123456789012345678901234567890123456789012345678901234567890123456789012345678901234567890123456789012345678901234567890123456789012345678901234567890123456789012345678901234567890123456789012345678901234567890123456789012345678901234567890123456789012345678901234567890123456789012345678901234567890123456789012345678901234567890123456789012345678901234567890123456789012345678901234567890123456789012345678901234567890123456789012345678901234567890123456789012345678901234567890123456789012345678901234567890123456789012345678901234567890123456789012345678901234567890123456789012345678901234567890123456789012345678901234567890123456789012345678901234567890123456789012345678901234567890123456789012345678901234567890123456789012345678901234567890123456789012345678901234567890123456789012345678901234567890123456789012345678901234567890123456789012345678901234567890123456789012345678901234567890123456789012345678901234567890123456789012345678901234567890123456789012345678901234567890123456789012345678901234567890123456789012345678901234567890123456789012345678901234567890123456789012345678901234567890123456789012345678901234567890123456789012345678901234567890123456789012345678901234567890123456789012345678901234567890123456789012345678901234567890123456789012345678901234567890123456789012345678901234567890123456789012345678901234567890123456789012345678901234567890123456789012345678901234567890123456789012345678901234567890123456789012345678901234567890123456789012345678901234567890123456789012345678901234567890123456789012345678901234567890123456789012345678901234567890123456789012345678901234567890123456789012345678901234567890123456789012345678901234567890123456789012345678901234567890123456789012345678901234567890123456789012345678901234567890123456789012345678901234567890123456789012345678901234567890123456789012345678901234567890123456789012345678901234567890123456789012345678901234567890123456789012345678901234567890123456789012345678901234567890123456789012345678901234567890123456789012345678901234567890123456789012345678901234567890123456789012345678901234567890123456789012345678901234567890123456789012345678901234567890123456789012345678901234567890123456789012345678901234567890123456789012345678901234567890123456789012345678901234567890123456789012345678901234567890123456789012345678901234567890123456789012345678901234567890123456789012345678901234567890123456789012345678901234567890123456789012345678901234567890123456789012345678901234567890123456789012345678901234567890123456789012345678901234567890123456789012345678901234567890123456789012345678901234567890123456789012345678901234567890123456789012345678901234567890123456789012345678901234567890123456789012345678901234567890123456789012345678901234567890123456789012345678901234567890123456789012345678901234567890123456789012345678901234567890123456789012345678901234567890123456789012345678901234567890123456789012345678901234567890123456789012345678901234567890123456789012345678901234567890123456789012345678901234567890123456789012345678901234567890123456789012345678901234567890123456789012345678901234567890123456789012345678901234567890123456789012345678901234567890123456789012345678901234567890123456789012345678901234567890123456789012345678901234567890123456789012345678901234567890123456789012345678901234567890123456789012345678901234567890123456789012345678901234567890123456789012345678901234567890123456789012345678901234567890123456789012345678901234567890123456789012345678901234567890123456789012345678901234567890123456789012345678901234567890123456789012345678901234567890123456789012345678901234567890123456789012345678901234567890123456789012345678901234567890123456789012345678901234567890123456789012345678901234567890123456789012345678901234567890123456789012345678901234567890123456789012345678901234567890123456789012345678901234567890123456789012345678901234567890123456789012345678901234567890123456789012345678901234567890123456789012345678901234567890123456789012345678901234567890123456789012345678901234567890123456789012345678901234567890123456789012345678901234567890123456789012345678901234567890123456789012345678901234567890123456789012345678901234567890123456789012345678901234567890123456789012345678901234567890123456789012345678901234567890123456789012345678901234567890123456789012345678901234567890123456789012345678901234567890123456789012345678901234567890123456789012345678901234567890123456789012345678901234567890123456789012345678901234567890123456789012345678901234567890123456789012345678901234567890123456789012345678901234567890123456789012345678901234567890123456789012345678901234567890123456789012345678901234567890123456789012345678901234567890123456789012345678901234567890123456789012345678901234567890123456789012345678901234567890123456789012345678901234567890123456789012345678901234567890123456789012345678901234567890123456789012345678901234567890123456789012345678901234567890123456789012345678901234567890123456789012345678901234567890123456789012345678901234567890123456789012345678901234567890123456789012345678901234567890123456789012345678901234567890123456789012345678901234567890123456789012345678901234567890123456789012345678901234567890123456789012345678901234567890123456789012345678901234567890123456789012345678901234567890123456789012345678901234567890123456789012345678901234567890123456789012345678901234567890123456789012345678901234567890123456789012345678901234567890123456789012345678901234567890123456789012345678901234567890123456789012345678901234567890123456789012345678901234567890123456789012345678901234567890123456789012345678901234567890123456789012345678901234567890123456789012345678901234567890123456789012345678901234567890123456789012345678901234567890123456789012345678901234567890123456789012345678901234567890123456789012345678901234567890123456789012345678901234567890123456789012345678901234567890123456789012345678901234567890123456789012345678901234567890123456789012345678901234567890123456789012345678901234567890123456789012345678901234567890123456789012345678901234567890123456789012345678901234567890123456789012345678901234567890123456789012345678901234567890123456789012345678901234567890123456789012345678901234567890123456789012345678901234567890123456789012345678901234567890123456789012345678901234567890123456789012345678901234567890123456789012345678901234567890123456789012345678901234567890123456789012345678901234567890123456789012345678901234567890123456789012345678901234567890123456789012345678901234567890123456789012345678901234567890123456789012345678901234567890123456789012345678901234567890123456789012345678901234567890123456789012345678901234567890123456789012345678901234567890123456789012345678901234567890123456789012345678901234567890123456789012345678901234567890123456789012345678901234567890123456789012345678901234567890123456789012345678901234567890123456789012345678901234567890123456789012345678901234567890123456789012345678901234567890123456789012345678901234567890123456789012345678901234567890123456789012345678901234567890123456789012345678901234567890123456789012345678901234567890123456789012345678901234567890123456789012345678901234567890123456789012345678901234567890123456789012345678901234567890123456789012345678901234567890123456789012345678901234567890123456789012345678901234567890123456789012345678901234567890123456789012345678901234567890123456789012345678901234567890123456789012345678901234567890123456789012345678901234567890123456789012345678901234567890123456789012345678901234567890123456789012345678901234567890123456789012345678901234567890123456789012345678901234567890123456789012345678901234567890123456789012345678901234567890123456789012345678901234567890123456789012345678901234567890123456789012345678901234567890123456789012345678901234567890123456789012345678901234567890123456789012345678901234567890123456789012345678901234567890123456789012345678901234567890123456789012345678901234567890123456789012345678901234567890123456789012345678901234567890123456789012345678901234567890123456789012345678901234567890123456789012345678901234567890123456789012345678901234567890123456789012345678901234567890123456789012345678901234567890123456789012345678901234567890123456789012345678901234567890123456789012345678901234567890123456789012345678901234567890123456789012345678901234567890123456789012345678901234567890123456789012345678901234567890123456789012345678901234567890123456789012345678901234567890123456789012345678901234567890123456789012345678901234567890123456789012345678901234567890123456789012345678901234567890123456789012345678901234567890123456789012345678901234567890123456789012345678901234567890123456789012345678901234567890123456789012345678901234567890123456789012345678901234567890123456789012345678901234567890123456789012345678901234567890123456789012345678901234567890123456789012345678901234567890123456789012345678901234567890123456789012345678901234567890123456789012345678901234567890123456789012345678901234567890123456789012345678901234567890123456789012345678901234567890123456789012345678901234567890123456789012345678901234567890123456789012345678901234567890123456789012345678901234567890123456789012345678901234567890123456789012345678901234567890123456789012345678901234567890123456789012345678901234567890123456789012345678901234567890123456789012345678901234567890123456789012345678901234567890123456789012345678901234567890123456789012345678901234567890123456789012345678901234567890123456789012345678901234567890123456789012345678901234567890123456789012345678901234567890123456789012345678901234567890123456789012345678901234567890123456789012345678901234567890123456789012345678901234567890123456789012345678901234567890123456789012345678901234567890123456789012345678901234567890123456789012345678901234567890123456789012345678901234567890123456789012345678901234567890123456789012345678901234567890123456789012345678901234567890123456789012345678901234567890123456789012345678901234567890123456789012345678901234567890123456789012345678901234567890123456789012345678901234567890123456789012345678901234567890123456789012345678901234567890123456789012345678901234567890123456789012345678901234567890123456789012345678901234567890123456789012345678901234567890123456789012345678901234567890123456789012345678901234567890123456789012345678901234567890123456789012345678901234567890123456789012345678901234567890123456789012345678901234567890123456789012345678901234567890123456789012345678901234567890123456789012345678901234567890123456789012345678901234567890123456789012345678901234567890123456789012345678901234567890123456789012345678901234567890123456789012345678901234567890123456789012345678901234567890123456789012345678901234567890123456789012345678901234567890123456789012345678901234567890123456789012345678901234567890123456789012345678901234567890123456789012345678901234567890123456789012345678901234567890123456789012345678901234567890123456789012345678901234567890123456789012345678901234567890123456789012345678901234567890123456789012345678901234567890123456789012345678901234567890123456789012345678901234567890123456789012345678901234567890123456789012345678901234567890123456789012345678901234567890123456789012345678901234567890123456789012345678901234567890123456789012345678901234567890123456789012345678901234567890123456789012345678901234567890123456789012345678901234567890123456789012345678901234567890123456789012345678901234567890123456789012345678901234567890123456789012345678901234567890123456789012345678901234567890123456789012345678901234567890123456789012345678901234567890123456789012345678901234567890123456789012345678901234567890123456789012345678901234567890123456789012345678901234567890123456789012345678901234567890123456789012345678901234567890123456789012345678901234567890123456789012345678901234567890123456789012345678901234567890123456789012345678901234567890123456789012345678901234567890123456789012345678901234567890123456789012345678901234567890123456789012345678901234567890123456789012345678901234567890123456789012345678901234567890123456789012345678901234567890123456789012345678901234567890123456789012345678901234567890123456789012345678901234567890123456789012345678901234567890123456789012345678901234567890123456789012345678901234567890123456789012345678901234567890123456789012345678901234567890123456789012345678901234567890123456789012345678901234567890123456789012345678901234567890123456789012345678901234567890123456789012345678901234567890123456789012345678901234567890123456789012345678901234567890123456789012345678901234567890123456789012345678901234567890123456789012345678901234567890123456789012345678901234567890123456789012345678901234567890123456789012345678901234567890123456789012345678901234567890123456789012345678901234567890123456789012345678901234567890123456789012345678901234567890123456789012345678901234567890123456789012345678901234567890123456789012345678901234567890123456789012345678901234567890123456789012345678901234567890123456789012345678901234567890123456789012345678901234567890123456789012345678901234567890123456789012345678901234567890123456789012345678901234567890123456789012345678901234567890123456789012345678901234567890123456789012345678901234567890123456789012345678901234567890123456789012345678901234567890123456789012345678901234567890123456789012345678901234567890123456789012345678901234567890123456789012345678901234567890123456789012345678901234567890123456789012345678901234567890123456789012345678901234567890123456789012345678901234567890123456789012345678901234567890123456789012345678901234567890123456789012345678901234567890123456789012345678901234567890123456789012345678901234567890123456789012345678901234567890123456789012345678901234567890123456789012345678901234567890123456789012345678901234567890123456789012345678901234567890123456789012345678901234567890123456789012345678901234567890123456789012345678901234567890123456789012345678901234567890123456789012345678901234567890123456789012345678901234567890123456789012345678901234567890123456789012345678901234567890123456789012345678901234567890123456789012345678901234567890123456789012345678901234567890123456789012345678901234567890123456789012345678901234567890123456789012345678901234567890123456789012345678901234567890123456789012345678901234567890123456789012345678901234567890123456789012345678901234567890123456789012345678901234567890123456789012345678901234567890123456789012345678901234567890123456789012345678901234567890123456789012345678901234567890123456789012345678901234567890123456789012345678901234567890123456789012345678901234567890123456789012345678901234567890123456789012345678901234567890123456789012345678901234567890123456789012345678901234567890123456789012345678901234567890123456789012345678901234567890123456789012345678901234567890123456789012345678901234567890123456789012345678901234567890123456789012345678901234567890123456789012345678901234567890123456789012345678901234567890123456789012345678901234567890123456789012345678901234567890123456789012345678901234567890123456789012345678901234567890123456789012345678901234567890123456789012345678901234567890123456789012345678901234567890123456789012345678901234567890123456789012345678901234567890123456789012345678901234567890123456789012345678901234567890123456789012345678901234567890123456789012345678901234567890123456789012345678901234567890123456789012345678901234567890123456789012345678901234567890123456789012345678901234567890123456789012345678901234567890123456789012345678901234567890123456789012345678901234567890123456789012345678901234567890123456789012345678901234567890123456789012345678901234567890123456789012345678901234567890123456789012345678901234567890123456789012345678901234567890123456789012345678901234567890123456789012345678901234567890123456789012345678901234567890123456789012345678901234567890123456789012345678901234567890123456789012345678901234567890123456789012345678901234567890123456789012345678901234567890123456789012345678901234567890123456789012345678901234567890123456789012345678901234567890123456789012345678901234567890123456789012345678901234567890123456789012345678901234567890123456789012345678901234567890123456789012345678901234567890123456789012345678901234567890123456789012345678901234567890123456789012345678901234567890123456789012345678901234567890123456789012345678901234567890123456789012345678901234567890123456789012345678901234567890123456789012345678901234567890123456789012345678901234567890123456789012345678901234567890123456789012345678901234567890123456789012345678901234567890123456789012345678901234567890123456789012345678901234567890123456789012345678901234567890123456789012345678901234567890123456789012345678901234567890123456789012345678901234567890123456789012345678901234567890123456789012345678901234567890123456789012345678901234567890123456789012345678901234567890123456789012345678901234567890123456789012345678901234567890123456789012345678901234567890123456789012345678901234567890123456789012345678901234567890123456789012345678901234567890123456789012345678901234567890123456789012345678901234567890123456789012345678901234567890123456789012345678901234567890123456789012345678901234567890123456789012345678901234567890123456789012345678901234567890123456789012345678901234567890123456789012345678901234567890123456789012345678901234567890123456789012345678901234567890123456789012345678901234567890123456789012345678901234567890123456789012345678901234567890123456789012345678901234567890123456789012345678901234567890123456789012345678901234567890123456789012345678901234567890123456789012345678901234567890123456789012345678901234567890123456789012345678901234567890123456789012345678901234567890123456789012345678901234567890123456789012345678901234567890123456789012345678901234567890123456789012345678901234567890123456789012345678901234567890123456789012345678901234567890123456789012345678901234567890123456789012345678901234567890123456789012345678901234567890123456789012345678901234567890123456789012345678901234567890123456789012345678901234567890123456789012345678901234567890123456789012345678901234567890123456789012345678901234567890123456789012345678901234567890123456789012345678901234567890123456789012345678901234567890123456789012345678901234567890123456789012345678901234567890123456789012345678901234567890123456789012345678901234567890123456789012345678901234567890123456789012345678901234567890123456789012345678901234567890123456789012345678901234567890123456789012345678901234567890123456789012345678901234567890123456789012345678901234567890123456789012345678901234567890123456789012345678901234567890123456789012345678901234567890123456789012345678901234567890123456789012345678901234567890123456789012345678901234567890123456789012345678901234567890123456789012345678901234567890123456789012345678901234567890123456789012345678901234567890123456789012345678901234567890123456789012345678901234567890123456789012345678901234567890123456789012345678901234567890123456789012345678901234567890123456789012345678901234567890123456789012345678901234567890123456789012345678901234567890123456789012345678901234567890123456789012345678901234567890123456789012345678901234567890123456789012345678901234567890123456789012345678901234567890123456789012345678901234567890123456789012345678901234567890123456789012345678901234567890123456789012345678901234567890123456789012345678901234567890123456789012345678901234567890123456789012345678901234567890123456789012345678901234567890123456789012345678901234567890123456789012345678901234567890123456789012345678901234567890123456789012345678901234567890123456789012345678901234567890123456789012345678901234567890123456789012345678901234567890123456789012345678901234567890123456789012345678901234567890123456789012345678901234567890123456789012345678901234567890123456789012345678901234567890123456789012345678901234567890123456789012345678901234567890123456789012345678901234567890123456789012345678901234567890123456789012345678901234567890123456789012345678901234567890123456789012345678901234567890123456789012345678901234567890123456789012345678901234567890123456789012345678901234567890123456789012345678901234567890123456789012345678901234567890123456789012345678901234567890123456789012345678901234567890123456789012345678901234567890123456789012345678901234567890123456789012345678901234567890123456789012345678901234567890123456789012345678901234567890123456789012345678901234567890123456789012345678901234567890123456789012345678901234567890123456789012345678901234567890123456789012345678901234567890123456789012345678901234567890123456789012345678901234567890123456789012345678901234567890123456789012345678901234567890123456789012345678901234567890123456789012345678901234567890123456789012345678901234567890123456789012345678901234567890123456789012345678901234567890123456789012345678901234567890123456789012345678901234567890123456789012345678901234567890123456789012345678901234567890123456789012345678901234567890123456789012345678901234567890123456789012345678901234567890123456789012345678901234567890123456789012345678901234567890123456789012345678901234567890123456789012345678901234567890123456789012345678901234567890123456789012345678901234567890123456789012345678901234567890123456789012345678901234567890123456789012345678901234567890123456789012345678901234567890123456789012345678901234567890123456789012345678901234567890123456789012345678901234567890123456789012345678901234567890123456789012345678901234567890123456789012345678901234567890123456789012345678901234567890123456789012345678901234567890123456789012345678901234567890123456789012345678901234567890123456789012345678901234567890123456789012345678901234567890123456789012345678901234567890123456789012345678901234567890123456789012345678901234567890123456789012345678901234567890123456789012345678901234567890123456789012345678901234567890123456789012345678901234567890123456789012345678901234567890123456789012345678901234567890123456789012345678901234567890123456789012345678901234567890123456789012345678901234567890123456789012345678901234567890123456789012345678901234567890123456789012345678901234567890123456789012345678901234567890123456789012345678901234567890123456789012345678901234567890123456789012345678901234567890123456789012345678901234567890123456789012345678901234567890123456789012345678901234567890123456789012345678901234567890123456789012345678901234567890123456789012345678901234567890123456789012345678901234567890123456789012345678901234567890123456789012345678901234567890123456789012345678901234567890123456789012345678901234567890123456789012345678901234567890123456789012345678901234567890123456789012345678901234567890123456789012345678901234567890123456789012345678901234567890123456789012345678901234567890123456789012345678901234567890123456789012345678901234567890123456789012345678901234567890123456789012345678901234567890123456789012345678901234567890123456789012345678901234567890123456789012345678901234567890123456789012345678901234567890123456789012345678901234567890123456789012345678901234567890123456789012345678901234567890123456789012345678901234567890123456789012345678901234567890123456789012345678901234567890123456789012345678901234567890123456789012345678901234567890123456789012345678901234567890123456789012345678901234567890123456789012345678901234567890123456789012345678901234567890123456789012345678901234567890123456789012345678901234567890123456789012345678901234567890123456789012345678901234567890123456789012345678901234567890123456789012345678901234567890123456789012345678901234567890123456789012345678901234567890123456789012345678901234567890123456789012345678901234567890123456789012345678901234567890123456789012345678901234567890123456789012345678901234567890123456789012345678901234567890123456789012345678901234567890123456789012345678901234567890123456789012345678901234567890123456789012345678901234567890123456789012345678901234567890123456789012345678901234567890123456789012345678901234567890123456789012345678901234567890123456789012345678901234567890123456789012345678901234567890123456789012345678901234567890123456789012345678901234567890123456789012345678901234567890123456789012345678901234567890123456789012345678901234567890123456789012345678901234567890123456789012345678901234567890123456789012345678901234567890123456789012345678901234567890123456789012345678901234567890123456789012345678901234567890123456789012345678901234567890123456789012345678901234567890123456789012345678901234567890123456789012345678901234567890123456789012345678901234567890123456789012345678901234567890123456789012345678901234567890123456789012345678901234567890123456789012345678901234567890123456789012345678901234567890123456789012345678901234567890123456789012345678901234567890123456789012345678901234567890123456789012345678901234567890123456789012345678901234567890123456789012345678901234567890123456789012345678901234567890123456789012345678901234567890123456789012345678901234567890123456789012345678901234567890123456789012345678901234567890123456789012345678901234567890123456789012345678901234567890123456789012345678901234567890123456789012345678901234567890123456789012345678901234567890123456789012345678901234567890123456789012345678901234567890123456789012345678901234567890123456789012345678901234567890123456789012345678901234567890123456789012345678901234567890123456789012345678901234567890123456789012345678901234567890123456789012345678901234567890123456789012345678901234567890123456789012345678901234567890123456789012345678901234567890123456789012345678901234567890123456789012345678901234567890123456789012345678901234567890123456789012345678901234567890123456789012345678901234567890123456789012345678901234567890123456789012345678901234567890123456789012345678901234567890123456789012345678901234567890123456789012345678901234567890123456789012345678901234567890123456789012345678901234567890123456789012345678901234567890123456789012345678901234567890123456789012345678901234567890123456789012345678901234567890123456789012345678901234567890123456789012345678901234567890123456789012345678901234567890123456789012345678901234567890123456789012345678901234567890123456789012345678901234567890123456789012345678901234567890123456789012345678901234567890123456789012345678901234567890123456789012345678901234567890123456789012345678901234567890123456789012345678901234567890123456789012345678901234567890123456789012345678901234567890123456789012345678901234567890123456789012345678901234567890123456789012345678901234567890123456789012345678901234567890123456789012345678901234567890123456789012345678901234567890123456789012345678901234567890123456789012345678901234567890123456789012345678901234567890123456789012345678901234567890123456789012345678901234567890123456789012345678901234567890123456789012345678901234567890123456789012345678901234567890123456789012345678901234567890123456789012345678901234567890123456789012345678901234567890123456789012345678901234567890123456789012345678901234567890123456789012345678901234567890123456789012345678901234567890123456789012345678901234567890123456789012345678901234567890123456789012345678901234567890123456789012345678901234567890123456789012345678901234567890123456789012345678901234567890123456789012345678901234567890123456789012345678901234567890123456789012345678901234567890123456789012345678901234567890123456789012345678901234567890123456789012345678901234567890123456789012345678901234567890123456789012345678901234567890123456789012345678901234567890123456789012345678901234567890123456789012345678901234567890123456789012345678901234567890123456789012345678901234567890123456789012345678901234567890123456789012345678901234567890123456789012345678901234567890123456789012345678901234567890123456789012345678901234567890123456789012345678901234567890123456789012345678901234567890123456789012345678901234567890123456789012345678901234567890123456789012345678901234567890123456789012345678901234567890123456789012345678901234567890123456789012345678901234567890123456789012345678901234567890123456789012345678901234567890123456789012345678901234567890123456789012345678901234567890123456789012345678901234567890123456789012345678901234567890123456789012345678901234567890123456789012345678901234567890123456789012345678901234567890123456789012345678901234567890123456789012345678901234567890123456789012345678901234567890123456789012345678901234567890123456789012345678901234567890123456789012345678901234567890123456789012345678901234567890123456789012345678901234567890123456789012345678901234567890123456789012345678901234567890123456789012345678901234567890123456789012345678901234567890123456789012345678901234567890123456789012345678901234567890123456789012345678901234567890123456789012345678901234567890123456789012345678901234567890123456789012345678901234567890123456789012345678901234567890123456789012345678901234567890123456789012345678901234567890123456789012345678901234567890123456789012345678901234567890123456789012345678901234567890123456789012345678901234567890123456789012345678901234567890123456789012345678901234567890123456789012345678901234567890123456789012345678901234567890123456789012345678901234567890123456789012345678901234567890123456789012345678901234567890123456789012345678901234567890123456789012345678901234567890123456789012345678901234567890123456789012345678901234567890123456789012345678901234567890123456789012345678901234567890123456789012345678901234567890123456789012345678901234567890123456789012345678901234567890123456789012345678901234567890123456789012345678901234567890123456789012345678901234567890123456789012345678901234567890123456789012345678901234567890123456789012345678901234567890123456789012345678901234567890123456789012345678901234567890123456789012345678901234567890123456789012345678901234567890123456789012345678901234567890123456789012345678901234567890123456789012345678901234567890123456789012345678901234567890123456789012345678901234567890123456789012345678901234567890123456789012345678901234567890123456789012345678901234567890123456789012345678901234567890123456789012345678901234567890123456789012345678901234567890123456789012345678901234567890123456789012345678901234567890123456789012345678901234567890123456789012345678901234567890123456789012345678901234567890123456789012345678901234567890123456789012345678901234567890123456789012345678901234567890123456789012345678901234567890123456789012345678901234567890123456789012345678901234567890123456789012345678901234567890123456789012345678901234567890123456789012345678901234567890123456789012345678901234567890123456789012345678901234567890123456789012345678901234567890123456789012345678901234567890123456789012345678901234567890123456789012345678901234567890123456789012345678901234567890123456789012345678901234567890123456789012345678901234567890123456789012345678901234567890123456789012345678901234567890123456789012345678901234567890123456789012345678901234567890123456789012345678901234567890123456789012345678901234567890123456789012345678901234567890123456789012345678901234567890123456789012345678901234567890123456789012345678901234567890123456789012345678901234567890123456789012345678901234567890123456789012345678901234567890123456789012345678901234567890123456789012345678901234567890123456789012345678901234567890123456789012345678901234567890123456789012345678901234567890123456789012345678901234567890123456789012345678901234567890123456789012345678901234567890123456789012345678901234567890123456789012345678901234567890123456789012345678901234567890123456789012345678901234567890123456789012345678901234567890123456789012345678901234567890123456789012345678901234567890123456789012345678901234567890123456789012345678901234567890123456789012345678901234567890123456789012345678901234567890123456789012345678901234567890123456789012345678901234567890123456789012345678901234567890123456789012345678901234567890123456789012345678901234567890123456789012345678901234567890123456789012345678901234567890123456789012345678901234567890123456789012345678901234567890123456789012345678901234567890123456789012345678901234567890123456789012345678901234567890123456789012345678901234567890123456789012345678901234567890123456789012345678901234567890123456789012345678901234567890123456789012345678901234567890123456789012345678901234567890123456789012345678901234567890123456789012345678901234567890123456789012345678901234567890123456789012345678901234567890123456789012345678901234567890123456789012345678901234567890123456789012345678901234567890123456789012345678901234567890123456789012345678901234567890123456789012345678901234567890123456789012345678901234567890123456789012345678901234567890123456789012345678901234567890123456789012345678901234567890123456789012345678901234567890123456789012345678901234567890123456789012345678901234567890123456789012345678901234567890123456789012345678901234567890123456789012345678901234567890123456789012345678901234567890123456789012345678901234567890123456789012345678901234567890123456789012345678901234567890123456789012345678901234567890123456789012345678901234567890123456789012345678901234567890123456789012345678901234567890123456789012345678901234567890123456789012345678901234567890123456789012345678901234567890123456789012345678901234567890123456789012345678901234567890123456789012345678901234567890123456789012345678901234567890123456789012345678901234567890123456789012345678901234567890123456789012345678901234567890123456789012345678901234567890123456789012345678901234567890123456789012345678901234567890123456789012345678901234567890123456789012345678901234567890123456789012345678901234567890123456789012345678901234567890123456789012345678901234567890123456789012345678901234567890123456789012345678901234567890123456789012345678901234567890123456789012345678901234567890123456789012345678901234567890123456789012345678901234567890123456789012345678901234567890123456789012345678901234567890123456789012345678901234567890123456789012345678901234567890123456789012345678901234567890123456789012345678901234567890123456789012345678901234567890123456789012345678901234567890123456789012345678901234567890123456789012345678901234567890123456789012345678901234567890123456789012345678901234567890123456789012345678901234567890123456789012345678901234567890123456789012345678901234567890123456789012345678901234567890123456789012345678901234567890123456789012345678901234567890123456789012345678901234567890123456789012345678901234567890123456789012345678901234567890123456789012345678901234567890123456789012345678901234567890123456789012345678901234567890123456789012345678901234567890123456789012345678901234567890123456789012345678901234567890123456789012345678901234567890123456789012345678901234567890123456789012345678901234567890123456789012345678901234567890123456789012345678901234567890123456789012345678901234567890123456789012345678901234567890123456789012345678901234567890123456789012345678901234567890123456789012345678901234567890123456789012345678901234567890123456789012345678901234567890123456789012345678901234567890123456789012345678901234567890123456789012345678901234567890123456789012345678901234567890123456789012345678901234567890123456789012345678901234567890123456789012345678901234567890123456789012345678901234567890123456789012345678901234567890123456789012345678901234567890123456789012345678901234567890123456789012345678901234567890123456789012345678901234567890123456789012345678901234567890123456789012345678901234567890123456789012345678901234567890123456789012345678901234567890123456789012345678901234567890123456789012345678901234567890123456789012345678901234567890123456789012345678901234567890123456789012345678901234567890123456789012345678901234567890123456789012345678901234567890123456789012345678901234567890123456789012345678901234567890123456789012345678901234567890123456789012345678901234567890123456789012345678901234567890123456789012345678901234567890123456789012345678901234567890123456789012345678901234567890123456789012345678901234567890123456789012345678901234567890123456789012345678901234567890123456789012345678901234567890123456789012345678901234567890123456789012345678901234567890123456789012345678901234567890123456789012345678901234567890123456789012345678901234567890123456789012345678901234567890123456789012345678901234567890123456789012345678901234567890123456789012345678901234567890123456789012345678901234567890123456789012345678901234567890123456789012345678901234567890123456789012345678901234567890123456789012345678901234567890123456789012345678901234567890123456789012345678901234567890123456789012345678901234567890123456789012345678901234567890123456789012345678901234567890123456789012345678901234567890123456789012345678901234567890123456789012345678901234567890123456789012345678901234567890123456789012345678901234567890123456789012345678901234567890123456789012345678901234567890123456789012345678901234567890123456789012345678901234567890123456789012345678901234567890123456789012345678901234567890123456789012345678901234567890123456789012345678901234567890123456789012345678901234567890123456789012345678901234567890123456789012345678901234567890123456789012345678901234567890123456789012345678901234567890123456789012345678901234567890123456789012345678901234567890123456789012345678901234567890123456789012345678901234567890123456789012345678901234567890123456789012345678901234567890123456789012345678901234567890123456789012345678901234567890123456789012345678901234567890123456789012345678901234567890123456789012345678901234567890123456789012345678901234567890123456789012345678901234567890123456789012345678901234567890123456789012345678901234567890123456789012345678901234567890123456789012345678901234567890123456789012345678901234567890123456789012345678901234567890123456789012345678901234567890123456789012345678901234567890123456789012345678901234567890123456789012345678901234567890123456789012345678901234567890123456789012345678901234567890123456789012345678901234567890123456789012345678901234567890123456789012345678901234567890123456789012345678901234567890123456789012345678901234567890123456789012345678901234567890123456789012345678901234567890123456789012345678901234567890123456789012345678901234567890123456789012345678901234567890123456789012345678901234567890123456789012345678901234567890123456789012345678901234567890123456789012345678901234567890123456789012345678901234567890123456789012345678901234567890123456789012345678901234567890123456789012345678901234567890123456789012345678901234567890123456789012345678901234567890123456789012345678901234567890123456789012345678901234567890123456789012345678901234567890123456789012345678901234567890123456789012345678901234567890123456789012345678901234567890123456789012345678901234567890123456789012345678901234567890123456789012345678901234567890123456789012345678901234567890123456789012345678901234567890123456789012345678901234567890123456789012345678901234567890123456789012345678901234567890123456789012345678901234567890123456789012345678901234567890123456789012345678901234567890123456789012345678901234567890123456789012345678901234567890123456789012345678901234567890123456789012345678901234567890123456789012345678901234567890123456789012345678901234567890123456789012345678901234567890123456789012345678901234567890123456789012345678901234567890123456789012345678901234', 'publish', '2018-03-26 21:56:48', '2018-04-01 02:40:07', '2018-04-01 02:40:07');
INSERT INTO `comments` (`id`, `user_id`, `food_id`, `title`, `rating`, `text`, `status`, `created_at`, `updated_at`, `deleted_at`) VALUES
(17, 10, 4, 'Default title', '3', '0123456789012345678901234567890123456789012345678901234567890123456789012345678901234567890123456789012345678901234567890123456789012345678901234567890123456789012345678901234567890123456789012345678901234567890123456789012345678901234567890123456789012345678901234567890123456789012345678901234567890123456789012345678901234567890123456789012345678901234567890123456789012345678901234567890123456789012345678901234567890123456789012345678901234567890123456789012345678901234567890123456789012345678901234567890123456789012345678901234567890123456789012345678901234567890123456789012345678901234567890123456789012345678901234567890123456789012345678901234567890123456789012345678901234567890123456789012345678901234567890123456789012345678901234567890123456789012345678901234567890123456789012345678901234567890123456789012345678901234567890123456789012345678901234567890123456789012345678901234567890123456789012345678901234567890123456789012345678901234567890123456789012345678901234567890123456789012345678901234567890123456789012345678901234567890123456789012345678901234567890123456789012345678901234567890123456789012345678901234567890123456789012345678901234567890123456789012345678901234567890123456789012345678901234567890123456789012345678901234567890123456789012345678901234567890123456789012345678901234567890123456789012345678901234567890123456789012345678901234567890123456789012345678901234567890123456789012345678901234567890123456789012345678901234567890123456789012345678901234567890123456789012345678901234567890123456789012345678901234567890123456789012345678901234567890123456789012345678901234567890123456789012345678901234567890123456789012345678901234567890123456789012345678901234567890123456789012345678901234567890123456789012345678901234567890123456789012345678901234567890123456789012345678901234567890123456789012345678901234567890123456789012345678901234567890123456789012345678901234567890123456789012345678901234567890123456789012345678901234567890123456789012345678901234567890123456789012345678901234567890123456789012345678901234567890123456789012345678901234567890123456789012345678901234567890123456789012345678901234567890123456789012345678901234567890123456789012345678901234567890123456789012345678901234567890123456789012345678901234567890123456789012345678901234567890123456789012345678901234567890123456789012345678901234567890123456789012345678901234567890123456789012345678901234567890123456789012345678901234567890123456789012345678901234567890123456789012345678901234567890123456789012345678901234567890123456789012345678901234567890123456789012345678901234567890123456789012345678901234567890123456789012345678901234567890123456789012345678901234567890123456789012345678901234567890123456789012345678901234567890123456789012345678901234567890123456789012345678901234567890123456789012345678901234567890123456789012345678901234567890123456789012345678901234567890123456789012345678901234567890123456789012345678901234567890123456789012345678901234567890123456789012345678901234567890123456789012345678901234567890123456789012345678901234567890123456789012345678901234567890123456789012345678901234567890123456789012345678901234567890123456789012345678901234567890123456789012345678901234567890123456789012345678901234567890123456789012345678901234567890123456789012345678901234567890123456789012345678901234567890123456789012345678901234567890123456789012345678901234567890123456789012345678901234567890123456789012345678901234567890123456789012345678901234567890123456789012345678901234567890123456789012345678901234567890123456789012345678901234567890123456789012345678901234567890123456789012345678901234567890123456789012345678901234567890123456789012345678901234567890123456789012345678901234567890123456789012345678901234567890123456789012345678901234567890123456789012345678901234567890123456789012345678901234567890123456789012345678901234567890123456789012345678901234567890123456789012345678901234567890123456789012345678901234567890123456789012345678901234567890123456789012345678901234567890123456789012345678901234567890123456789012345678901234567890123456789012345678901234567890123456789012345678901234567890123456789012345678901234567890123456789012345678901234567890123456789012345678901234567890123456789012345678901234567890123456789012345678901234567890123456789012345678901234567890123456789012345678901234567890123456789012345678901234567890123456789012345678901234567890123456789012345678901234567890123456789012345678901234567890123456789012345678901234567890123456789012345678901234567890123456789012345678901234567890123456789012345678901234567890123456789012345678901234567890123456789012345678901234567890123456789012345678901234567890123456789012345678901234567890123456789012345678901234567890123456789012345678901234567890123456789012345678901234567890123456789012345678901234567890123456789012345678901234567890123456789012345678901234567890123456789012345678901234567890123456789012345678901234567890123456789012345678901234567890123456789012345678901234567890123456789012345678901234567890123456789012345678901234567890123456789012345678901234567890123456789012345678901234567890123456789012345678901234567890123456789012345678901234567890123456789012345678901234567890123456789012345678901234567890123456789012345678901234567890123456789012345678901234567890123456789012345678901234567890123456789012345678901234567890123456789012345678901234567890123456789012345678901234567890123456789012345678901234567890123456789012345678901234567890123456789012345678901234567890123456789012345678901234567890123456789012345678901234567890123456789012345678901234567890123456789012345678901234567890123456789012345678901234567890123456789012345678901234567890123456789012345678901234567890123456789012345678901234567890123456789012345678901234567890123456789012345678901234567890123456789012345678901234567890123456789012345678901234567890123456789012345678901234567890123456789012345678901234567890123456789012345678901234567890123456789012345678901234567890123456789012345678901234567890123456789012345678901234567890123456789012345678901234567890123456789012345678901234567890123456789012345678901234567890123456789012345678901234567890123456789012345678901234567890123456789012345678901234567890123456789012345678901234567890123456789012345678901234567890123456789012345678901234567890123456789012345678901234567890123456789012345678901234567890123456789012345678901234567890123456789012345678901234567890123456789012345678901234567890123456789012345678901234567890123456789012345678901234567890123456789012345678901234567890123456789012345678901234567890123456789012345678901234567890123456789012345678901234567890123456789012345678901234567890123456789012345678901234567890123456789012345678901234567890123456789012345678901234567890123456789012345678901234567890123456789012345678901234567890123456789012345678901234567890123456789012345678901234567890123456789012345678901234567890123456789012345678901234567890123456789012345678901234567890123456789012345678901234567890123456789012345678901234567890123456789012345678901234567890123456789012345678901234567890123456789012345678901234567890123456789012345678901234567890123456789012345678901234567890123456789012345678901234567890123456789012345678901234567890123456789012345678901234567890123456789012345678901234567890123456789012345678901234567890123456789012345678901234567890123456789012345678901234567890123456789012345678901234567890123456789012345678901234567890123456789012345678901234567890123456789012345678901234567890123456789012345678901234567890123456789012345678901234567890123456789012345678901234567890123456789012345678901234567890123456789012345678901234567890123456789012345678901234567890123456789012345678901234567890123456789012345678901234567890123456789012345678901234567890123456789012345678901234567890123456789012345678901234567890123456789012345678901234567890123456789012345678901234567890123456789012345678901234567890123456789012345678901234567890123456789012345678901234567890123456789012345678901234567890123456789012345678901234567890123456789012345678901234567890123456789012345678901234567890123456789012345678901234567890123456789012345678901234567890123456789012345678901234567890123456789012345678901234567890123456789012345678901234567890123456789012345678901234567890123456789012345678901234567890123456789012345678901234567890123456789012345678901234567890123456789012345678901234567890123456789012345678901234567890123456789012345678901234567890123456789012345678901234567890123456789012345678901234567890123456789012345678901234567890123456789012345678901234567890123456789012345678901234567890123456789012345678901234567890123456789012345678901234567890123456789012345678901234567890123456789012345678901234567890123456789012345678901234567890123456789012345678901234567890123456789012345678901234567890123456789012345678901234567890123456789012345678901234567890123456789012345678901234567890123456789012345678901234567890123456789012345678901234567890123456789012345678901234567890123456789012345678901234567890123456789012345678901234567890123456789012345678901234567890123456789012345678901234567890123456789012345678901234567890123456789012345678901234567890123456789012345678901234567890123456789012345678901234567890123456789012345678901234567890123456789012345678901234567890123456789012345678901234567890123456789012345678901234567890123456789012345678901234567890123456789012345678901234567890123456789012345678901234567890123456789012345678901234567890123456789012345678901234567890123456789012345678901234567890123456789012345678901234567890123456789012345678901234567890123456789012345678901234567890123456789012345678901234567890123456789012345678901234567890123456789012345678901234567890123456789012345678901234567890123456789012345678901234567890123456789012345678901234567890123456789012345678901234567890123456789012345678901234567890123456789012345678901234567890123456789012345678901234567890123456789012345678901234567890123456789012345678901234567890123456789012345678901234567890123456789012345678901234567890123456789012345678901234567890123456789012345678901234567890123456789012345678901234567890123456789012345678901234567890123456789012345678901234567890123456789012345678901234567890123456789012345678901234567890123456789012345678901234567890123456789012345678901234567890123456789012345678901234567890123456789012345678901234567890123456789012345678901234567890123456789012345678901234567890123456789012345678901234567890123456789012345678901234567890123456789012345678901234567890123456789012345678901234567890123456789012345678901234567890123456789012345678901234567890123456789012345678901234567890123456789012345678901234567890123456789012345678901234567890123456789012345678901234567890123456789012345678901234567890123456789012345678901234567890123456789012345678901234567890123456789012345678901234567890123456789012345678901234567890123456789012345678901234567890123456789012345678901234567890123456789012345678901234567890123456789012345678901234567890123456789012345678901234567890123456789012345678901234567890123456789012345678901234567890123456789012345678901234567890123456789012345678901234567890123456789012345678901234567890123456789012345678901234567890123456789012345678901234567890123456789012345678901234567890123456789012345678901234567890123456789012345678901234567890123456789012345678901234567890123456789012345678901234567890123456789012345678901234567890123456789012345678901234567890123456789012345678901234567890123456789012345678901234567890123456789012345678901234567890123456789012345678901234567890123456789012345678901234567890123456789012345678901234567890123456789012345678901234567890123456789012345678901234567890123456789012345678901234567890123456789012345678901234567890123456789012345678901234567890123456789012345678901234567890123456789012345678901234567890123456789012345678901234567890123456789012345678901234567890123456789012345678901234567890123456789012345678901234567890123456789012345678901234567890123456789012345678901234567890123456789012345678901234567890123456789012345678901234567890123456789012345678901234567890123456789012345678901234567890123456789012345678901234567890123456789012345678901234567890123456789012345678901234567890123456789012345678901234567890123456789012345678901234567890123456789012345678901234567890123456789012345678901234567890123456789012345678901234567890123456789012345678901234567890123456789012345678901234567890123456789012345678901234567890123456789012345678901234567890123456789012345678901234567890123456789012345678901234567890123456789012345678901234567890123456789012345678901234567890123456789012345678901234567890123456789012345678901234567890123456789012345678901234567890123456789012345678901234567890123456789012345678901234567890123456789012345678901234567890123456789012345678901234567890123456789012345678901234567890123456789012345678901234567890123456789012345678901234567890123456789012345678901234567890123456789012345678901234567890123456789012345678901234567890123456789012345678901234567890123456789012345678901234567890123456789012345678901234567890123456789012345678901234567890123456789012345678901234567890123456789012345678901234567890123456789012345678901234567890123456789012345678901234567890123456789012345678901234567890123456789012345678901234567890123456789012345678901234567890123456789012345678901234567890123456789012345678901234567890123456789012345678901234567890123456789012345678901234567890123456789012345678901234567890123456789012345678901234567890123456789012345678901234567890123456789012345678901234567890123456789012345678901234567890123456789012345678901234567890123456789012345678901234567890123456789012345678901234567890123456789012345678901234567890123456789012345678901234567890123456789012345678901234567890123456789012345678901234567890123456789012345678901234567890123456789012345678901234567890123456789012345678901234567890123456789012345678901234567890123456789012345678901234567890123456789012345678901234567890123456789012345678901234567890123456789012345678901234567890123456789012345678901234567890123456789012345678901234567890123456789012345678901234567890123456789012345678901234567890123456789012345678901234567890123456789012345678901234567890123456789012345678901234567890123456789012345678901234567890123456789012345678901234567890123456789012345678901234567890123456789012345678901234567890123456789012345678901234567890123456789012345678901234567890123456789012345678901234567890123456789012345678901234567890123456789012345678901234567890123456789012345678901234567890123456789012345678901234567890123456789012345678901234567890123456789012345678901234567890123456789012345678901234567890123456789012345678901234567890123456789012345678901234567890123456789012345678901234567890123456789012345678901234567890123456789012345678901234567890123456789012345678901234567890123456789012345678901234567890123456789012345678901234567890123456789012345678901234567890123456789012345678901234567890123456789012345678901234567890123456789012345678901234567890123456789012345678901234567890123456789012345678901234567890123456789012345678901234567890123456789012345678901234567890123456789012345678901234567890123456789012345678901234567890123456789012345678901234567890123456789012345678901234567890123456789012345678901234567890123456789012345678901234567890123456789012345678901234567890123456789012345678901234567890123456789012345678901234567890123456789012345678901234567890123456789012345678901234567890123456789012345678901234567890123456789012345678901234567890123456789012345678901234567890123456789012345678901234567890123456789012345678901234567890123456789012345678901234567890123456789012345678901234567890123456789012345678901234567890123456789012345678901234567890123456789012345678901234567890123456789012345678901234567890123456789012345678901234567890123456789012345678901234567890123456789012345678901234567890123456789012345678901234567890123456789012345678901234567890123456789012345678901234567890123456789012345678901234567890123456789012345678901234567890123456789012345678901234567890123456789012345678901234567890123456789012345678901234567890123456789012345678901234567890123456789012345678901234567890123456789012345678901234567890123456789012345678901234567890123456789012345678901234567890123456789012345678901234567890123456789012345678901234567890123456789012345678901234567890123456789012345678901234567890123456789012345678901234567890123456789012345678901234567890123456789012345678901234567890123456789012345678901234567890123456789012345678901234567890123456789012345678901234567890123456789012345678901234567890123456789012345678901234567890123456789012345678901234567890123456789012345678901234567890123456789012345678901234567890123456789012345678901234567890123456789012345678901234567890123456789012345678901234567890123456789012345678901234567890123456789012345678901234567890123456789012345678901234567890123456789012345678901234567890123456789012345678901234567890123456789012345678901234567890123456789012345678901234567890123456789012345678901234567890123456789012345678901234567890123456789012345678901234567890123456789012345678901234567890123456789012345678901234567890123456789012345678901234567890123456789012345678901234567890123456789012345678901234567890123456789012345678901234567890123456789012345678901234567890123456789012345678901234567890123456789012345678901234567890123456789012345678901234567890123456789012345678901234567890123456789012345678901234567890123456789012345678901234567890123456789012345678901234567890123456789012345678901234567890123456789012345678901234567890123456789012345678901234567890123456789012345678901234567890123456789012345678901234567890123456789012345678901234567890123456789012345678901234567890123456789012345678901234567890123456789012345678901234567890123456789012345678901234567890123456789012345678901234567890123456789012345678901234567890123456789012345678901234567890123456789012345678901234567890123456789012345678901234567890123456789012345678901234567890123456789012345678901234567890123456789012345678901234567890123456789012345678901234567890123456789012345678901234567890123456789012345678901234567890123456789012345678901234567890123456789012345678901234567890123456789012345678901234567890123456789012345678901234567890123456789012345678901234567890123456789012345678901234567890123456789012345678901234567890123456789012345678901234567890123456789012345678901234567890123456789012345678901234567890123456789012345678901234567890123456789012345678901234567890123456789012345678901234567890123456789012345678901234567890123456789012345678901234567890123456789012345678901234567890123456789012345678901234567890123456789012345678901234567890123456789012345678901234567890123456789012345678901234567890123456789012345678901234567890123456789012345678901234567890123456789012345678901234567890123456789012345678901234567890123456789012345678901234567890123456789012345678901234567890123456789012345678901234567890123456789012345678901234567890123456789012345678901234567890123456789012345678901234567890123456789012345678901234567890123456789012345678901234567890123456789012345678901234567890123456789012345678901234567890123456789012345678901234567890123456789012345678901234567890123456789012345678901234567890123456789012345678901234567890123456789012345678901234567890123456789012345678901234567890123456789012345678901234567890123456789012345678901234567890123456789012345678901234567890123456789012345678901234567890123456789012345678901234567890123456789012345678901234567890123456789012345678901234567890123456789012345678901234567890123456789012345678901234567890123456789012345678901234567890123456789012345678901234567890123456789012345678901234567890123456789012345678901234567890123456789012345678901234567890123456789012345678901234567890123456789012345678901234567890123456789012345678901234567890123456789012345678901234567890123456789012345678901234567890123456789012345678901234567890123456789012345678901234567890123456789012345678901234567890123456789012345678901234567890123456789012345678901234567890123456789012345678901234567890123456789012345678901234567890123456789012345678901234567890123456789012345678901234567890123456789012345678901234567890123456789012345678901234567890123456789012345678901234567890123456789012345678901234567890123456789012345678901234567890123456789012345678901234567890123456789012345678901234567890123456789012345678901234567890123456789012345678901234567890123456789012345678901234567890123456789012345678901234567890123456789012345678901234567890123456789012345678901234567890123456789012345678901234567890123456789012345678901234567890123456789012345678901234567890123456789012345678901234567890123456789012345678901234567890123456789012345678901234567890123456789012345678901234567890123456789012345678901234567890123456789012345678901234567890123456789012345678901234567890123456789012345678901234567890123456789012345678901234567890123456789012345678901234567890123456789012345678901234567890123456789012345678901234567890123456789012345678901234567890123456789012345678901234567890123456789012345678901234567890123456789012345678901234567890123456789012345678901234567890123456789012345678901234567890123456789012345678901234567890123456789012345678901234567890123456789012345678901234567890123456789012345678901234567890123456789012345678901234567890123456789012345678901234567890123456789012345678901234567890123456789012345678901234567890123456789012345678901234567890123456789012345678901234567890123456789012345678901234567890123456789012345678901234567890123456789012345678901234567890123456789012345678901234567890123456789012345678901234567890123456789012345678901234567890123456789012345678901234567890123456789012345678901234567890123456789012345678901234567890123456789012345678901234567890123456789012345678901234567890123456789012345678901234567890123456789012345678901234567890123456789012345678901234567890123456789012345678901234567890123456789012345678901234567890123456789012345678901234567890123456789012345678901234567890123456789012345678901234567890123456789012345678901234567890123456789012345678901234567890123456789012345678901234567890123456789012345678901234567890123456789012345678901234567890123456789012345678901234567890123456789012345678901234567890123456789012345678901234567890123456789012345678901234567890123456789012345678901234567890123456789012345678901234567890123456789012345678901234567890123456789012345678901234567890123456789012345678901234567890123456789012345678901234567890123456789012345678901234567890123456789012345678901234567890123456789012345678901234567890123456789012345678901234567890123456789012345678901234567890123456789012345678901234567890123456789012345678901234567890123456789012345678901234567890123456789012345678901234567890123456789012345678901234567890123456789012345678901234567890123456789012345678901234567890123456789012345678901234567890123456789012345678901234567890123456789012345678901234567890123456789012345678901234567890123456789012345678901234567890123456789012345678901234567890123456789012345678901234567890123456789012345678901234567890123456789012345678901234567890123456789012345678901234567890123456789012345678901234567890123456789012345678901234567890123456789012345678901234567890123456789012345678901234567890123456789012345678901234567890123456789012345678901234567890123456789012345678901234567890123456789012345678901234567890123456789012345678901234567890123456789012345678901234567890123456789012345678901234567890123456789012345678901234567890123456789012345678901234567890123456789012345678901234567890123456789012345678901234567890123456789012345678901234567890123456789012345678901234567890123456789012345678901234567890123456789012345678901234567890123456789012345678901234567890123456789012345678901234567890123456789012345678901234567890123456789012345678901234567890123456789012345678901234567890123456789012345678901234567890123456789012345678901234567890123456789012345678901234567890123456789012345678901234567890123456789012345678901234567890123456789012345678901234567890123456789012345678901234567890123456789012345678901234567890123456789012345678901234567890123456789012345678901234567890123456789012345678901234567890123456789012345678901234567890123456789012345678901234567890123456789012345678901234567890123456789012345678901234567890123456789012345678901234567890123456789012345678901234567890123456789012345678901234567890123456789012345678901234567890123456789012345678901234567890123456789012345678901234567890123456789012345678901234567890123456789012345678901234567890123456789012345678901234567890123456789012345678901234567890123456789012345678901234567890123456789012345678901234567890123456789012345678901234567890123456789012345678901234567890123456789012345678901234567890123456789012345678901234567890123456789012345678901234567890123456789012345678901234567890123456789012345678901234567890123456789012345678901234567890123456789012345678901234567890123456789012345678901234567890123456789012345678901234567890123456789012345678901234567890123456789012345678901234567890123456789012345678901234567890123456789012345678901234567890123456789012345678901234567890123456789012345678901234567890123456789012345678901234567890123456789012345678901234567890123456789012345678901234567890123456789012345678901234567890123456789012345678901234567890123456789012345678901234567890123456789012345678901234567890123456789012345678901234567890123456789012345678901234567890123456789012345678901234567890123456789012345678901234567890123456789012345678901234567890123456789012345678901234567890123456789012345678901234567890123456789012345678901234567890123456789012345678901234567890123456789012345678901234567890123456789012345678901234567890123456789012345678901234567890123456789012345678901234567890123456789012345678901234567890123456789012345678901234567890123456789012345678901234567890123456789012345678901234567890123456789012345678901234567890123456789012345678901234567890123456789012345678901234567890123456789012345678901234567890123456789012345678901234567890123456789012345678901234567890123456789012345678901234567890123456789012345678901234567890123456789012345678901234567890123456789012345678901234567890123456789012345678901234567890123456789012345678901234567890123456789012345678901234567890123456789012345678901234567890123456789012345678901234567890123456789012345678901234567890123456789012345678901234567890123456789012345678901234567890123456789012345678901234567890123456789012345678901234567890123456789012345678901234567890123456789012345678901234567890123456789012345678901234567890123456789012345678901234567890123456789012345678901234567890123456789012345678901234567890123456789012345678901234567890123456789012345678901234567890123456789012345678901234567890123456789012345678901234567890123456789012345678901234567890123456789012345678901234567890123456789012345678901234567890123456789012345678901234567890123456789012345678901234567890123456789012345678901234567890123456789012345678901234567890123456789012345678901234567890123456789012345678901234567890123456789012345678901234567890123456789012345678901234567890123456789012345678901234567890123456789012345678901234567890123456789012345678901234567890123456789012345678901234567890123456789012345678901234567890123456789012345678901234567890123456789012345678901234567890123456789012345678901234567890123456789012345678901234567890123456789012345678901234567890123456789012345678901234567890123456789012345678901234567890123456789012345678901234567890123456789012345678901234567890123456789012345678901234567890123456789012345678901234567890123456789012345678901234567890123456789012345678901234567890123456789012345678901234567890123456789012345678901234567890123456789012345678901234567890123456789012345678901234567890123456789012345678901234567890123456789012345678901234567890123456789012345678901234567890123456789012345678901234567890123456789012345678901234567890123456789012345678901234567890123456789012345678901234567890123456789012345678901234567890123456789012345678901234567890123456789012345678901234567890123456789012345678901234567890123456789012345678901234567890123456789012345678901234567890123456789012345678901234567890123456789012345678901234567890123456789012345678901234567890123456789012345678901234567890123456789012345678901234567890123456789012345678901234567890123456789012345678901234567890123456789012345678901234567890123456789012345678901234567890123456789012345678901234567890123456789012345678901234567890123456789012345678901234567890123456789012345678901234567890123456789012345678901234567890123456789012345678901234567890123456789012345678901234567890123456789012345678901234567890123456789012345678901234567890123456789012345678901234567890123456789012345678901234567890123456789012345678901234567890123456789012345678901234567890123456789012345678901234567890123456789012345678901234567890123456789012345678901234567890123456789012345678901234567890123456789012345678901234567890123456789012345678901234567890123456789012345678901234567890123456789012345678901234567890123456789012345678901234567890123456789012345678901234567890123456789012345678901234567890123456789012345678901234567890123456789012345678901234567890123456789012345678901234567890123456789012345678901234567890123456789012345678901234567890123456789012345678901234567890123456789012345678901234567890123456789012345678901234567890123456789012345678901234567890123456789012345678901234567890123456789012345678901234567890123456789012345678901234567890123456789012345678901234567890123456789012345678901234567890123456789012345678901234567890123456789012345678901234567890123456789012345678901234567890123456789012345678901234567890123456789012345678901234567890123456789012345678901234567890123456789012345678901234567890123456789012345678901234567890123456789012345678901234567890123456789012345678901234567890123456789012345678901234567890123456789012345678901234567890123456789012345678901234567890123456789012345678901234567890123456789012345678901234567890123456789012345678901234567890123456789012345678901234567890123456789012345678901234567890123456789012345678901234567890123456789012345678901234567890123456789012345678901234567890123456789012345678901234567890123456789012345678901234567890123456789012345678901234567890123456789012345678901234567890123456789012345678901234567890123456789012345678901234567890123456789012345678901234567890123456789012345678901234567890123456789012345678901234567890123456789012345678901234567890123456789012345678901234567890123456789012345678901234567890123456789012345678901234567890123456789012345678901234567890123456789012345678901234567890123456789012345678901234567890123456789012345678901234567890123456789012345678901234567890123456789012345678901234567890123456789012345678901234567890123456789012345678901234567890123456789012345678901234567890123456789012345678901234567890123456789012345678901234567890123456789012345678901234567890123456789012345678901234567890123456789012345678901234567890123456789012345678901234567890123456789012345678901234567890123456789012345678901234567890123456789012345678901234567890123456789012345678901234567890123456789012345678901234567890123456789012345678901234567890123456789012345678901234567890123456789012345678901234567890123456789012345678901234567890123456789012345678901234567890123456789012345678901234567890123456789012345678901234567890123456789012345678901234567890123456789012345678901234567890123456789012345678901234567890123456789012345678901234567890123456789012345678901234567890123456789012345678901234567890123456789012345678901234567890123456789012345678901234567890123456789012345678901234567890123456789012345678901234567890123456789012345678901234567890123456789012345678901234567890123456789012345678901234567890123456789012345678901234567890123456789012345678901234567890123456789012345678901234567890123456789012345678901234567890123456789012345678901234567890123456789012345678901234567890123456789012345678901234567890123456789012345678901234567890123456789012345678901234567890123456789012345678901234567890123456789012345678901234567890123456789012345678901234567890123456789012345678901234567890123456789012345678901234567890123456789012345678901234567890123456789012345678901234567890123456789012345678901234567890123456789012345678901234567890123456789012345678901234567890123456789012345678901234567890123456789012345678901234567890123456789012345678901234567890123456789012345678901234567890123456789012345678901234567890123456789012345678901234567890123456789012345678901234567890123456', 'publish', '2018-03-26 21:57:12', '2018-04-01 02:40:31', '2018-04-01 02:40:31'),
(18, 10, 4, 'Default title', '3', '01234567890123456789012345678901234567890123456789012345678901234567890123456789012345678901234567890123456789012345678901234567', 'publish', '2018-03-26 21:57:37', '2018-04-01 02:39:59', '2018-04-01 02:39:59'),
(19, 10, 4, 'Default title', '5', '<i><b>Bold</i></b>', 'publish', '2018-03-26 21:58:43', '2018-04-01 17:21:35', '2018-04-01 17:21:35'),
(20, 11, 3, 'Default title', '5', 'makanannya enak kayanya', 'publish', '2018-03-28 17:24:40', '2018-04-01 17:31:42', '2018-04-01 17:31:42'),
(21, 1, 6, 'Default title', '3', 'Tahu bulat digorwng dadakan', 'publish', '2018-03-28 20:39:16', '2018-03-28 20:54:12', '2018-03-28 20:54:12'),
(22, 1, 6, 'Default title', '3', 'Yyyyy', 'publish', '2018-03-28 20:52:45', '2018-04-02 14:01:32', '2018-04-02 14:01:32'),
(23, 9, 2, 'Default title', '3', 'test', 'publish', '2018-04-01 03:21:50', '2018-04-02 13:55:35', '2018-04-02 13:55:35'),
(24, 9, 30, 'Default title', '5', 'Arum manis rekomended dah pokoknyaa josss', 'publish', '2018-04-04 18:18:02', '2018-04-04 18:22:23', '2018-04-04 18:22:23'),
(25, 9, 30, 'Default title', '5', 'Mantapp bossquu', 'publish', '2018-04-04 18:25:04', '2018-04-04 18:41:50', '2018-04-04 18:41:50'),
(26, 9, 30, 'Default title', '5', 'Hdhsjsks', 'publish', '2018-04-04 18:32:34', '2018-04-04 18:41:48', '2018-04-04 18:41:48'),
(27, 9, 30, 'Default title', '3', 'hhhhh', 'publish', '2018-04-04 18:33:48', '2018-04-04 18:41:45', '2018-04-04 18:41:45'),
(28, 9, 30, 'Default title', '3', 'dasdasdas', 'publish', '2018-04-04 18:36:01', '2018-04-04 18:41:43', '2018-04-04 18:41:43'),
(29, 9, 30, 'Default title', '5', 'dasdasdas', 'publish', '2018-04-04 18:41:14', '2018-04-04 18:41:40', '2018-04-04 18:41:40'),
(30, 9, 30, 'Default title', '3', 'ddsadasd', 'publish', '2018-04-04 18:56:12', '2018-04-04 18:58:39', '2018-04-04 18:58:39'),
(31, 9, 30, 'Default title', '3', 'ofasdoaskdoasda', 'publish', '2018-04-04 18:57:55', '2018-04-04 18:58:36', '2018-04-04 18:58:36'),
(32, 9, 30, 'Default title', '5', 'Testing', 'publish', '2018-04-04 18:59:16', '2018-04-04 19:04:23', '2018-04-04 19:04:23'),
(33, 1, 30, 'Default title', '3', 'saya  upload dri desktop', 'publish', '2018-04-04 19:02:40', '2018-04-04 19:04:20', '2018-04-04 19:04:20'),
(34, 9, 30, 'Default title', '3', 'Mantp', 'publish', '2018-04-05 16:44:53', '2018-04-05 21:34:19', '2018-04-05 21:34:19'),
(35, 21, 70, 'Default title', '3', 'Rasanya unik perpaduan antara adonan pukis dan kue cubit. Pertama kali nyoba di Bandung. Enak disantap selagi hangat ditambah segelas kopi ABC susu', 'publish', '2018-04-09 15:11:41', '2018-04-09 15:11:41', NULL);

-- --------------------------------------------------------

--
-- Table structure for table `comments_role_media`
--

CREATE TABLE `comments_role_media` (
  `id` int(10) UNSIGNED NOT NULL,
  `comment_id` int(11) NOT NULL,
  `media_id` int(11) NOT NULL,
  `created_at` timestamp NULL DEFAULT NULL,
  `updated_at` timestamp NULL DEFAULT NULL,
  `deleted_at` timestamp NULL DEFAULT NULL
) ENGINE=InnoDB DEFAULT CHARSET=utf8mb4 COLLATE=utf8mb4_unicode_ci;

--
-- Dumping data for table `comments_role_media`
--

INSERT INTO `comments_role_media` (`id`, `comment_id`, `media_id`, `created_at`, `updated_at`, `deleted_at`) VALUES
(1, 5, 15, '2018-03-26 04:41:21', '2018-04-01 17:31:42', '2018-04-01 17:31:42'),
(2, 5, 16, '2018-03-26 04:41:21', '2018-04-01 17:31:42', '2018-04-01 17:31:42'),
(3, 7, 20, '2018-03-26 19:31:25', '2018-04-05 00:18:00', '2018-04-05 00:18:00'),
(4, 9, 21, '2018-03-26 19:40:39', '2018-04-05 00:18:00', '2018-04-05 00:18:00'),
(5, 9, 22, '2018-03-26 19:40:39', '2018-04-05 00:18:00', '2018-04-05 00:18:00'),
(6, 10, 23, '2018-03-26 21:37:52', '2018-04-01 17:21:35', '2018-04-01 17:21:35'),
(7, 20, 57, '2018-03-28 17:24:40', '2018-04-01 17:31:42', '2018-04-01 17:31:42'),
(8, 21, 58, '2018-03-28 20:39:17', '2018-03-28 20:54:12', '2018-03-28 20:54:12'),
(9, 22, 59, '2018-03-28 20:52:45', '2018-04-02 14:01:32', '2018-04-02 14:01:32'),
(10, 24, 124, '2018-04-04 18:18:03', '2018-04-04 18:22:23', '2018-04-04 18:22:23'),
(11, 25, 125, '2018-04-04 18:25:04', '2018-04-04 18:41:50', '2018-04-04 18:41:50'),
(12, 28, 126, '2018-04-04 18:36:01', '2018-04-04 18:41:43', '2018-04-04 18:41:43'),
(13, 29, 127, '2018-04-04 18:41:14', '2018-04-04 18:41:40', '2018-04-04 18:41:40'),
(14, 30, 128, '2018-04-04 18:56:12', '2018-04-04 18:58:39', '2018-04-04 18:58:39'),
(15, 31, 129, '2018-04-04 18:57:55', '2018-04-04 18:58:36', '2018-04-04 18:58:36'),
(16, 32, 130, '2018-04-04 18:59:17', '2018-04-04 19:04:23', '2018-04-04 19:04:23'),
(17, 33, 131, '2018-04-04 19:02:40', '2018-04-04 19:04:20', '2018-04-04 19:04:20'),
(18, 34, 156, '2018-04-05 16:44:54', '2018-04-05 21:34:19', '2018-04-05 21:34:19'),
(19, 35, 249, '2018-04-09 15:11:41', '2018-04-09 15:11:41', NULL);

-- --------------------------------------------------------

--
-- Table structure for table `failed_jobs`
--

CREATE TABLE `failed_jobs` (
  `id` bigint(20) UNSIGNED NOT NULL,
  `connection` text COLLATE utf8mb4_unicode_ci NOT NULL,
  `queue` text COLLATE utf8mb4_unicode_ci NOT NULL,
  `payload` longtext COLLATE utf8mb4_unicode_ci NOT NULL,
  `exception` longtext COLLATE utf8mb4_unicode_ci NOT NULL,
  `failed_at` timestamp NOT NULL DEFAULT CURRENT_TIMESTAMP
) ENGINE=InnoDB DEFAULT CHARSET=utf8mb4 COLLATE=utf8mb4_unicode_ci;

-- --------------------------------------------------------

--
-- Table structure for table `foods`
--

CREATE TABLE `foods` (
  `id` int(10) UNSIGNED NOT NULL,
  `media_id` int(11) NOT NULL,
  `store_id` int(11) NOT NULL,
  `title` varchar(191) COLLATE utf8mb4_unicode_ci NOT NULL,
  `meta_title` text COLLATE utf8mb4_unicode_ci,
  `meta_description` text COLLATE utf8mb4_unicode_ci,
  `meta_tags` text COLLATE utf8mb4_unicode_ci,
  `slug` varchar(191) COLLATE utf8mb4_unicode_ci NOT NULL,
  `price` varchar(191) COLLATE utf8mb4_unicode_ci NOT NULL,
  `text` text COLLATE utf8mb4_unicode_ci NOT NULL,
  `short_text` text COLLATE utf8mb4_unicode_ci NOT NULL,
  `rating` double(8,2) NOT NULL DEFAULT '0.00',
  `created_by` int(11) DEFAULT NULL,
  `status` varchar(191) COLLATE utf8mb4_unicode_ci NOT NULL,
  `contributor` varchar(191) COLLATE utf8mb4_unicode_ci NOT NULL,
  `status_recomended` int(11) NOT NULL,
  `created_at` timestamp NULL DEFAULT NULL,
  `updated_at` timestamp NULL DEFAULT NULL,
  `deleted_at` timestamp NULL DEFAULT NULL
) ENGINE=InnoDB DEFAULT CHARSET=utf8mb4 COLLATE=utf8mb4_unicode_ci;

--
-- Dumping data for table `foods`
--

INSERT INTO `foods` (`id`, `media_id`, `store_id`, `title`, `meta_title`, `meta_description`, `meta_tags`, `slug`, `price`, `text`, `short_text`, `rating`, `created_by`, `status`, `contributor`, `status_recomended`, `created_at`, `updated_at`, `deleted_at`) VALUES
(1, 4, 1, 'Surabi Bingung Keju', '0', NULL, 'bandung,jakarta ,enak,murah,durian', 'surabi-bingung-keju', '15000', '<div class=\"menu-source-outer\">\r\n<div id=\"description-pizza-7855\" class=\"promo-description\"><strong>Pizza Description :&nbsp;</strong><br />Tomato Sauce, Mustard Sauce, Jalapeno, Beef Rasher, Beef Crumble, Beef Pepperoni, Onion, Slice Cheese, Mozzarella Cheese</div>\r\n<img id=\"image-main7855\" class=\"gallery-image visible\" title=\"Buy Spc / Pre get Med HT\" src=\"https://www.dominos.co.id/media/catalog/product/cache/2/image/265x/9df78eab33525d08d6e5fb8d27136e95/a/m/american-all-star.png\" alt=\"Buy Spc / Pre get Med HT\" /></div>', 'Surabi bingung keju terdiri dari susu dan kerju', 3.50, 1, 'publish', 'Rumah Jajan', 1, '2018-03-25 17:10:06', '2018-04-05 00:18:00', '2018-04-05 00:18:00'),
(2, 13, 4, 'Coffee Hitam', 'Coffee Hitam', 'Coffee Hitam', 'cofee,hitam,goodhood', 'coffee-hitam', '100000', '<p>descripsi good hood makanan</p>', 'Short Text Coffee Hitam', 3.00, 1, 'publish', 'goodhood team', 1, '2018-03-26 03:28:41', '2018-04-02 13:55:35', '2018-04-02 13:55:35'),
(3, 11, 2, 'Abuba Steak', 'Abuba Steak', 'Abuba Steak Margonda meta descropsion', 'abuba,steak,abuba cibubur', 'abuba-steak', '50000', '<p>Abuba Steak</p>', 'Abuba Steak Margonda', 4.00, 1, 'publish', 'Abuba Team', 1, '2018-03-26 03:30:23', '2018-04-01 17:31:42', '2018-04-01 17:31:42'),
(4, 12, 3, 'black coffee', 'Coffee toffee', 'Coffee toffee Description', 'coffee,toffee,description', 'black-coffee', '400000', '<p>Description coffee toffee</p>', 'Coffee toffee Short Text', 3.50, 1, 'publish', 'Coffee toffee Team', 1, '2018-03-26 03:32:33', '2018-04-01 17:21:35', '2018-04-01 17:21:35'),
(5, 16, 5, 'Roti bakar keju', 'Roti bakar', 'Roti bakar', 'roti,88,dll', 'roti-bakar-keju', '100000', '<p>roti bakar enak</p>', 'Roti bakar', 0.00, 1, 'publish', 'Rumah Jajan', 1, '2018-03-26 05:08:05', '2018-04-05 00:18:07', '2018-04-05 00:18:07'),
(6, 54, 6, 'Tahu Bulat Ciputat', 'tahu bulat ciputat jakarta indonesia', NULL, 'tahu, bulat,tahu bulat', 'tahu-bulat-ciputat', '500', '<p>Kalian semua pasti mengenal atau sangat familiar dengan makanan yang satu ini. Ya betul sekali tahu bulat, mungkin saat ini Anda bisa dengan mudah menemukan tahu bulat, karena camilan populer ini mulai dijajakan keliling ke kampung hingga di tengah kota besar menggunakan mobil, dengan iringan musik khas yang pastinya menarik perhatian. Dengan rasa nya yang cukup gurih dan sedikit asin, sangat cocok sekali jika dimakan dengan ditemani Kopi ABC susu.</p>', 'Dengan rasa nya yang cukup gurih dan sedikit asin, sangat cocok sekali jika dimakan dengan ditemani Kopi ABC susu.', 3.00, 1, 'publish', 'Noviar Widodo', 1, '2018-03-28 14:44:00', '2018-04-02 14:01:32', '2018-04-02 14:01:32'),
(7, 60, 7, 'Tempe Mendoan Pertigaan Reni', NULL, NULL, 'Tempe,Tempe mendoan,mendoan', 'tempe-mendoan-pertigaan-reni', '2500', '<p>Tempe Mendoan Khas Cirebon ini sangat cocok di makan saat hujan atau cuaca dingin karna tempe mendoan baru akan di goreng saat ada pembeli , apalagi ditemani kopi ABC susu hangat pasti lebih nikmat. Ukuran tempe mendoan ini lumayan besar. Untuk rasanya sendiri sangat enak apalagi dimakan selagi hangat.</p>\r\n<p>Jam Buka : 18.00 - 23.00</p>', 'Tempe Mendoan Pertigaan Reni', 0.00, 14, 'publish', 'Julius Subang', 1, '2018-03-29 18:33:12', '2018-04-05 21:31:39', '2018-04-05 21:31:39'),
(8, 62, 10, 'Tahu Bulat', 'Tahu Bulat Pesanggrahan', 'Tahu berbentuk Bulat Yang hits', 'tahu,bulat,hits,pesanggrahan,UIN,Tahu bulat,Tahu bulat Pesanggrahan', 'tahu-bulat', '500', '<p>Kalian semua pasti mengenal atau sangat familiar dengan makanan yang satu ini. Ya betul sekali tahu bulat, mungkin saat ini kamu bisa dengan mudah menemukan tahu bulat, karena camilan populer ini mulai dijajakan keliling ke kampung hingga di tengah kota besar menggunakan mobil, dengan iringan musik khas yang pastinya menarik perhatian. Tapi kali ini, kamu bisa dengan mudah menemukan cemilan yg mantap satu ini di jalan pesanggrahan UIN. ohya, cemilan hits ini pun memiliki rasa nya yang cukup gurih dan sedikit asin, sangat cocok sekali jika dimakan dengan ditemani Kopi ABC susu.</p>', 'Tahu berbentuk bulat yang hits di Pesanggrahan UIN', 0.00, 13, 'publish', 'M. Noviar Widodo', 1, '2018-04-01 08:17:27', '2018-04-05 21:31:55', '2018-04-05 21:31:55'),
(9, 91, 9, 'Sempol Ayam Pertigaan Reni', 'Sempol Ayam Pertigaan Reni', 'Jam Buka : 18.00 - 23.00', 'Sempol ayam,sempol ayam pamulang', 'sempol-ayam-pertigaan-reni', '2000', '<p>Cemilan yang satu ini mungkin masih awam banget ya untuk sebagian orang.&nbsp; Cemilan sempol ayam ini terbuat dari adonan ayam yang di balut dengan telur gulung lalu di goreng. Rasanya enak dan sedikit kenyal, lumayan mengenyangkan , karna isiannya padat walaupun terlihat kecil. Cocok banget buat cemilan sore hari.</p>\r\n<p>Depan Madrasah Ibtidaiyah Assa\'adatuddarain</p>\r\n<p>Jam Buka : 18.00 - 23.00</p>', 'Depan Madrasah Ibtidaiyah Assa\'adatuddarain', 0.00, 14, 'publish', 'Julius Subang', 1, '2018-04-01 11:33:59', '2018-04-05 21:32:01', '2018-04-05 21:32:01'),
(10, 61, 11, 'Telor Gulung Bihun Pertigaan Reni', 'Telor Gulung Bihun Pertigaan Reni', NULL, 'Telor Gulung ,Telor Gulung BIhun,Telor Gulung Bihun Pamulang', 'telor-gulung-bihun-pertigaan-reni', '1000', '<p>Jajanan cemilan telor gulung yang udah ada dari zaman dulu ini masih ada yang jual loh. tetapi telur gulung ini ada isian bihunnya. Rasanya enak, dijual dengan harga yang murah pas banget dikantong pelajar. Ditambah saus sambalnya yang pedas bikin rasanya makin nikmat dan lezat. Cocok banget buat cemilan sore hari.</p>\r\n<p>Depan <a href=\"https://www.google.co.id/search?q=madrasah+ibtidaiyah+assa\'adatuddarain&spell=1&sa=X&ved=0ahUKEwiWjqmvr97ZAhVMwLwKHQLKDFYQBQgkKAA\">Madrasah Ibtidaiyah Assa\'adatuddarain</a></p>\r\n<p>Buka      : 18.00 - 23.00</p>', 'Telor Gulung Pertigaan Reni', 0.00, 14, 'publish', 'Julius Subang', 1, '2018-04-01 11:41:46', '2018-04-05 21:32:10', '2018-04-05 21:32:10'),
(11, 92, 12, 'Sempol Sosis Pertigaan Reni', 'Sempol Sosis Pertigaan Reni', 'Sempol Sosis Pertigaan Reni', 'sempol sosis,sempol sosis pamulang', 'sempol-sosis-pertigaan-reni', '2000', '<p>Cemilan yang satu ini mungkin masih awam banget ya untuk sebagian orang. Cemilan sempol sosis ini terbuat dari sosis sapi dan ada juga yang sosis ayam dan di balut dengan telur lalu di gulung saat di goreng. Rasanya enak, apalagi ditambah saus sambal pedasnya. Cocok banget buat cemilan sore hari bareng keluarga.</p>\r\n<p>&nbsp;</p>\r\n<p>Depan <a href=\"https://www.google.co.id/search?q=madrasah+ibtidaiyah+assa\'adatuddarain&amp;spell=1&amp;sa=X&amp;ved=0ahUKEwiWjqmvr97ZAhVMwLwKHQLKDFYQBQgkKAA\">Madrasah Ibtidaiyah&nbsp;Assa\'adatuddarain</a></p>\r\n<p>Buka &nbsp;&nbsp;&nbsp;&nbsp; : 18.00-23.00</p>', 'Sempol Sosis Pertigaan Reni', 0.00, 14, 'publish', 'Julius Subang', 1, '2018-04-01 11:58:45', '2018-04-05 21:32:15', '2018-04-05 21:32:15'),
(12, 93, 13, 'Bakso Goreng Pertigaan Reni', 'Bakso Goreng Pertigaan Reni', 'Bakso Goreng Pertigaan Reni', 'Bakso Goreng ,Basreng,basreng pamulang', 'bakso-goreng-pertigaan-reni', '2500', '<p>Bakso goreng ini lebih dikenal dengan nama Basreng (Bakso Goreng). Bakso goreng ini ukurannya lumayan besar, bentuknya di buat seperti bunga dan ini salah satu daya tarik Bakso Goreng ini. Bakso goreng ini renyah banget rasanya dan disediakan juga saus untuk cocolnya , bisa di cocol maupun di campur menjadi satu.</p>\r\n<p>Depan <a href=\"https://www.google.co.id/search?q=madrasah+ibtidaiyah+assa\'adatuddarain&spell=1&sa=X&ved=0ahUKEwiWjqmvr97ZAhVMwLwKHQLKDFYQBQgkKAA\">Madrasah Ibtidaiyah Assa\'adatuddarain</a></p>\r\n<p>Buka      : 18.00 – 23.00</p>', 'Bakso Goreng Pertigaan Reni', 0.00, 14, 'publish', 'Julius Subang', 1, '2018-04-01 12:20:35', '2018-04-05 21:32:21', '2018-04-05 21:32:21'),
(13, 94, 14, 'Martabak Telor Mini  Pertigaan Reni', 'Martabak Telor Mini  Pertigaan Reni', 'Martabak Telor Mini  Pertigaan Reni', 'Martabak,Martabak Telor,Martabak Telor Mini', 'martabak-telor-mini-pertigaan-reni', '5000', '<p>Kalau biasanya martabak telor itu punya ukuran yang besar, martabak telor yang satu ini punya ukuran yang lebih kecil dari martabak pada umumnya. Martabak ini terbuat dari kulit lumpia yang diisi dengan telur, irisan kol dan irisan daun bawang. Rasanya gurih dan enak banget gak kalah deh sama martabak telor biasanya.&nbsp;&nbsp; &nbsp;</p>\r\n<p>Depan <a href=\"https://www.google.co.id/search?q=madrasah+ibtidaiyah+assa\'adatuddarain&amp;spell=1&amp;sa=X&amp;ved=0ahUKEwiWjqmvr97ZAhVMwLwKHQLKDFYQBQgkKAA\">Madrasah Ibtidaiyah&nbsp;Assa\'adatuddarain</a></p>\r\n<p>Buka&nbsp;&nbsp;&nbsp;&nbsp;&nbsp; : 18.00 &ndash; 23.00</p>', 'Martabak Telor Mini  Pertigaan Reni', 0.00, 13, 'publish', 'Julius Subang', 1, '2018-04-01 12:30:50', '2018-04-05 21:32:26', '2018-04-05 21:32:26'),
(14, 63, 15, 'Pancong Simpang Pejompongan', 'Kue Pancong Simpang Pejompongan', 'Pancong Betawi Simpang Pejompongan', 'pancong,betawi,kue pancong,pancong pejompongan,pancong simpang pejopongan', 'pancong-simpang-pejompongan', '9000', '<p>Salah satu jajanan tradisional Indonesia yang saat ini mulai menghilang adalah Kue Pancong. Menurut catatan sejarah, jajanan kue basah ini berasal dari Jakarta, tak ayal banyak orang menyebut Kue Pancong sebagai ikon Betawi. Kini kamu bisa dengan mudah mendapatkan kue pancong yang memiliki citarasa betawi banget ini di simpang pejompongan, dan jangan lupa sedikit tips, pancong sangat nikmat dimakan bersama Kopi ABC susu.</p>\r\n<p>Jam buka : 24 jam</p>', 'Kue tradisional dengan citarasa yang Betawi banget', 0.00, 13, 'publish', 'M. Noviar Widodo', 1, '2018-04-02 00:24:44', '2018-04-05 21:32:31', '2018-04-05 21:32:31'),
(15, 98, 16, 'Bikang Mawar Pasar Modern Paramount', 'Bikang Mawar Pasar Modern Paramount', 'Bikang Mawar Pasar Modern Paramount', 'bikang,kue bikang,pasar modern,pasar modern paramount,serpong', 'bikang-mawar-pasar-modern-paramount', '1.500', '<p style=\"text-align: center;\"><strong>Bikang Mawar</strong></p>\r\n<p>Kue yang satu ini cukup menarik dilihat serta cita rasanya lezat yakni kue bikang. Kue bikang yang dijual di pasaran biasanya memiliki bentuk seperti bunga mawar yang merekah dan mekar dengan warna yang sangat cantik sehingga  menarik dipandang mata. Kue yang cantik satu ini terbuat dari tepung beras, tepung kanji dan tepung terigu yang di campur dengan santan dan telur lalu di kukus hingga mekar. Bikang adalah salah satu camilan tradisional yang biasanya dijual bersama dengan kue pukis dan kue basah lain nya. Kita bsa menemukan kue bikang di penjual jajanan pasar dengan harga yang sangat terjangkau.</p>\r\n<p style=\"text-align: center;\">Alamat : Pasar Modern Paramount</p>\r\n<p style=\"text-align: center;\">Jam Buka : 06.00 – 11.00</p>', 'Bikang adalah salah satu camilan tradisional yang biasanya dijual bersama dengan kue pukis dan kue basah lainnya.', 0.00, 15, 'publish', 'Resty Kumala', 1, '2018-04-02 15:58:39', '2018-04-05 21:32:36', '2018-04-05 21:32:36'),
(16, 99, 18, 'Cilok Kuah CLBK', 'Cilok Kuah CLBK', 'Jam 12.00 - 00.00', 'Cilok Kuah,Cilok ,Cilok Kuah Cinangka', 'cilok-kuah-clbk', '5000', '<p>Cemilan yang terbuat dari tepung aci atau tapioka ini khas daerah Jawa Barat. Siapa si yang ga tau sama cilok , tapi kali ini ciloknya berbeda kalo cilok pada umumnya disiram dengan bumbu kacang ,saus dan kecap, kalau cilok satu ini dengan kuah kaldu hampir mirip dengan kuah bakso. Cilok kuah ini dilengkapi dengan tahu kulit atau tahu coklat yang dalamnya diisi dengan adonan ciloknya , untuk menambah cita rasa dari tahunya. Tektur ciloknya pas banget gak keras dan ga terlalu kenyal. Mantap deh</p>\r\n<p>Depan Alfamart</p>\r\n<p>Jam 12.00 - 00.00</p>', 'Cilok Kuah CLBK', 0.00, 14, 'publish', 'Julius Subang', 1, '2018-04-02 18:22:17', '2018-04-05 21:32:43', '2018-04-05 21:32:43'),
(17, 100, 19, 'Siomay Bandung Pertigaan Reni', 'Siomay Bandung Pertigaan Reni', 'jam 18.00 - 23.00', 'Siomay, siomay bandung', 'siomay-bandung-pertigaan-reni', '10000', '<p>Siapa sih yang ga tau sama cemilan satu ini. Siomay khas Bandung ini terbuat dari ikan tengiri, biasanya siomay disajikan dengan berbagai jenis pelengkap seperti telur, tahu, kol, dan pare tergantung permintaan dari pembeli itu sendiri ditambah bumbu siomay yang lezat disiram diatas siomaynya sehingga rasanya lebih nikmat. Siomay ini cocok banget buat cemilan nonton Tv atau saat nongkrong.</p>\r\n<p>Depan <a href=\"https://www.google.co.id/search?q=madrasah+ibtidaiyah+assa\'adatuddarain&spell=1&sa=X&ved=0ahUKEwiWjqmvr97ZAhVMwLwKHQLKDFYQBQgkKAA\">Madrasah Ibtidaiyah Assa\'adatuddarain</a></p>\r\n<p>Jam Buka : 18.00 - 23.00</p>', 'Siomay Bandung Pertigaan Reni', 0.00, 14, 'publish', 'Julius Subang', 1, '2018-04-02 18:33:54', '2018-04-05 21:32:49', '2018-04-05 21:32:49'),
(18, 101, 20, 'Bolu Kukus Mekar Pasar Modern Paramount Serpong', 'Bolu Kukus Mekar Pasar Modern Paramount Serpong', 'Bolu Kukus Mekar Pasar Modern Paramount Serpong', 'Bolu Kukus Mekar Pasar Modern Paramount Serpong,Bolu Kukus,Bolu Kukus Mekar, Pasar Modern,Pasar Modern Paramount,Serpong', 'bolu-kukus-mekar-pasar-modern-paramount-serpong', '1500', '<p style=\"text-align: center;\"><strong>Bolu Kukus Mekar</strong></p>\r\n<p>Warna nya cantik bukan ? Camilan satu ini adalah Bolu Kukus, dari penampilan nya sangat menarik dengan berbagai warna yang cantik. Bentuk nya mirip dengan <em>cup cake</em>, tapi jangan khawatir, rasanya tak kalah enak dari <em>cup cake</em> yg biasa kita jumpai di mall. Bolu Kukus terbuat dari adonan tepung  terigu, telur, susu, vanili dan bahan lain nya yang di tuangkan pada sebuah cetakan dan dikukus hingga mengembang. Rasanya manis dan tekstur yang sangat lembut membuat bolu kukus ini sangat di minati masyarakat terutama oleh anak-anak. Kita bisa menemukan bolu kukus seperti ini di penjual jajanan pasar dengan harga yang sangat terjangkau.</p>\r\n<p> </p>\r\n<p style=\"text-align: center;\">Alamat : Pasar Modern Paramount</p>\r\n<p style=\"text-align: center;\">Jam Buka : 06.00 – 11.00</p>', 'Warna nya cantik bukan ? Camilan satu ini adalah Bolu Kukus, dari penampilan nya sangat menarik dengan berbagai warna yang cantik. Bentuk nya mirip dengan cup cake, tapi jangan khawatir, rasanya tak kalah enak dari cup cake yg biasa kita jumpai di mall.', 0.00, 15, 'publish', 'Resty Kumala', 1, '2018-04-03 11:01:45', '2018-04-05 21:32:55', '2018-04-05 21:32:55'),
(19, 102, 21, 'Kue Bugis Toko Kue Hany', 'Kue Bugis Toko Kue Hany', 'Kue Bugis Toko Kue Hany', 'Kue Bugis Toko Kue Hany,kue bugis,kue basah,tradisional,jajanan,jajanan tradisional,jajanan pasar,kuehany', 'kue-bugis-toko-kue-hany', '2.000', '<p style=\"text-align: center;\"><strong>KUE BUGIS</strong></p>\r\n<p><strong> </strong></p>\r\n<p>Kalau makanan yang terbuat dari tepung ketan ini namanya kue bugis. Walaupun namanya kue bugis, tapi kue ini asalnya bukan dari Bugis, lho. Biasanya kue ini juga kerap disajikan saat acara kumpul keluarga atau arisan. Teksturnya yang sedikit liat dengan semburat rasa manis dan gurih dari isian kelapanya membuat kue ini semakin enak. Apalagi kalau ditemani secangkir kopi atau teh hangat. Yummy!</p>\r\n<p> </p>\r\n<p> </p>\r\n<p style=\"text-align: center;\">Alamat            : Toko Kue Hany - Jl. Masjid Gedong No.6, Kel. Gedong, Jakarta Timur</p>\r\n<p style=\"text-align: center;\">Jam Buka        : 06.00-12.00</p>', 'Kalau makanan yang terbuat dari tepung ketan ini namanya kue bugis. Walaupun namanya kue bugis, tapi kue ini asalnya bukan dari Bugis, lho. Biasanya kue ini juga kerap disajikan saat acara kumpul keluarga atau arisan.', 0.00, 15, 'publish', 'Febriyanti Wulan Dari', 1, '2018-04-03 11:23:27', '2018-04-03 11:23:27', NULL),
(20, 64, 17, 'Onde-onde Simpang Rempoa', 'Onde-onde simpang Rempoa', 'Onde-onde Simpang Rempoa', 'Onde-onde,onde-onde,enak,simpang rempoa,ciputat,onde-onde enak,onde-onde mantap', 'onde-onde-simpang-rempoa', '500', '<p>Onde-onde merupakan salah satu jajanan pasar paling populer di Indonesia. Ternyata, onde-onde berasal dari China. Makanan ini dibawa oleh pedagang China yang berdagang ke Indonesia, dan kemudian dimodifikasi sesuai dengan kreasi nusantara. Naah kali ini kamu ga akan kesulitan mencari cemilan yg enak dan memberikan kejutan di bagian dalamnya ini, jika kamu berada di sekiaran rempoa kamu bisa langsung datang ke alamat yang sudah tertera. Dan jangan lupa cemilan yang satu ini sangat pas disantap dengan segelas panas Kopi ABC susu.</p>', 'Onde-onde enak dan mantap yang bertempat di simpang rempoa.', 0.00, 13, 'publish', 'M. Noviar Widodo', 1, '2018-04-03 13:10:47', '2018-04-05 21:33:19', '2018-04-05 21:33:19'),
(21, 104, 22, 'Kue Cucur Pasar Bengkok', 'Kue Cucur Pasar Bengkok', 'Kue Cucur Pasar Bengkok', 'kue,cucur,kue cucur,pasar,pasar bengkok', 'kue-cucur-pasar-bengkok', '1.000', '<p>Kue cucur, jajanan berbentuk bulat dan berwarna kecoklatan ini merupakan jajanan yang cukup dikenal sebagai jajanan untuk upacara-upacara adat di berbagai daerah di Indonesia.</p>\r\n<p>&nbsp;</p>\r\n<p>Seperti yang ada di beberapa daerah di pulau Jawa, kue cucur dijadikan sebagai salah satu hantaran pengikat tali kasih (peningset pelengkap) yang dibawa oleh mempelai pria untuk sang mempelai wanita. Di Jogjakarta, kue cucur juga dijadikan sebagai hidangan bagi tamu yang berkunjung ke rumah, selain sebagai sesajen saat acara slametan.</p>\r\n<p>&nbsp;</p>\r\n<p>Di Sumatra Barat, setelah acara akad nikah, pihak perempuan wajib melakukan acara berkunjung ke rumah mertua atau disebut dengan upacara manjalang mintuo, batandang, mahanta nasi, manyaok kandang atau mahanta nasi katunduakan, mahanta bubue. Pada upacara ini, pihak keluarga wanita wajib membawa kue yang berbentuk bulat seperti pinyaram (cucur). Ada pula tradisi maanta juadah, yaitu pihak wanita mengantarkan juadah kepada pihak pria. Adapun juadah terdiri dari enam macam kue yang salah satunya ialah pinyaram (cucur).</p>\r\n<p>&nbsp;</p>\r\n<p>Di Sulawesi Utara ada cerita yang beredar di masyarakat bahwa seorang gadis yang tidak dapat membuat kue cucur dengan baik, maka dia tidak diperkenankan untuk menikah. Di Gorontalo, kue cucur disajikan saat panen padi. Para petani menikmati kue cucur bersama-sama, bahkan terjadi barter antara kue cucur yang ditukar dengan beberapa ikat padi.</p>\r\n<p>Jadi, selain rasanya yang manis, kue cucur juga berperan dalam upacara-upacara adat di berbagai penjuru nusantara.</p>\r\n<p>&nbsp;</p>\r\n<p style=\"text-align: center;\">Alamat : Gerobak Cucur Pasar Bengkok &ndash; Pertigaan Jl. Hasyim Asyari &amp; Mas Mansyur, Pinang.</p>\r\n<p style=\"text-align: center;\">Jam Buka : 15.00 &ndash; 20.00</p>\r\n<p style=\"text-align: center;\">&nbsp;</p>', 'Kue cucur, jajanan berbentuk bulat dan berwarna kecoklatan ini merupakan jajanan yang cukup dikenal sebagai jajanan untuk upacara-upacara adat di berbagai daerah di Indonesia.', 0.00, 15, 'publish', 'Annizar Mohammad Farhani', 1, '2018-04-03 14:04:35', '2018-04-05 21:33:24', '2018-04-05 21:33:24'),
(22, 108, 23, 'Carang Mas Pasar Pagi Tugu Pahlawan', 'Carang Mas Tugu Pahlawan', 'Carang Mas Tugu Pahlawan', 'kue,jajanan,tradisional,carang mas,tugu pahlawan,surabaya', 'carang-mas-pasar-pagi-tugu-pahlawan', '2.0000', '<p style=\"text-align: center;\"><strong>Carang Mas</strong></p>\r\n<p>Kue carang mas atau walangan merupakan jajanan atau camilan tradisional yang sudah ada dari dulu, dan hingga kini masih banyak yang menyukai jajanan ini. Carang mas merupakan camilan khas Indonesia yang terbuat dari ubi kayu atau ketela rambat. Di beberapa daerah kue carang mas memiliki nama lain seperti grubi, walangan, kue kremes, sarang balam atau cakar ayam. Carang mas memiliki rasa manis yang berasal dari gula jawa yang juga berperan sebagai perekat serpihan satu sama lain. Tekstur nya renyah, krispi dan sedikit lengket. Kita bisa menemukan Carang mas di toko oleh-oleh atau di penjual jajanan pasar.</p>\r\n<p> </p>\r\n<p style=\"text-align: center;\">Alamat : Pasar Pagi Tugu Pahlawan, Surabaya</p>\r\n<p style=\"text-align: center;\">Jam Buka : Sabtu - Minggu 07.00 – 13.00</p>\r\n<p style=\"text-align: center;\"> </p>', 'Kue carang mas atau walangan merupakan jajanan atau camilan tradisional yang sudah ada dari dulu, dan hingga kini masih banyak yang menyukai jajanan ini.', 0.00, 15, 'publish', 'Resty Kumala', 1, '2018-04-03 14:21:49', '2018-04-03 14:21:49', NULL),
(23, 110, 24, 'Cilung depan SMPN 11 Tangerang', 'Cilung Depan SMPN 11 Tangerang', 'Cilung Depan SMPN 11 Tangerang', 'cilung,aci digulung,aci gulung,tangerang', 'cilung-depan-smpn-11-tangerang', '1000', '<p style=\"text-align: center;\"><strong>Cilung</strong></p>\r\n<p>Adakah yang tak kenal dengan camilan satu ini? Cilung adalah sebutan dari aci digulung. Aci dalam bahasa sunda adalah  tepung kanji atau sagu. Cilung merupakan sebuah nama jajanan khas indonesia yang banyak digemari masyarakat terutama anak-anak. Cilung dibuat dari bahan dasar aci seperti makanan pada umumnya yakni cimol, cireng, cilok dan lain sebagainya. Cilung banyak dijual di perkampungan dan di depan sekolah dasar yang pembelinya yang tak lain mulai dari kalangan anak-anak hingga kalangan orang tua. Rasanya gurih dan teksturnya kenyal karena terbuat dari tepung kanji. Setelah di goreng, cilung biasanya di lumuri dengan bumbu bubuk sebagai penyedap.</p>\r\n<p style=\"text-align: center;\"> </p>\r\n<p style=\"text-align: center;\">Alamat : Depan SMPN 11 Tangerang</p>\r\n<p style=\"text-align: center;\">Jam Buka : 09.00 – 14.00</p>\r\n<p style=\"text-align: center;\"> </p>\r\n<p> </p>', 'Cilung adalah sebutan dari aci digulung', 0.00, 15, 'publish', 'Resty Kumala', 1, '2018-04-03 14:38:48', '2018-04-03 14:38:48', NULL),
(24, 109, 25, 'Cilor Pedas Makaroni Ngoceh', 'Cilor Pedas Makaroni Ngoceh', 'Cilor Pedas Makaroni Ngoceh', 'Cilor,Cilor pedas', 'cilor-pedas-makaroni-ngoceh', '5000', '<p>Cilor ini memiliki artian cilok telor, ternyata isiannya bukan hanya cilok aja tapi ada makaroni basahnya, membuat rasa cilornya semakin nikmat. Nah cara pembuatannya, cilok yang telah dipotong kecil-kecil, makaroni basah, telur dan garam diaduk menjadi 1, setelah itu di masak dalam loyang bulan kecil-kecil setelah matang diletakan pada mangkuk besar dan di beri bumbu pedas/baberque/asin sesuai selera kalian. Lalu di kocok hingga tercampur rata. Rasanya yummy banget cocok deh buat cemilan.</p>\r\n<p>Sebelah Griya Sasmita </p>\r\n<p>Jam : 16.00/Habis</p>', 'Cilor Pedas Makaroni Ngoceh', 0.00, 14, 'publish', 'Julius Subang', 1, '2018-04-03 14:47:30', '2018-04-05 21:33:34', '2018-04-05 21:33:34'),
(25, 111, 25, 'Otak Otak Pedas Makaroni Ngoceh', 'Otak Otak Pedas Makaroni Ngoceh', 'Otak Otak Pedas Makaroni Ngoceh', 'Otak otak,otak otak pedas', 'otak-otak-pedas-makaroni-ngoceh', '5000', '<p>Cemilan kali ini bukan sekedar otak-otak biasa, otak-otak ini cocok banget buat penyuka pedas, karna bisa sampe level pedes banget, buat yang ga suka pedes tenang aja disini juga tersedia bumbu baberque dan asin. Otak-otak ini dipotong kecil” lalu di goreng setelah matang otak-otaknya di letakan ke dalam wadah dan diisi bumbu sesuai keinginan kalian dan di kocok-kocok hingga bumbu menjadi satu dengan otak”. Enak banget deh buat cemilan nonton film.</p>\r\n<p>Samping Griya Sasmita Serua</p>\r\n<p>Jam Buka : 16.00 - Habis</p>', 'Otak Otak Pedas Makaroni Ngoceh', 0.00, 14, 'publish', 'Julius Subang', 1, '2018-04-03 15:03:50', '2018-04-05 21:33:40', '2018-04-05 21:33:40'),
(26, 112, 27, 'Pukis Coklat Indo Mas', 'Pukis Coklat Indo Mas', 'Pukis Coklat Indo Mas', 'pukis,pukis coklat,pukis depok', 'pukis-coklat-indo-mas', '2000', '<p>Kue basah ini sering banget kita temuin saat ada acara arisan,atau acara keluarga. Cemilan ini memiliki banyak rasa salah satunya yang coklat. Kuenya yang lembut dan rasanya yang enak bikin orang yang memakannya ketagihan loh. Dan yang paling penting cemilan ini cocok banget di minum dengan secangkir kopi ABC Susu. Perpaduan yang cocok bukan.</p>\r\n<p>Jam Buka : 16.00 - Habis</p>', 'Pukis Coklat Indo Mas', 0.00, 14, 'publish', 'Julius Subang', 1, '2018-04-03 15:19:27', '2018-04-05 21:33:46', '2018-04-05 21:33:46'),
(27, 113, 27, 'Risol Indo Mas', 'Risol Indo Mas', 'Risol Indo Mas', 'Risol ,Risol depok', 'risol-indo-mas', '2000', '<p>Siapa sih yang ga tau risol? Risol bisa jadi salah satu cemilan yang bisa mengganjal lapar atau cemilan saat pagi hari. Risol ini banyak banget macam isiannya. Salah satunya risol ini yang memilki isian kentang,wortel dan buncis yang telah dipotong kecil-kecil. Ukurannya lumayan besar dan risol ini sangat lembut loh ketika digigit.</p>\r\n<p> </p>\r\n<p>Jam Buka : 16.00 - Habis</p>', 'Risol adalah adalah pastri berisi daging, biasanya daging cincang, dan sayuran yang dibungkus dadar, dan digoreng setelah dilapisi tepung panir dan kocokan telur ayam.', 0.00, 14, 'publish', 'Julius Subang', 1, '2018-04-03 15:43:50', '2018-04-05 21:33:52', '2018-04-05 21:33:52'),
(28, 114, 28, 'Tahu Pedas Reni Jaya', 'Tahu Pedas Reni Jaya', 'Tahu Pedas Reni Jaya', 'Tahu Pedas,Tahu Pedas Pamulang', 'tahu-pedas-reni-jaya', '2000', '<p>Siapa yang suka makan pedes ? Harus cobain tahu pedes satu ini guys. Tahu pedes ini diisi dengan sayur-sayuran yang telah di campur bumbu pedas lalu tahunya dilumuri adonan terigu dan digoreng hingga matang dan kering. Ukuran tahu pedas ini sendiri lumayan besar loh. Rasanya bener-bener enak untuk penyuka pedas .</p>\r\n<p> </p>\r\n<p>Jam Buka : 16.00 - 22.00</p>', 'Tahu Pedas Reni Jaya', 0.00, 14, 'publish', 'Julius Subang', 1, '2018-04-03 15:58:32', '2018-04-05 21:34:00', '2018-04-05 21:34:00'),
(29, 116, 29, 'Pancong Rawabelong', 'Pancong Rawabelong', 'Pancong Rawabelong', 'Pancong,pancong rawabelong', 'pancong-rawabelong', '15000', '<p>Pancong adalah makanan yang khas dari Kota Jakarta. Pancong terbuat dari tepung beras dan santan atau kelapa. Panganan ini jika disajikan secara original rasanya sangat gurih. Dibentuk di atas cetakan. Biasanya pada bagian atasnya ditaburi dengan gula pasir. Tetapi pancong khas rawa belong memiliki ciri varian yang bermacam-macam. Pembuatannya sesuai dengan keinginan pembeli. Bisa matang atau setengah matang. Untuk toppingnya sendiri pun dibuat dengan berbagai varian rasa, ditambah susu kental manis, keju, maupun cokelat. Rasanya sungguh nikmat. Biasanya dimakan saat malam hari bersama teman-teman sebagai teman nongkrong. Hal ini akan menjadi perpaduan yang pas jika disajikan dengan kopi susu ABC .</p>\r\n<p> </p>\r\n<p>Jam Buka : 24 jam</p>', 'Pancong Rawabelong', 0.00, 14, 'publish', 'Sifqa Amalia Ramadhanti', 1, '2018-04-03 17:02:59', '2018-04-05 21:34:08', '2018-04-05 21:34:08'),
(30, 117, 30, 'Arum Manis Mama Indah', 'Arum Manis Mama Indah', 'Arum Manis Mama Indah', 'Arum Manis,Arum Manis tangsel,rambut nenek', 'arum-manis-mama-indah', '3000', '<p style=\"text-align: justify;\">Back to zaman SD banget pasti kalian pernah dong makan jajanan yang berwarna warni berbahan dasar gula? Iyaps betul, arum manis namanya. Bentuknya lembut, panjang, layaknya orang menyebutnya dengan istilah lain yaitu rambut nenek. Camilan ini juga cocok untuk segala usia. Seakan ada magnet kebahagiaan bagi siapapun yang memakannya. Memiliki berbagai macam warna yang membuatnya semakin menarik. Biasanya cemilan ini terdapat dua kerupuk yang rasanya lebih gurih dan asin untuk menutupi bagian atas dan bawah. Lalu ditengahnya barulah diisi dengan si gula yang manis itu. Sebuah perpaduan rasa yang cocok abis jika kita sandingkan dengan segelas kopi mantap ABC susu.</p>\r\n<p style=\"text-align: justify;\"> </p>\r\n<p>Jam Buka : 09.00-17.00 WIB</p>', 'Arum Manis Toko Mama Indah', 3.00, 14, 'publish', 'Sifqa Amalia Ramadhanti', 1, '2018-04-03 17:19:05', '2018-04-05 21:34:19', '2018-04-05 21:34:19'),
(31, 118, 30, 'Bika Ambon Mama Indah', 'Bika Ambon Mama Indah', 'Bika Ambon Mama Indah', 'Bika Ambon,Bika Ambon Tangsel', 'bika-ambon-mama-indah', '5000', '<p style=\"text-align: justify;\">Bika Ambon merupakan kue khas yang berasal dari Medan. Walaupun begitu, penyebarannya sudah terkenal se-Nusantara. Bika Ambon merupakan kue berwarna kuning dengan tekstur yang legit dan berlubang-lubang di atasnya. Bahan utama dalam membuat cemilan ini adalah tepung sagu, kelapa, ragi, garam dan gula. Pada dasar nya, membuat Resep Bika Ambon Medan Panggang atau Kukus sama saja, cuma mungkin di tahap akhirnya yang sedikit berbeda. Satu perlu oven untuk memanggang dan satu lagi perlu di kukus dengan air mendidih dengan api sedang. Memakan bika ambon seakan ada rasa nagih terus menerus. Sebuah kenikmatan jika ditemani dengan secangkir kopi ABC susu.</p>\r\n<p style=\"text-align: justify;\"> </p>\r\n<p>Jam buka : 09.00-17.00 WIB</p>', 'Bika ambon adalah sejenis penganan asal Indonesia. Terbuat dari bahan-bahan seperti telur, gula, dan santan, bika ambon umumnya dijual dengan rasa pandan', 0.00, 14, 'publish', 'Sifqa Amalia Ramadhanti', 1, '2018-04-03 17:28:21', '2018-04-05 21:34:57', '2018-04-05 21:34:57'),
(32, 103, 20, 'Dim Sum', 'Dimsum Pastellia BSD', 'Dimsum enak Pastellia pasar modern BSD', 'Dim Sum,dim sum,dimsum,Dimsum,Pastellia,pastellia,BSD', 'dim-sum', '10.000', '<p>Dim Sum adalah salah satu makanan yang cukup jadi favorit banyak kalangan, karena dim sum sendiri bukan kaegori makanan berat namun tidak terlalu ringan juga untuk di santap, memiliki berbagai macam varian yang ada dari mulai bakpao, hakau, dumpling, gyoza, dan siomai, sehingga membuat kita sendiri tidak bosan menikmatinya. dim sum sendiri sudah sangat lama di perkenalkan oleh bangsa tiongkok di indonesia, dan sudah beratus tahun umurnya di indonesia, maka dim sum sudah sangat melekat bagi seluruh masyarakat indonesia, dan biasanya di santap bersama dengan teh atau kopi. hmm.. dengan Kopi ABC susu, dim sum ini semakin mantap dan nikmat!</p>\r\n<p> </p>', 'Dim Sum adalah salah satu makanan yang cukup jadi favorit banyak kalangan memiliki berbagai macam varian yang ada dari mulai bakpao, hakau, dumpling, gyoza, dan siomai, sehingga membuat kita sendiri tidak bosan menikmatinya.', 0.00, 13, 'draft', 'Mia', 1, '2018-04-03 17:38:49', '2018-04-05 21:35:03', '2018-04-05 21:35:03'),
(33, 119, 30, 'Dadar Gulung Mama Indah', 'Dadar Gulung Mama Indah', 'Dadar Gulung Mama Indah', 'Dadar Gulung', 'dadar-gulung-mama-indah', '2500', '<p>Dadar gulung adalah salah satu resep kue basah tradisional yang terbuat dari bahan sederhana seperti tepung terigu, parutan kelapa, gula jawa, pandan.  Resep dadar gulung biasanya menggunakan pandan sebagai pewarna luarnya. Cara pembuatannya yaitu dua langkah dengan membuat kulit dadar gulung nya serta membuat isinya yang bisa disesuaikan dengan selera kita. Umumnya isian dari dadar gulung adalah parutan kelapa yang telah dicampur dengan gula aren. Saat digigit, kelembutan dari kulit pandan dan rasa manisnya sangat terasa. Terlebih lagi jika kita menikmatinya dengan secangkir kopi ABC susu.</p>\r\n<p> </p>\r\n<p>Jam Buka : 09.00-17.00 WIB</p>', 'dadar gulung  merupakan penganan khas Indonesia dan Malaysia yang dapat digolongkan sebagai pancake yang diisi dengan parutan kelapa yang dicampur dengan gula jawa cair. Isi ini disebut unti.', 0.00, 14, 'publish', 'Sifqa Amalia Ramadhanti', 1, '2018-04-03 17:40:09', '2018-04-05 21:35:11', '2018-04-05 21:35:11'),
(34, 105, 26, 'Apem Panggang', 'Apem Panggang', 'Apem panggang makanan tradisional', 'Apem,Panggang,apem panggang,Apem panggang', 'apem-panggang', '7500', '<p><br data-mce-bogus=\"1\"></p>', 'Apem panggang adalah salah satu cemilan yang nusantara banget', 0.00, 13, 'publish', 'Mia', 1, '2018-04-03 21:12:10', '2018-04-05 21:35:18', '2018-04-05 21:35:18'),
(35, 106, 26, 'Gethuk', 'Gethuk khas Jawa Tengah', 'Gethuk lindri', 'Gethuk,Gethuk lindri,Gethuk enak,Gethuk mantap', 'gethuk', '4500', '<p>Gethuk adalah salah satu cemilan yang sangat khas dari jawa tengah, yang terbuat dari olahan singkong dengan di taburi kelapa parut yang gurih, menambah cita rasa khas, dan juga cukup menggugah selera dengan warna-warni yang cukup menarik, biasanya didaerah asal gethuk ini digunakan sebagai cemilan <em>teman ngopi, </em>yang artinya biasanya makanan ini cocok dinikmati di pagi atau sore hari ketika waktu istirahat setelahh beraktifitas. hmmm.. kalau teman ngopi, berarti cemilan ini sudah dipastikan cocok dan makin mantap nih disantap bersama kopi ABC Susu.</p>', 'Gethuk adalah salah satu cemilan yang sangat khas dari jawa tengah, yang terbuat dari olahan singkong dengan di taburi kelapa parut yang gurih, menambah cita rasa khas, dan juga cukup menggugah selera dengan warna-warni yang cukup menarik', 0.00, 1, 'publish', 'Mia', 1, '2018-04-03 21:19:26', '2018-04-05 21:35:29', '2018-04-05 21:35:29'),
(36, 121, 32, 'Tahu Krispi 49', 'Tahu Krispi 49', 'Tahu Krispi 49', 'tahu,krispi,tahu krispi,tahu krispi 49', 'tahu-krispi-49', '1000', '<p>Butuh camilan dan konsentrasi di sore hari cocok untuk menikmati Tahu Krispi sambil seduh Kopi ABC Susu. Kopi ABC Susu pasti membuat aktifitas lebih fokus dan tahu krispi bisa menambah konsentrasi dan perut terisi. Disajikan dengan tambahan bumbu dari berbagai jenis varian rasa akan buat sensasi seru di lidah. Dengan rasa tahu yang gurih sambil seruput hangatnya Kopi ABC Susu, hmm sedap! Soremu akan jadi semakin seru dengan Kopi ABC Susu.</p>\r\n<p> </p>\r\n<p style=\"text-align: center;\">Alamat : Jl. H. Ali Tegal Parang Selatan 1</p>\r\n<p style=\"text-align: center;\">Jam Buka : 16.00 – 21.00</p>', 'Disajikan dengan tambahan bumbu dari berbagai jenis varian rasa akan buat sensasi seru di lidah.', 0.00, 15, 'publish', 'Sarah Dyah Ayu', 1, '2018-04-04 13:50:51', '2018-04-05 21:35:44', '2018-04-05 21:35:44'),
(37, 122, 32, 'Cilok Goreng 49', 'Cilok Goreng 49', 'Cilok Goreng 49', 'cilok,goreng,tahu krispi 49,CILOK GORENG 49', 'cilok-goreng-49', '5000', '<p>Cilok memiliki arti dari gabungan kata Aci yang dicolok, dan cilok yang satu ini cilok yang digoreng. Cilok goreng ini sangat cocok dengan Kopi ABC Susu menjadi perpaduan yang pas. Bisa disantap kapan saja apalagi untuk momen nyemil bareng keluarga. Anda bisa menikmati cilok goreng ini yang disajikan dengan rasa yang asin nan gurih, dan hangatnya Kopi ABC Susu yang rasanya mantap! Momen ceria bareng keluarga pun akan semakin hangat sambil nikmatin Kopi ABC Susu rame-rame.</p>\r\n<p style=\"text-align: center;\"> </p>\r\n<p style=\"text-align: center;\">Alamat : Jl. H. Ali Tegal Parang Selatan 1</p>\r\n<p style=\"text-align: center;\">Jam Buka : 16.00 – 21.00</p>', 'Cilok memiliki arti dari gabungan kata Aci yang dicolok, dan cilok yang satu ini cilok yang digoreng.', 0.00, 15, 'publish', 'Sarah Dyah Ayu', 1, '2018-04-04 14:13:14', '2018-04-05 21:35:51', '2018-04-05 21:35:51'),
(38, 123, 30, 'Hunkwe Mutiara Toko Mama Indah', 'Hunkwe Mutiara Toko Mama Indah', 'Hunkwe Mutiara Toko Mama Indah', 'Hunkwe,Hunkwe Mutiara', 'hunkwe-mutiara-toko-mama-indah', '2000', '<p>Hunkwe merupakan makanan yang termasuk dalam golongan jenis kue basah yang banyak diminati. Dengan memiliki tekstur yang sangat halus dan lembut juga sedikit kenyal, dan terdapat berbagai macam varian warna yang unik. Makanan ini dapat anda jadikan sebagai cemilan, bagi semua jenis kalangan. Bahan yang digunakan diantaranya sagu mutiara, tepung hunkwe, santan kelapa, gula pasir dan garam. Sajikan selagi dingin. Jangan lupa ditemani secangkir kopi ABC susu!</p>\r\n<p> </p>\r\n<p>Jam Buka : 09.00-17.00 WIB</p>', 'Hunkwe Mutiara Toko Mama Indah', 0.00, 14, 'publish', 'Sifqa Amalia Ramadhanti', 1, '2018-04-04 16:45:30', '2018-04-05 21:35:59', '2018-04-05 21:35:59'),
(39, 150, 33, 'Gabin Isi Telur Gegerkalong', 'Gabin Isi Telur Gegerkalong', 'Gabin Isi Telur Gegerkalong', 'Gabin,gabin isi telur,gabin gegerkalong', 'gabin-isi-telur-gegerkalong', '1500', '<p>Semua pasti tidak asing dengan roti gabin,nah saat ini banyak inovasi yang dibuat. Salah satunya yaitu gabin isi telur. Cemilan ini terbuat dari gabin yang diisi dengan adonan pastel dan ditambahkan potongan dari telur rebus. Lalu digoreng hingga garing. Cemilan ini paling enak dinikmati dengan minum kopi. Jajanan ini sangat mudah ditemui tentunya.</p>\r\n<p>Open : 06.00-14.00</p>', 'Gabin Isi Telur Di Pasar Geger Kalong', 0.00, 14, 'publish', 'Nuniek Agatri', 1, '2018-04-05 11:04:03', '2018-04-05 21:36:07', '2018-04-05 21:36:07'),
(40, 145, 34, 'Takoyaki Gegerkalong', 'Takoyaki Gegerkalong', 'Takoyaki Gegerkalong', 'takoyaki,takoyakigegerkalong,takoyaki bandung', 'takoyaki-gegerkalong', '10000', '<p>Takoyaki ini terbuat dari tepung terigu yang didalamnya juga terdapat bumbu-bumbu seperti daun bawang dan isian yang kita mau misalnya seefood. Bentuk dari makanan ini seperti bola kecil, takoyaki sangat popiler di Jepang,karan makanan satu ini adalah cemilan khas jepang. Takoyaki biasa dijual dalam bentuk set dengan 1 set berisi 5, 6, 8 hingga 10 buah.</p>\r\n<p> </p>\r\n<p>Open : 18.00-23.00</p>', 'Takoyaki di Gegerkalong', 0.00, 14, 'publish', 'Nuniek Agatri', 1, '2018-04-05 11:16:46', '2018-04-05 21:36:15', '2018-04-05 21:36:15'),
(41, 144, 33, 'Putu Ayu Pasar Geger Kalong', 'Putu Ayu Pasar Geger Kalong', 'Putu Ayu Pasar Geger Kalong', 'Putu ayu,putu ayu gegerkalong,putu ayu bandung', 'putu-ayu-pasar-geger-kalong', '2000', '<p>Kue putu ayu merupakan kue tradisional asli indonesia,kue putu ayu ialah salah satu koleksi dari kue jajanan pasar yang di miliki oleh indonesia.Putu ayu memiliki nama yang hampir sama dengan kue<br />putu,namun sebenarnya bahan dasar untuk pembuatan kue putu ayu s berbeda dengan kue putu yang hanya menggunakan tepung beras untuk adonannya. Dalam pembuatan kue putu ayu biasanya menggunakan beberapa bahan yang biasa di gunakan untuk membuat bolu kukus.persamaan dari kedua kue ini hanyalah pada pemakaian kelapa sebagai hiasannya. Kelapa dalam kue putu ayu juga dijadikan sebagai toping dari kue ini.</p>\r\n<p> </p>\r\n<p>Open : 06.00-14.00</p>', 'Putu Ayu Di Pasar Geger Kalong', 0.00, 14, 'publish', 'Nuniek Agatri', 1, '2018-04-05 11:25:11', '2018-04-05 21:36:21', '2018-04-05 21:36:21'),
(42, 140, 31, 'Bacang Daging Borma', 'Bacang Daging Borma', 'Bacang Daging Borma', 'Bacang ,bacang daging,bacang bandung', 'bacang-daging-borma', '12900', '<p>Bacang beras merupakan penganan tradisional masyarakat Cina Tiongkok yang dibungkus dengan daun bambu yang berisi beras dengan campuran daging dan berbentuk limas segitiga. Paling enak dimakan ketika masih panas. Bacang dibuat dari beras ketan sebagai lapisan luar, daging, jamur, udang kecil, seledri, dan jahe sebagai isi. Ada juga yang menambahkan kuning telur asin. Untuk perasa biasanya ditambahkan sedikit garam, gula, merica, penyedap makanan, kecap, dan sedikit minyak nabati.</p>\r\n<p> </p>\r\n<p>Open : 09.00-21.00</p>', 'Bacang Di Borma Setiabudhi', 0.00, 14, 'publish', 'Nuniek Agatri', 1, '2018-04-05 11:31:15', '2018-04-05 21:36:34', '2018-04-05 21:36:34'),
(43, 135, 33, 'Ali Agam Gegerkalong', 'Ali Agam Gegerkalong', 'Ali Agam Gegerkalong', 'ali agam,ali agam gegerkalong,ali agam bandung', 'ali-agam-gegerkalong', '5000', '<p>Ali agam merupakan jajanan yang saat ini jarang atau susah ditemui, tapi masi menjadi jajanan favorit untuk teman ngopi atau nge-teh. Jajanan ini biasanya banyak terdapat di pasar tradisional. Rasanya tidak kalah enak dengan jajanan pada saat sekarang ini. Jajanan ini terbuat dari tepung beras dan gula merah.</p>\r\n<p> </p>\r\n<p>Open : 06.00-14.00</p>', 'Ali Agam di Pasar Gegerkalong', 0.00, 14, 'publish', 'Nuniek Agatri', 1, '2018-04-05 11:36:45', '2018-04-05 21:36:42', '2018-04-05 21:36:42'),
(44, 138, 33, 'Apem Nasi Pelangi Gegerkalong', 'Apem Nasi Pelangi Gegerkalong', 'Apem Nasi Pelangi Gegerkalong', 'Apem,Apem pasar gegerkalong', 'apem-nasi-pelangi-gegerkalong', '3000', '<p>Apem nasi pelangi ini rasanya sama kaya apem pada umumnya cuma bentuknya aja yang beda, bentuknya hampir mirip kue mangkok. Satu box isinya 6 (2 pink, 2 putih, dan 2 hijau) tapi walaupun warna-warni, rasanya sama aja kok semuanya. Makan apem pelangi ini terus minumnya kopi ABC susu itu enak banget loh!</p>\r\n<p> </p>\r\n<p>Jam buka: 06.00-12.00</p>', 'Apem Nasi Pelangi Di Pasar Gegerkalong', 0.00, 14, 'publish', 'Olivia Alvionita', 1, '2018-04-05 12:03:36', '2018-04-05 21:36:48', '2018-04-05 21:36:48'),
(45, 139, 35, 'Bangket Keju Rotiku', 'Bangket Keju Rotiku', 'Bangket Keju Rotiku', 'Bangket,Bangket keju', 'bangket-keju-rotiku', '3800', '<p>Kue bangket keju ini cukup unik karena ada perpaduan dari rasa jahe, kayu manis, dan keju yang ditabur diatasnya. Aromanya jahe dan kayu manis banget deh. Untuk teksturnya sendiri bisa dibilang unik karena ngembang dan ‘retak-retak’. Kue ini paling enak dinikmatin selagi hangat dan minumnya kopi ABC susu!</p>\r\n<p> </p>\r\n<p>Jam Buka: 06.00-22.00</p>', 'Bangket Keju di Rotiku Setiabudi', 0.00, 14, 'publish', 'Olivia Alvionita', 1, '2018-04-05 12:12:29', '2018-04-05 21:36:59', '2018-04-05 21:36:59'),
(46, 142, 31, 'Bakpao Kacang Hijau Borma', 'Bakpao Kacang Hijau Borma', 'Bakpao Kacang Hijau Borma', 'Bakpao,bakpao kacang hijau,bakpao bandung', 'bakpao-kacang-hijau-borma', '2900', '<p>Bosen sama bakpao yang isinya cokelat? Bakpao ini isinya kacang hijau dan adonannya yang unik karena berwarna pink (merah muda). Makan bakpao ini enaknya saat masih panas supaya kacang hijau yang didalamnya jadi tambah lembut ketika dimakan bareng kopi ABC susu!</p>\r\n<p> </p>\r\n<p>Jam buka: 09.00-21.00</p>', 'Bakpao Kacang Hijau Borma Setiabudi', 0.00, 14, 'publish', 'Olivia Alvionita', 1, '2018-04-05 12:21:10', '2018-04-05 21:37:11', '2018-04-05 21:37:11'),
(47, 143, 35, 'Bolu Agar Agar Rotiku', 'Bolu Agar Agar Rotiku', 'Bolu Agar Agar Rotiku', 'Bolu,Bolu Agar Agar', 'bolu-agar-agar-rotiku', '2000', '<p>Bolu agar-agar ini unik banget, lho! Karena terdiri dari 3 lapisan, yaitu lapisan atasnya agar-agar, lapisan tengahnya seperti kocokan putih telur, dan lapisan terakhir alias lapisan yang bawah adalah bolunya yang lembut. Sensasinya beda banget kalo kita makan bolu ini dibanding dengan bolu biasanya, karena 3 perpaduan unik itu. Ngemil bolu ini paling enak kalo sambil ngopi ABC susu!</p>\r\n<p> </p>\r\n<p>Jam Buka: 06.00-22.00</p>', 'Bolu agar agar di Rotiku Setiabudi', 0.00, 14, 'publish', 'Olivia Alvionita', 1, '2018-04-05 12:35:02', '2018-04-05 21:37:17', '2018-04-05 21:37:17'),
(48, 148, 31, 'Onde Onde Borma', 'Onde Onde Borma', 'Onde Onde Borma', 'onde onde,onde onde borma,onde onde bandung', 'onde-onde-borma', '2200', '<p>Onde onde merupakan sejenis kue jajanan pasar berbentuk bulat dan berlapis wijen yang populer di Indonesia. Onde-Onde mudah ditemukan di pasar tradisional maupun dijual di pedagang kaki lima. Onde- Onde terbuat dari tepung terigu ataupun tepung ketan dan Onde-Onde biasanya berisi kacang hijau yang sudah ditumbuk. Onde-Onde sangat disukai oleh semua kalangan.</p>\r\n<p> </p>\r\n<p>Buka Mulai : 09.00 -21. 00 WIB</p>', 'Onde-Onde Di Borma Setiabudi Bandung', 0.00, 14, 'publish', 'Nuril Fitria', 1, '2018-04-05 12:43:24', '2018-04-05 21:37:25', '2018-04-05 21:37:25'),
(49, 137, 31, 'Bakpia Coklat Setiabudi', 'Bakpia Coklat Setiabudi', 'Bakpia Coklat Setiabudi', 'bakpia,bakpia coklat,bakpia bandung', 'bakpia-coklat-setiabudi', '3000', '<p>Kue Pia adalah salah satu cemilan yang disukai hampir seluruh masyarakat Indonesia. Pia Coklat ini memiliki cita rasa yang enak dan lezat, rasanya yang legit dengan bahan-bahan berkualitas dan harum yang khas, tercium dari bakpia ini. Ditambah dengan rasa coklat yang<br />membuat rasanya semakin lezat, apalagi jika dinikmati pada saat masih dalam keadaan hangat. Pia ini bisa menemani anda selagi anda mengobrol dengan teman-teman ada anda.</p>\r\n<p> </p>\r\n<p>Buka Mulai : 09.00 -21. 00 WIB</p>', 'Bakpia Coklat di Borma Setiabudi', 0.00, 14, 'publish', 'Nuril Fitria', 1, '2018-04-05 12:58:35', '2018-04-05 21:37:31', '2018-04-05 21:37:31'),
(50, 149, 33, 'Gemblong Gegerkalong', 'Gemblong Gegerkalong', 'Gemblong Gegerkalong', 'gemblong,gemblong gegerkalong,gemblong bandung', 'gemblong-gegerkalong', '1000', '<p>Gemblong merupakan sejenis makanan tradisional atau kue tradisional Indonesia yang termasuk ke dalam kelompok jajanan pasar. Gemblong terbuat dari adonan tepung beras ketan putih dan dibentuk bulat seperti bola kemudian adonan gemblong yang sudah dibentuk bulat digoreng dan dilapisi dengan larutan gula aren. Di daerah Jawa Timur gemblong dikenal dengan nama Getas. Gemblong sangat cocok untuk dinikmati sambil minum kopi di pagi hari ataupun sore hari.</p>\r\n<p> </p>\r\n<p>Buka Mulai : 06.00 -11. 00 WIB</p>', 'Gemblong adalah sejenis makanan tradisional atau kue tradisional Indonesia yang termasuk ke dalam kelompok jajanan pasar.', 0.00, 14, 'publish', 'Nuril Fitria', 1, '2018-04-05 13:23:58', '2018-04-05 21:37:37', '2018-04-05 21:37:37'),
(51, 133, 36, 'Cikak Setiabudhi', 'Cikak Setiabudhi', 'Cikak Setiabudhi', 'Cikak,Cikak setiabudhi', 'cikak-setiabudhi', '7000', '<p>Cikak adalah camilan yang memiliki bentuk unik yakni berbentuk buah buahan. Camilan ini terbuat dari tepung beras ketan yang kemudian dilapisi lagi dengan agar agar bening, tekstur dari cikak ini sangat Kenyal dan cikak juga memiliki isian yakni adonan kacang hijau yang memiliki rasa yang manis saat dimakan</p>\r\n<p>Buka Mulai : 7 Pagi – 10 malam</p>', 'Cikak adalah camilan yang memiliki bentuk unik yakni berbentuk buah buahan.', 0.00, 14, 'publish', 'Syifa Alawiyah', 1, '2018-04-05 13:40:23', '2018-04-05 13:40:23', NULL),
(52, 151, 37, 'Bakpao Apotek Rini', 'Bakpao Ayam', 'Bakpao Isi Ayam', 'bakpao,rawamangun,apotek rini', 'bakpao-apotek-rini', '8000', '<p style=\"text-align: center;\">BAKPAO  AYAM</p>\r\n<p style=\"text-align: center;\"> </p>\r\n<p><em>Pao</em> itu berarti bungkusan, dan <em>Bak</em> itu artinya <a href=\"https://id.wikipedia.org/wiki/Daging\">daging</a>, jadi <em>bakpao</em> berarti bungkusan berisi daging. Bakpao isi Ayam biasanya disebut KEHPAO dihargai Rp 8.000 per buahnya. Bakpao ini bisa kamu temui di ex-apotek Rini, Rawamangun, Jakarta Timur.  Bagi yang vegetarian juga bisa pilih isian kacang kedelai atau kacang hijau. Cocok dimakan  hangat-hangat sambil ngopi  kopi ABC Susu.</p>\r\n<p style=\"text-align: center;\">Tempat : Depan Apotek Rini Rawamangun</p>\r\n<p style=\"text-align: center;\">Jam Buka : 10.00 - 21.00</p>', 'Bakpao adalah makanan yang berasal dari negeri China, berbahan dasar tepung terigu yang diberi ragi sehingga mengembang, kemudian diberi aneka isian dan dikukus.', 0.00, 15, 'publish', 'Rika Masda', 1, '2018-04-05 14:15:22', '2018-04-05 21:37:44', '2018-04-05 21:37:44'),
(53, 134, 38, 'Koci Koci Klinik Lapar', 'Koci koci klinik lapar', 'Koci koci klinik lapar', 'koci,koci koci,koci bandung', 'koci-koci-klinik-lapar', '1000', '<p>Koci koci adalah camilan tradisional yang memiliki rasa unik sesuai dengan namanya. Berbentuk segitiga dan dibungkus oleh daun pisang koci koci memiliki rasa yang enak dan manis. Saat disantap rasa dari camilan ini akan terasa perpaduan antara ketan dan santan di bagian luar serta parutan kelapa muda di bagian dalam</p>\r\n<p> </p>\r\n<p>Buka Mulai : 8 pagi – 5.30 sore</p>', 'Koci koci adalah camilan tradisional yang memiliki rasa unik sesuai dengan\r\nnamanya.', 0.00, 14, 'publish', 'Syifa Alawiyah', 1, '2018-04-05 14:28:12', '2018-04-05 21:38:29', '2018-04-05 21:38:29'),
(54, 141, 31, 'Dadar Gulung Borma', 'Dadar Gulung Borma', 'Dadar Gulung Borma', 'dadar gulung,dadar gulung bandung', 'dadar-gulung-borma', '6000', '<p>Dadar gulung Cup Pak adalah camilan tradisional indonesia yang di dalamnya terbuat dari kelapa parut yang dicampur dengan gula merah dan dibalut dengan adonan tepung terigu dan tepung kanji. Rasa dari dadar gulung itu manis yang pas karena manisnya berasal dari pemanis alami dan gak ketinggalan juga lapisan kulit yang gurih bercampur rasa manis. Dadar gulung jadi camilan? Cocok banget pastinya!!</p>\r\n<p> </p>\r\n<p>Buka Mulai : 8 pagi – 9 malam</p>', 'Dadar Gulung adalah camilan tradisional indonesia yang di dalamnya terbuat\r\ndari kelapa parut yang dicampur dengan gula merah dan dibalut dengan adonan\r\ntepung terigu dan tepung kanji.', 0.00, 14, 'publish', 'Syifa Alawiyah', 1, '2018-04-05 14:33:46', '2018-04-05 21:39:31', '2018-04-05 21:39:31'),
(55, 146, 36, 'Srikaya Pandan Setiabudi', 'Srikaya Pandan Setiabudi', 'Srikaya Pandan Setiabudi', 'Srikaya,srikaya pandan', 'srikaya-pandan-setiabudi', '5000', '<p>Srikaya Pandan adalah camilan yang manis dan berwarna hijau yang dimana ditempatkan di mangkuk kecil/ wadah kecil. Rasa dari Srikaya Pandan ini manis, memiliki aroma pandan yang kuat dan kenyal, Bentuknya yang kenyal serupa dengan agar agar namun Srikaya memiliki tekstur berongga.</p>\r\n<p> </p>\r\n<p>Buka Mulai : 7 Pagi – 10 malam</p>', 'Srikaya Pandan adalah camilan yang manis dan berwarna hijau yang dimana\r\nditempatkan di mangkuk kecil/ wadah kecil.', 0.00, 14, 'publish', 'Syifa Alawiyah', 1, '2018-04-05 14:39:02', '2018-04-05 21:38:06', '2018-04-05 21:38:06'),
(56, 147, 38, 'Otok Owo Klinik Lapar', 'Otok Owo Klinik Lapar', 'Otok Owo Klinik Lapar', 'Otokowo,otok owo,otok owo bandung', 'otok-owo-klinik-lapar', '3500', '<p>Otok Owo adalah camilan tradisional yang berbentuk kue kering berwarna coklat dan berbentuk lingkaran. Kue ini memiliki perpaduan rasa yang unik, yakni manis yang berasal dari gula jawa, setelah disantap akan terasa asin dan hangat yang berasal dari jahe.</p>\r\n<p> </p>\r\n<p>Buka Mulai : 8 pagi – 5.30 sore</p>', 'Otok Owo adalah camilan tradisional yang berbentuk kue kering berwarna coklat dan\r\nberbentuk lingkaran.', 0.00, 14, 'publish', 'Syifa Alawiyah', 1, '2018-04-05 14:44:28', '2018-04-05 21:39:37', '2018-04-05 21:39:37');
INSERT INTO `foods` (`id`, `media_id`, `store_id`, `title`, `meta_title`, `meta_description`, `meta_tags`, `slug`, `price`, `text`, `short_text`, `rating`, `created_by`, `status`, `contributor`, `status_recomended`, `created_at`, `updated_at`, `deleted_at`) VALUES
(57, 152, 39, 'Cilok Bumbu Kacang', 'Cilok Bumbu Kacang', 'Cilok Bumbu Kacang', 'cilok,cipinang,cilok bumbu kacang', 'cilok-bumbu-kacang', '5.000', '<p style=\"text-align: center;\"><strong>CILOK BUMBU KACANG</strong></p>\r\n<p> </p>\r\n<p>Cilok adalah cemilan khas <a href=\"https://id.wikipedia.org/wiki/Jawa_Barat\">Jawa Barat</a>. Terbuat dari <a href=\"https://id.wikipedia.org/wiki/Tapioka\">tapioka</a> yang kenyal dengan tambahan bumbu pelengkap seperti <a href=\"https://id.wikipedia.org/wiki/Sambal_kacang\">sambal kacang</a>. Cilok bentuknya bulat-bulat seperti <a href=\"https://id.wikipedia.org/wiki/Bakso\">bakso</a>, hanya saja berbeda bahan dasarnya. Terdapat  daging cincang di dalamnya, karena terbuat dari bahan dasar tapioka maka cilok terasa kenyal saat dikonsumsi. Saat ini banyak ditemui gerobak cilok di Jakarta. Anak kecil senang jajan cemilan ini, yang dewasa bisa ngemil sambil ngopi Kopi ABC Susu.</p>', 'Cilok adalah jajanan yang banyak ditemui', 0.00, 15, 'publish', 'Rika Masda', 1, '2018-04-05 14:47:00', '2018-04-05 21:39:49', '2018-04-05 21:39:49'),
(58, 153, 40, 'Ketan Serundeng  Rusun Cipinang Muara', 'Ketan Serundeng Rusun Cipinang', 'Ketan Serundeng yang diijual di Rusun Cipinang', 'ketan,serundeng,ketan serundeng,betawi,cipinang', 'ketan-serundeng-rusun-cipinang-muara', '1500', '<p style=\"text-align: center;\">KETAN SERUNDENG</p>\r\n<p> </p>\r\n<p>Ketan Serundeng merup<strong>akan cemilan jadul tradisional </strong>Betawi. Saat ini masih bisa dijumpai di pasar tradisional, tapi harus pagi-pagi belinya, karena kalau siang udah h<strong>abis..hehe. Bagi pencinta gurih, </strong>pedas<strong> dan</strong> manis, cemilan ini cocok menemani Kopi ABC Susu kamu sarapan pagi. Berbahan dasar ketan dan dibalur serundeng, diband<strong>e</strong>rol harga  Rp 1.500 per buah.</p>\r\n<p> </p>\r\n<p style=\"text-align: center;\">Tempat : Rusun Cipinang Muara</p>\r\n<p style=\"text-align: center;\">Jam Buka : 06.00 - 11.00</p>\r\n<p style=\"text-align: center;\"> </p>\r\n<p> </p>\r\n<p> </p>', 'Ketan Serundeng adalah cemilan khas betawi yang sudah jarang ditemui', 0.00, 15, 'publish', 'Rika Masda', 1, '2018-04-05 15:31:14', '2018-04-05 21:39:57', '2018-04-05 21:39:57'),
(59, 154, 41, 'Kue Cucur Rusun Cipinang', 'Kue Cucur  Rusun Cipinang Muara', 'Kue Cucur  Rusun Cipinang Muara', 'kue cucur,cucur,cipinang,muara,jaktim', 'kue-cucur-rusun-cipinang', '1000', '<p style=\"text-align: center;\"><strong>KUE CUCUR</strong></p>\r\n<p> </p>\r\n<p>Kue Cucur khas Betawi ini wajib dihidangkan saat acara pernikahan adat Betawi. Tetapi sekarang bisa dinikmati  kapan saja kita mau, dengan harga Rp 1000 per buahnya. Kue cucur berbentuk bulat,  tebal menggembung seperti gunung di bagian tengah dan tipis garing di pinggirannya. Banyak pedagang yang menjualnya, ada dipasar tradisional atau pusat wisata kota . Kue cucur enak di makan saat hangat bersama Kopi ABS Susu.</p>\r\n<p> </p>\r\n<p style=\"text-align: center;\">Tempat : Rusun Cipinang Muara</p>\r\n<p style=\"text-align: center;\">Jam Buka : 06.00 - 11.00</p>', 'Kue Cucur khas Betawi ini wajib dihidangkan saat acara pernikahan adat Betawi', 0.00, 15, 'publish', 'Rika Masda', 1, '2018-04-05 16:39:42', '2018-04-05 21:40:07', '2018-04-05 21:40:07'),
(60, 157, 31, 'Bola-Bola Oreo', 'Bola-Bola Oreo', 'Bola-Bola Oreo', 'Bola-Bola Oreo,Cemilan,Kue,Kue Kering', 'bola-bola-oreo', '7000', '<p>Bola-bola oreo ini memiliki banyak varian rasa juga, mulai dari oreo, green tea, vanilla dan lainnya. Untuk rasanya udah pasti enak banget! Karena rasa dari bola bola oreo ini manis susu namun di dalamnya ada <em>crunchy</em> biscuit dan juga tidak ketinggalan ada taburan oreo di seluruh permukaan bola bola oreo ini yang saat disantap akan menambahkan rasa enaknya</p>', 'Bola-bola oreo adalah camilan kekinian', 0.00, 19, 'publish', 'Syifa', 1, '2018-04-06 01:30:19', '2018-04-06 01:30:19', NULL),
(61, 166, 42, 'Kue Ape Kebon  Jeruk', 'Kue Ape Kebon  Jeruk', 'Kue Ape Kebon  Jeruk', 'kue ape,kue ape jakarta', 'kue-ape-kebon-jeruk', '1000', '<p style=\"text-align: justify;\">Kue Ape ini salah satu jajanan tradisional yang banyak di gemari oleh masyarakat indonesia loh. Selain bentuknya yang unik rasanya pun enak banget, apalagi dimakan saat pagi hari yang cerah ditemani dan secangkir mantapnya paling nikmat Kopi ABC Susu. Kolaborasi yang paling mantap untuk menemani pagi yang cerah ini guys.</p>\r\n<p style=\"text-align: justify;\"> </p>\r\n<p>Buka mulai      : 07.00 – 14.00 WIB</p>', 'Kue Ape adalah  jajanan khas dari Jakarta. Bentuknya menyerupai pancake.', 0.00, 14, 'publish', 'Dian Fatmala Sari', 1, '2018-04-06 22:05:09', '2018-04-06 22:05:09', NULL),
(62, 167, 43, 'Kue Cucur Pasar Pagi', 'Kue Cucur Pasar Pagi', 'Kue Cucur Pasar Pagi', 'Kue Cucur ,Kue Cucur Kebon jeruk', 'kue-cucur-pasar-pagi', '1500', '<p style=\"text-align: justify;\">Siapa hayo yang belum tau cemilan tradisional satu ini? Ini adalah kue cucur. Kue cucur ini terbuat dari tepung beras dan gula aren yang digoreng. Teman pagiku bersama kue cucur yang gurih dan manis dilengkapi dengan kopi ABC Susu membuat pagiku lebih cerah dan membuat pagiku lebih cerah dan membuatku semangat menjalani hari.</p>\r\n<p style=\"text-align: justify;\"> </p>\r\n<p>Buka mulai      : 06.00 – 09.00 WIB</p>', 'Kue Cucur adalah salah satu jajanan tradisional di Indonesia', 0.00, 14, 'publish', 'Dian Fatmala Sari', 1, '2018-04-06 22:30:48', '2018-04-06 22:30:48', NULL),
(63, 105, 26, 'Apem Panggang', 'Apem Panggang Pastellia', 'Apem panggang', 'Apem,apem,panggang,Apem Panggang,Pastellia,BSD', 'apem-panggang', '7500', '<p>Apem panggangg yang akan kita review ini adalah Apem panggang dari <em>toko cemilan</em>&nbsp;<em>Pastellia </em>di Pasar Modern BSD, dikenal dengan rasanya yang manis dan gurih, apem panggang ini terasa sangat nikmat jika di santap saat masih hangat, tips untuk kamu yang ingin menikmati Apem Panggang ini, usahakan kamu datang ke toko ini pagi, karena biasanya di toko ini mereka sudah menyiapkan segala cemilan yang ada di pagi hari, dan kamu masih bisa menikmati hangatnya Apem Panggang ini sampai jam 8 pagi.</p>\r\n<p>Buka: Setiap hari, pukul 05.30 WIB &ndash; 20.00 WIB</p>', 'Apem panggangg adalah salah satu cemilan yang nusantara banget, dikenal dengan rasanya yang manis dan gurih, apem memiliki adonan khas yang hhanya bisa di buat dengan campuran santan didalam adonannya', 0.00, 13, 'publish', 'Mia', 1, '2018-04-08 18:05:11', '2018-04-09 13:28:02', NULL),
(64, 106, 26, 'Gethuk singkong', 'Gethuk', 'Gethuk singkong', 'Gethuk,Gethuk singkong,Pastellia', 'gethuk-singkong', '4500', '<p>Bagi kamu yang memiliki kampung halaman di daerah jawa tengah atau jawa timur, menyantap gethuk singkong dari Toko cemilan&nbsp;<em>Pastellia </em>ini memiliki rasa yang cukup membuat kamu bernostalgia,&nbsp;kenapa, karena lembutnya adonan singkong dengan taburan kelapa parut ini, cukup membuat kamu teringat dengan kampung halaman, hmmm.. Rasa klasik yang tepat untuk teman ngopi.</p>\r\n<p>Buka: Setiap hari, pukul 05.30 WIB &ndash; 20.00 WIB</p>', 'Gethuk adalah salah satu cemilan yang sangat khas dari jawa tengah, yang terbuat dari olahan singkong dengan di taburi kelapa parut yang gurih', 0.00, 13, 'publish', 'Mia', 1, '2018-04-08 18:08:02', '2018-04-09 13:34:43', NULL),
(65, 168, 44, 'Kuping Gajah Pasar Musyawarah', 'Kuping Gajah Pasar Musyawarah', 'Kuping Gajah Pasar Musyawarah', 'kuping gajah,kuping gajah cemilan,kue kuping gajah', 'kuping-gajah-pasar-musyawarah', '3500', '<p style=\"margin: 0cm; margin-bottom: .0001pt; text-align: justify; line-height: 150%; background: white;\"><span style=\"color: #222222; background: white;\">Nah ini namanya unik baget nih, Kuping Gajah. Tapi bukan kuping gajah beneran ya guys. Ini Cuma sebutan aja karna bentuk dari kripik ini mirip banget sama kuping gajah. Kripik kuping gajah ini renyah banget rasanya yang manis cocok banget dimakan bareng secangkir hangatnya kopi ABC Susu. Enak banget nih buat cemilan sore hari apalagi di saat mendung begini.</span></p>\r\n<p style=\"margin: 0cm; margin-bottom: .0001pt; text-align: justify; line-height: 150%; background: white;\"> </p>\r\n<p>Buka mulai      : 06.00 – 10.00 WIB</p>', 'Kuping Gajah adalah cemilan tradisonal yang masih di gemari hingga saat ini.', 0.00, 14, 'publish', 'Dian Fatmala Sari', 1, '2018-04-08 20:20:59', '2018-04-08 20:20:59', NULL),
(66, 158, 45, 'Onde-onde Verina', 'Onde-onde Verina', 'Onde-onde Verina', 'Onde-onde,onde-onde verina,jatinangor,bandung,onde', 'onde-onde-verina', '2000', '<p><br data-mce-bogus=\"1\"></p>', 'Bulat, renyah, kejutan di dalam, dan bertabur wijen. Yap ini dia Onde-onde! Onde-onde merupakan jajanan khas dari daerah Mojokerto. Namun karena Onde-onde disukai orang Indonesia dari berbagai daerah, kita bisa menemukan Onde-onde di mana saja.', 0.00, 13, 'publish', 'Abdillah', 1, '2018-04-08 21:54:02', '2018-04-08 21:54:02', NULL),
(67, 159, 45, 'Brownies mini', 'Brownies', 'Brownies', 'Brownies,mini,jatinangor', 'brownies-mini', '3000', '<p>Cokelat kehitaman, padat, dan manis. Apalagi kalau bukan brownies? Yap! Kue satu ini memang sebenarnya bukan asli dari Indonesia. Namun, karena digemari oleh masyarakat Indonesia, muncullah inovasi-inovasi yang diterapkan pada brownis. Mulai dari brownis kukus, brownis panggang, juga brownis bakar. Bahkan ada juga yang memadukan brownis dengan tapai lho! Memang sih jajanan yang bisa kita jumpai dengan mudah di berbagai toko kue ini tidak pernah salah, apalagi jika dipadukan dengan Kopi ABC Susu.</p>\r\n<p> </p>\r\n<p>Buka: Setiap hari, pukul 05.30 WIB – 20.00 WIB</p>', 'Cokelat kehitaman, padat, dan manis. Apalagi kalau bukan brownies? Yap! Kue satu ini memang sebenarnya bukan asli dari Indonesia. Namun, karena digemari oleh masyarakat Indonesia', 0.00, 13, 'publish', 'Abdillah', 1, '2018-04-08 22:03:54', '2018-04-08 22:03:54', NULL),
(68, 161, 45, 'Soes Verina', 'Soes', 'Soes Verina Jatinangor Bandung', 'Soes,Verina,Bandung', 'soes-verina', '1500', '<p>Nah, Soes kali ini bisa kamu dapatkan di toko kue <em>Verina Kue &amp; Snack&nbsp;</em>di jatinangor. Soes yang di sediakan Verina ini cukup menarik karena ada taburan keju diatasnya, sehingga kamu bisa merasakan tekstur ekstra krispi disini, dengan isian fla lembut yang tidak terlalu manis, membuat rasa, tekstur, hingga sensasi yang di dapat lebih menarik di setiap gigitan. dan ditambah lagi&nbsp;<em>Verina Kue &amp; Snack&nbsp;</em>ini tidak sulit di temukan, kamu bisa menemukannya tepat di pinggir jalan jatinangor.</p>\r\n<p>Buka: Setiap hari, pukul 05.30 WIB &ndash; 20.00 WIB</p>', 'Soes atau yang akrab disebut Kue Sus merupakan kue peninggalan Belanda yang akhirnya banyak digemari oleh masyarakat Indonesia.', 0.00, 13, 'publish', 'Abdillah', 0, '2018-04-08 22:14:54', '2018-04-09 12:57:43', NULL),
(69, 162, 45, 'Cheese Roll', 'Cheese Roll', 'Cheese Roll', 'Cheese Roll,keju,Keju,cheese roll,rol keju', 'cheese-roll', '2000', '<p>Untuk kalian pecinta keju, pasti jajanan satu ini tidak akan asing. Ya, Cheese Roll! Meskipun dikatakan bahwa Cheese Roll merupakan makanan yang populer di New Zealand, tapi Cheese Roll khas nusantara juga Indonesia punya lho. Di mana lagi kalau bukan di daerah Bandung, Jawa Barat. Olahan keju yang digulung dengan lapisan adonan roti dan dipanggang hingga kering di sini. Rasa manisnya lapisan roti serta gurihnya keju bisa kamu dapatkan dengan datang ke toko ini.</p>\r\n<p>&nbsp;</p>\r\n<p>Buka: Setiap hari, pukul 05.30 WIB &ndash; 20.00 WIB</p>', 'Ya, Cheese Roll! Meskipun dikatakan bahwa Cheese Roll merupakan makanan yang populer di New Zealand, tapi Cheese Roll khas nusantara juga Indonesia punya lho. Di mana lagi kalau bukan di daerah Bandung, Jawa Barat.', 0.00, 13, 'publish', 'Abdillah', 1, '2018-04-08 22:21:56', '2018-04-09 13:22:33', NULL),
(70, 163, 47, 'Kue Balok', 'Kue Balok', 'Kue balok', 'Kue Balok,Balok,balok,kue balok,Bandung,mang Salam', 'kue-balok', '3000', '<p>Kue Balok merupakan jajanan dikenal sejak tahun 1990an, tapi kembali tenar baru-baru ini. Jajanan khas dari daerah Jawa Barat ini disebut-sebut sebagai kembaran dari kue pukis karena memiliki rasa serta bentuk yang mirip. Kue Balok kembali tenar dengan varian rasa serta topping yang lebih beragam, dari  <em>green tea, </em>tiramisu, coklat, nutella, dan masih banyak lagi. Selain itu kita juga bisa memilih ingin membeli Kue Balok yang matang atau setengah matang. Kue Balok pas menjadi teman ngobrol bersama teman-teman dan ditemani secangkir Kopi ABC Susu!</p>', 'Jajanan Jawa Barat ini disebut sebagai kembaran dari kue pukis karena memiliki rasa serta bentuk yang mirip. Kue Balok kembali tenar dengan varian rasa serta topping yang lebih beragam, dari  green tea, tiramisu, coklat, nutella, dan DLL. Selain itu ada Kue Balok yang matang atau setengah matang.', 3.00, 13, 'publish', 'Abdillah', 1, '2018-04-08 22:38:45', '2018-04-09 15:11:41', NULL),
(71, 164, 45, 'Dadar Gulung  - Verina Kue & Snack', 'Dadar Gulung Verina', 'Dadar Gulung Verina', 'Dadar Gulung,dadar gulung,Verina,Darlung,darlung,DarLung,Bandung,bandung', 'dadar-gulung-verina-kue-snack', '1500', '<p>Berwarna hijau dan manis di dalam. Apakah itu? Ya, dadar gulung. Dadar Gulung adalah salah satu makanan khas Indonesia yang berasal dari Pulau Jawa. Jajanan tradisional ini&nbsp; terbuat dari tepung beras dan campuran pandan sebagai kulit, serta parutan kelapa dan gula merah, kemudian digulung. Warna hijau pada dadar gulung berasal dari campuran pandan atau suji. Ternyata selain berisi parutan kelapa yang dicampur gula merah cair, dadar gulung juga ada yang berisi pisang dan fla lho. Jangan lupa, Dadar Gulung sangat cocok dinikmati dengan Kopi ABC Susu!</p>', 'Berwarna hijau dan manis di dalam. Apakah itu? Ya, dadar gulung. Dadar Gulung adalah salah satu makanan khas Indonesia yang berasal dari Pulau Jawa. Jajanan tradisional ini  terbuat dari tepung beras dan campuran pandan sebagai kulit, serta parutan kelapa dan gula merah, kemudian digulung.', 0.00, 13, 'publish', 'Abdillah', 1, '2018-04-08 22:44:23', '2018-04-08 22:45:09', NULL),
(72, 185, 48, 'Nagasari Pancoran', 'Nagasari Pancoran', 'Nagasari Pancoran', 'Nagasari,Nagasari Pancoran', 'nagasari-pancoran', '1500', '<p>Hallo, Mungkin kalian sering sekali melihat jajanan pasar yang satu ini namun jarang ada yang tau nama asli camilan tersebut. Nagasari, jajanan yang terbuat dari tepung beras dan santan ini memiliki tekstur yang lembut dan meleleh ketika dimakan. Isian pisang pada nagasari memberikan rasa manis alami dan menabah kesan tersendiri saat memakanya. Perpaduan tepung beras, santan dan isian pisang membuat nagasari menjadi cemilan ringan yang cukup digemari sampai sekarang</p>\r\n<p> </p>\r\n<p>Jam Buka : 11:00 – 21:00</p>', 'Nagasari adalah sejenis kue yang terbuat dari tepung beras, tepung sagu, santan, dan gula yang diisi pisang', 0.00, 14, 'publish', 'Putri Eva Riani', 1, '2018-04-08 23:45:09', '2018-04-08 23:45:09', NULL),
(73, 186, 49, 'Onde-Onde Pancoran', 'Onde-Onde Pancoran', 'Onde-Onde Pancoran', 'Onde Onde,Onde onde pancoran', 'onde-onde-pancoran', '1000', '<p>Hai, kalian tau gak onde-onde cemilan khas dari mana? Onde-Onde yang terbuat dari tepung ketan yang di taburi dengan wijen ini berasal dari daerah Mojokerto loh. Onde-onde ini juga terbuat dari kacang hijau dan gula merah. Onde-onde ini memiliki tekstur yang kenyal. Rasa kenyal ini berasal dari kulitnya loh. Perpaduan rasa ini sangat berbeda dari cemilan khas Indonesia lainnya loh. Onde-onde ini biasanya disajikan secara panas.</p>\r\n<p> </p>\r\n<p>Jam Buka       : 13.00 - 19.00</p>', 'Onde-onde terbuat dari tepung terigu ataupun tepung ketan yang digoreng atau direbus dan permukaannya ditaburi/dibalur dengan biji wijen', 0.00, 14, 'publish', 'Putri Eva Riani', 1, '2018-04-08 23:59:35', '2018-04-08 23:59:35', NULL),
(74, 189, 50, 'Otak-Otak Crispy Depok', 'Otak-Otak Crispy Depok', 'Otak-Otak Crispy Depok', 'otak-otak,otak-otak crispy', 'otak-otak-crispy-depok', '1000', '<p>Cemilan yang satu ini namanya Otak-Otak <em>Crispy, </em>cemilan yang satu ini emang renyah banget sih apalagi kalau dimakannya pas anget-anget, <em>beuh..</em>rasanya sama aja kaya otak-otak pada umumnya yang di goreng bedanya otak-otak ini di balut dengantepung super renyah dengan warna yang super menggoda. Otak-otak ini pas banget kalo dimakannya pake saus sambal ditambah minumnya yang pasti kopi susu ABC dong~.</p>\r\n<p> </p>\r\n<p>Buka mulai pukul 11.00 – 19.00 WIB</p>', 'Otak Otak Crispy di Depok ini enak banget loh', 0.00, 14, 'publish', 'Windy Camelia', 1, '2018-04-09 11:09:34', '2018-04-09 11:09:34', NULL),
(75, 190, 51, 'Bakwan Mpok Aap', 'Bakwan Mpok Aap', 'Bakwan Mpok Aap', 'bakwan,bakwan mpok aap', 'bakwan-mpok-aap', '1000', '<p style=\"text-align: justify;\">Bakwan sayur dan bakwan jagung ini selain mengenyangkan bakwan ini sangat sehat untuk nutrisi kebutuhan setiap hari. Apalagi ditemani dengan kopi ABC Susu yang mantap rasa susunya. Bakwan sayur dan bakwan jagung ini rasanya renyah dan lembut di dalam. Cocok deh buat ganjel perut kamu kalo lagi lapar.</p>\r\n<p> </p>\r\n<p>Buka mulai      : 05.30 – 09.00 WIB</p>', 'Bakwan adalah makanan gorengan yang terbuat dari sayuran dan tepung terigu yang lazim ditemukan di Indonesia', 0.00, 14, 'publish', 'Dian Fatmala Sari', 1, '2018-04-09 11:26:07', '2018-04-09 11:26:07', NULL),
(76, 191, 50, 'Bakso Goreng Depok', 'Bakso Goreng Depok', 'Bakso Goreng Depok', 'Bakso,Bakso goreng', 'bakso-goreng-depok', '1000', '<p>Cemilan yang satu ini namanya ‘Basreng’. Cemilan yang digemari berbagai kalangan ini eksis dimana-mana lho! Jika kita biasanya makan bakso yang di campur kuah, kali ini baksinya digoreng mengguakan tepung krispi. Rasanya yang gurih apalagi dicampur oleh berbagai bumbu seperti rasa <em>barbeque</em>, manis, asin, pedas dan keju menambah kenikmatan basreng ini. Cemilan ini akan semakin nikmat jika di makannya bersama Kopi Susu ABC sebagai minumannya lho teman-teman.</p>\r\n<p> </p>\r\n<p>Buka mulai pukul 11.00 – 19.00 WIB</p>', 'Bakso goreng atau yang biasa di sebut Basreng, ini adalah bakso yang di goreng hingga kering.', 0.00, 14, 'publish', 'Windy Camelia', 1, '2018-04-09 11:43:50', '2018-04-09 11:43:50', NULL),
(77, 192, 53, 'French Fries 9\'s Hous Caffe', 'French Fries 9\'s Hous Caffe', 'French Fries 9\'s Hous Caffe', 'French Fries 9\'s Hous Caffe,9\'s house caffe,kentang goreng', 'french-fries-9-s-hous-caffe', '10000', '<p style=\"text-align: justify;\">Siapa sih yang gak tau cemilan yang satu ini. Cemilan kentang goreng ini banyak banget diminati berbagai kalangan, kentang goreng yang satu ini rasanya renyah banget dan yang pasti enak banget. Kentang goreng ini di sajikan dalam keadaan masih hangat dan di goreng sangat garing. Jangan lupa cocol dengan sausnya.</p>\r\n<p style=\"text-align: justify;\"> </p>\r\n<p>Buka 11.00 – 23.00</p>', 'Kentang goreng adalah hidangan yang dibuat dari potongan-potongan kentang yang digoreng dalam minyak goreng panas', 0.00, 14, 'publish', 'Julius Subang', 1, '2018-04-09 13:08:20', '2018-04-09 13:08:20', NULL),
(78, 187, 52, 'Dadar Gulung Permata Kuningan', 'Dadar Gulung Permata Kuningan', 'Dadar Gulung Permata Kuningan', 'Dadar,gulung,darlung,permata kuningan', 'dadar-gulung-permata-kuningan', '2000', '<p style=\"text-align: center;\"><strong>DADAR GULUNG</strong></p>\r\n<p><strong> </strong></p>\r\n<p>Setiap pagi, di kantor selalu ada bapak-bapak yang datang untuk menjajakan dagangannya, yaitu jajanan nusantara dan nasi uduk bungkus untuk sarapan. Nah, cemilan yang dibuat dari tepung beras dan pandan inilah yang jadi langgananku. Yup, dadar gulung. Rasa manis gula jawa yang dipadukan dengan parutan kelapa ini cocok untuk memulai hariku, apalagi kalau sambil minum kopi. Mantap! Supaya praktis, aku selalu stok kopi sachet di laci untuk kebutuhan sehari-hari. Entah itu kopi ABC Susu atau ABC Mocca. Kalau kamu pagi-pagi suka jajan apa?</p>\r\n<p> </p>\r\n<p style=\"text-align: center;\">Alamat            : Permata Kuningan – Jl. Kuningan Mulia, Setiabudi, Jakarta Selatan</p>\r\n<p style=\"text-align: center;\">Jam Buka        : 06.00-18.00</p>', 'Dadar Gulung adalah Jajanan Tradisional  yang mudah ditemui dan rasanya tergolong diterima oleh umum', 0.00, 15, 'publish', 'Febriyanti Wulan Dari', 1, '2018-04-09 13:26:26', '2018-04-09 13:26:26', NULL),
(79, 193, 49, 'Donat Pancoran', 'Donat Pancoran', 'Donat Pancoran', 'donat jakarta,donat,donat gula', 'donat-pancoran', '1000', '<p style=\"text-align: justify;\">Kalian tau gak kalo salah satu makanan khas Indonesia ini udah ada sebelum nama Jakarta menjadi Batavia. Namanya Donat Cincin. Donat cincin ini mempunyai rasa manis yang diberikan dari gula halus yang dicampur dengan diluar donatnya. Tekstur yang donat ini lembut apalagi kalau disajikannya saat panas-panas atau baru matang. Donat ini cocok banget buat cemilan di pagi atau sore hari saat hujan turun apalagi makanannya di temennin sama seduhhan kopi susu abc yang rasa manisnya pas banget.</p>\r\n<p style=\"text-align: justify;\"> </p>\r\n<p>Jam : 16:00 – 21:00</p>', 'Donat adalah penganan yang digoreng, dibuat dari adonan tepung terigu, gula, telur dan mentega.', 0.00, 14, 'publish', 'Putri Eva Riani', 1, '2018-04-09 13:32:36', '2018-04-09 13:32:36', NULL),
(80, 194, 54, 'Gemblong Pasar Minggu', 'Gemblong Pasar Minggu', 'Gemblong Pasar Minggu', 'gemblong,pasar minggu,pasar,minggu,jaksel,jakarta,selatan', 'gemblong-pasar-minggu', '2000', '<p style=\"text-align: center;\"><strong>GEMBLONG</strong></p>\r\n<p> </p>\r\n<p>Nah, kalau kue lonjong satu ini namanya gemblong, jajanan tradisional khas Indonesia. Gemblong ini terbuat dari adonan tepung beras ketan putih yang dilapisi dengan larutan gula aren disekelilingnya. Rasanya yang manis cocok untuk memulai harimu, apalagi kalau ditemani dengan minum kopi. Sedap! Kamu cukup seduh kopi ABC Susu atau ABC Mocca dengan air hangat dan kamu siap untuk memulai harimu dengan semangat!</p>\r\n<p style=\"text-align: center;\"> </p>\r\n<p style=\"text-align: center;\">Alamat            : Kawasan Pasar Minggu, Jakarta Selatan</p>\r\n<p style=\"text-align: center;\">Jam Buka        : 06.00-10.00</p>', 'Gemblong adalah Olahan Ketan yang dibalut dengan Gula Aren.', 0.00, 15, 'publish', 'Febriyanti Wulan Dari', 1, '2018-04-09 14:30:02', '2018-04-09 14:30:02', NULL),
(81, 221, 55, 'Putu Bangka 8', 'Putu Bangka 8', NULL, 'Kue Putu,Putu Jakarta', 'putu-bangka-8', '1000', '<p style=\"text-align: justify;\">Hallo, kalian tau ga sih kalo putu adalah salah satu makanan khas jawa loh. Putu merupakan salah satu cemilan yang berbahan dasar tepung beras, gula merah dan parutan kelapa. Cara pembuatannya juga sangat seserhana hanya dengan di kukus dalam kurang lebih 15 menit kalian bisa langsung menikmati putu tanpa harus menunggu lama.</p>\r\n<p style=\"text-align: justify;\"> </p>\r\n<p>Jam Buka  :  16.00 – 17.00 sore</p>', 'Kue putu adalah jenis makanan Nusantara berupa kue yang berisi gula jawa dan parutan kelapa, tepung beras butiran kasar', 0.00, 14, 'publish', 'Putri Eva Riani', 1, '2018-04-09 15:11:49', '2018-04-09 15:11:49', NULL);

-- --------------------------------------------------------

--
-- Table structure for table `foods_role_categories`
--

CREATE TABLE `foods_role_categories` (
  `id` int(10) UNSIGNED NOT NULL,
  `food_id` int(11) NOT NULL,
  `category_id` int(11) NOT NULL,
  `created_at` timestamp NULL DEFAULT NULL,
  `updated_at` timestamp NULL DEFAULT NULL,
  `deleted_at` timestamp NULL DEFAULT NULL
) ENGINE=InnoDB DEFAULT CHARSET=utf8mb4 COLLATE=utf8mb4_unicode_ci;

--
-- Dumping data for table `foods_role_categories`
--

INSERT INTO `foods_role_categories` (`id`, `food_id`, `category_id`, `created_at`, `updated_at`, `deleted_at`) VALUES
(2, 2, 3, '2018-03-26 03:28:41', '2018-04-02 13:55:35', '2018-04-02 13:55:35'),
(5, 4, 3, '2018-03-26 03:32:33', '2018-04-01 17:21:35', '2018-04-01 17:21:35'),
(7, 1, 1, '2018-03-26 03:36:38', '2018-04-05 00:18:00', '2018-04-05 00:18:00'),
(8, 3, 2, '2018-03-26 04:19:10', '2018-04-01 17:31:42', '2018-04-01 17:31:42'),
(9, 3, 1, '2018-03-26 04:19:10', '2018-04-01 17:31:42', '2018-04-01 17:31:42'),
(10, 5, 4, '2018-03-26 05:08:05', '2018-04-05 00:18:07', '2018-04-05 00:18:07'),
(11, 5, 3, '2018-03-26 05:08:05', '2018-04-05 00:18:07', '2018-04-05 00:18:07'),
(12, 6, 5, '2018-03-28 14:44:00', '2018-04-02 14:01:32', '2018-04-02 14:01:32'),
(20, 8, 5, '2018-04-01 08:18:07', '2018-04-05 21:31:55', '2018-04-05 21:31:55'),
(21, 8, 8, '2018-04-01 08:18:07', '2018-04-05 21:31:55', '2018-04-05 21:31:55'),
(22, 8, 1, '2018-04-01 08:18:07', '2018-04-05 21:31:55', '2018-04-05 21:31:55'),
(25, 10, 7, '2018-04-01 11:41:46', '2018-04-05 21:32:10', '2018-04-05 21:32:10'),
(27, 7, 1, '2018-04-01 11:47:29', '2018-04-05 21:31:39', '2018-04-05 21:31:39'),
(28, 7, 6, '2018-04-01 11:47:29', '2018-04-05 21:31:39', '2018-04-05 21:31:39'),
(30, 12, 11, '2018-04-01 12:20:35', '2018-04-05 21:32:21', '2018-04-05 21:32:21'),
(32, 14, 1, '2018-04-02 00:24:44', '2018-04-05 21:32:31', '2018-04-05 21:32:31'),
(33, 14, 13, '2018-04-02 00:24:44', '2018-04-05 21:32:31', '2018-04-05 21:32:31'),
(34, 15, 14, '2018-04-02 15:58:39', '2018-04-05 21:32:36', '2018-04-05 21:32:36'),
(35, 16, 15, '2018-04-02 18:22:17', '2018-04-05 21:32:43', '2018-04-05 21:32:43'),
(36, 17, 16, '2018-04-02 18:33:54', '2018-04-05 21:32:49', '2018-04-05 21:32:49'),
(37, 18, 18, '2018-04-03 11:01:45', '2018-04-05 21:32:55', '2018-04-05 21:32:55'),
(38, 19, 1, '2018-04-03 11:23:27', '2018-04-03 11:23:27', NULL),
(39, 19, 19, '2018-04-03 11:23:27', '2018-04-03 11:23:27', NULL),
(42, 21, 20, '2018-04-03 14:07:47', '2018-04-05 21:33:24', '2018-04-05 21:33:24'),
(43, 21, 1, '2018-04-03 14:07:47', '2018-04-05 21:33:24', '2018-04-05 21:33:24'),
(44, 22, 1, '2018-04-03 14:21:49', '2018-04-03 14:21:49', NULL),
(45, 22, 21, '2018-04-03 14:21:49', '2018-04-03 14:21:49', NULL),
(46, 23, 22, '2018-04-03 14:38:48', '2018-04-03 14:38:48', NULL),
(47, 24, 23, '2018-04-03 14:47:30', '2018-04-05 21:33:34', '2018-04-05 21:33:34'),
(48, 25, 25, '2018-04-03 15:03:52', '2018-04-05 21:33:40', '2018-04-05 21:33:40'),
(49, 26, 26, '2018-04-03 15:19:27', '2018-04-05 21:33:46', '2018-04-05 21:33:46'),
(50, 9, 9, '2018-04-03 15:27:43', '2018-04-05 21:32:01', '2018-04-05 21:32:01'),
(51, 11, 10, '2018-04-03 15:28:08', '2018-04-05 21:32:15', '2018-04-05 21:32:15'),
(52, 27, 27, '2018-04-03 15:43:50', '2018-04-05 21:33:52', '2018-04-05 21:33:52'),
(53, 28, 28, '2018-04-03 15:58:32', '2018-04-05 21:34:00', '2018-04-05 21:34:00'),
(54, 29, 13, '2018-04-03 17:02:59', '2018-04-05 21:34:08', '2018-04-05 21:34:08'),
(55, 30, 29, '2018-04-03 17:19:05', '2018-04-05 21:34:19', '2018-04-05 21:34:19'),
(56, 31, 30, '2018-04-03 17:28:21', '2018-04-05 21:34:57', '2018-04-05 21:34:57'),
(57, 32, 1, '2018-04-03 17:38:49', '2018-04-05 21:35:03', '2018-04-05 21:35:03'),
(58, 33, 31, '2018-04-03 17:40:09', '2018-04-05 21:35:11', '2018-04-05 21:35:11'),
(59, 34, 1, '2018-04-03 21:12:10', '2018-04-05 21:35:18', '2018-04-05 21:35:18'),
(61, 36, 35, '2018-04-04 13:50:51', '2018-04-05 21:35:44', '2018-04-05 21:35:44'),
(62, 36, 28, '2018-04-04 13:50:51', '2018-04-05 21:35:44', '2018-04-05 21:35:44'),
(63, 36, 8, '2018-04-04 13:50:51', '2018-04-05 21:35:44', '2018-04-05 21:35:44'),
(64, 37, 15, '2018-04-04 14:13:14', '2018-04-05 21:35:51', '2018-04-05 21:35:51'),
(65, 37, 36, '2018-04-04 14:13:14', '2018-04-05 21:35:51', '2018-04-05 21:35:51'),
(66, 38, 37, '2018-04-04 16:45:30', '2018-04-05 21:35:59', '2018-04-05 21:35:59'),
(67, 35, 1, '2018-04-05 00:04:00', '2018-04-05 21:35:29', '2018-04-05 21:35:29'),
(68, 35, 33, '2018-04-05 00:04:00', '2018-04-05 21:35:29', '2018-04-05 21:35:29'),
(69, 13, 12, '2018-04-05 03:32:56', '2018-04-05 21:32:26', '2018-04-05 21:32:26'),
(70, 39, 38, '2018-04-05 11:04:03', '2018-04-05 21:36:07', '2018-04-05 21:36:07'),
(71, 40, 39, '2018-04-05 11:16:46', '2018-04-05 21:36:14', '2018-04-05 21:36:14'),
(72, 41, 40, '2018-04-05 11:25:11', '2018-04-05 21:36:21', '2018-04-05 21:36:21'),
(73, 42, 41, '2018-04-05 11:31:15', '2018-04-05 21:36:34', '2018-04-05 21:36:34'),
(74, 43, 42, '2018-04-05 11:36:45', '2018-04-05 21:36:42', '2018-04-05 21:36:42'),
(75, 44, 43, '2018-04-05 12:03:36', '2018-04-05 21:36:48', '2018-04-05 21:36:48'),
(76, 45, 44, '2018-04-05 12:12:29', '2018-04-05 21:36:59', '2018-04-05 21:36:59'),
(77, 46, 45, '2018-04-05 12:21:10', '2018-04-05 21:37:11', '2018-04-05 21:37:11'),
(78, 47, 46, '2018-04-05 12:35:02', '2018-04-05 21:37:17', '2018-04-05 21:37:17'),
(79, 48, 17, '2018-04-05 12:43:24', '2018-04-05 21:37:25', '2018-04-05 21:37:25'),
(80, 49, 47, '2018-04-05 12:58:35', '2018-04-05 21:37:31', '2018-04-05 21:37:31'),
(81, 50, 48, '2018-04-05 13:23:58', '2018-04-05 21:37:37', '2018-04-05 21:37:37'),
(82, 51, 49, '2018-04-05 13:40:23', '2018-04-05 13:40:23', NULL),
(83, 52, 45, '2018-04-05 14:15:22', '2018-04-05 21:37:44', '2018-04-05 21:37:44'),
(84, 53, 50, '2018-04-05 14:28:13', '2018-04-05 21:38:29', '2018-04-05 21:38:29'),
(85, 54, 31, '2018-04-05 14:33:46', '2018-04-05 21:39:31', '2018-04-05 21:39:31'),
(86, 55, 51, '2018-04-05 14:39:02', '2018-04-05 21:38:06', '2018-04-05 21:38:06'),
(87, 56, 52, '2018-04-05 14:44:28', '2018-04-05 21:39:37', '2018-04-05 21:39:37'),
(88, 57, 15, '2018-04-05 14:47:01', '2018-04-05 21:39:49', '2018-04-05 21:39:49'),
(89, 58, 53, '2018-04-05 15:31:14', '2018-04-05 21:39:57', '2018-04-05 21:39:57'),
(90, 59, 20, '2018-04-05 16:39:42', '2018-04-05 21:40:07', '2018-04-05 21:40:07'),
(91, 60, 54, '2018-04-06 01:30:19', '2018-04-06 01:30:19', NULL),
(92, 61, 55, '2018-04-06 22:05:09', '2018-04-06 22:05:09', NULL),
(93, 62, 56, '2018-04-06 22:30:48', '2018-04-06 22:30:48', NULL),
(96, 65, 57, '2018-04-08 20:20:59', '2018-04-08 20:20:59', NULL),
(97, 66, 64, '2018-04-08 21:54:02', '2018-04-08 21:54:02', NULL),
(98, 67, 65, '2018-04-08 22:03:54', '2018-04-08 22:03:54', NULL),
(101, 70, 67, '2018-04-08 22:38:45', '2018-04-08 22:38:45', NULL),
(103, 71, 68, '2018-04-08 22:45:09', '2018-04-08 22:45:09', NULL),
(104, 72, 69, '2018-04-08 23:45:09', '2018-04-08 23:45:09', NULL),
(105, 73, 64, '2018-04-08 23:59:35', '2018-04-08 23:59:35', NULL),
(106, 74, 70, '2018-04-09 11:09:34', '2018-04-09 11:09:34', NULL),
(107, 75, 71, '2018-04-09 11:26:07', '2018-04-09 11:26:07', NULL),
(108, 76, 72, '2018-04-09 11:43:50', '2018-04-09 11:43:50', NULL),
(109, 68, 58, '2018-04-09 12:57:43', '2018-04-09 12:57:43', NULL),
(110, 77, 73, '2018-04-09 13:08:20', '2018-04-09 13:08:20', NULL),
(111, 69, 66, '2018-04-09 13:22:33', '2018-04-09 13:22:33', NULL),
(112, 78, 68, '2018-04-09 13:26:26', '2018-04-09 13:26:26', NULL),
(113, 63, 59, '2018-04-09 13:28:02', '2018-04-09 13:28:02', NULL),
(114, 79, 74, '2018-04-09 13:32:37', '2018-04-09 13:32:37', NULL),
(115, 64, 60, '2018-04-09 13:34:43', '2018-04-09 13:34:43', NULL),
(116, 80, 75, '2018-04-09 14:30:02', '2018-04-09 14:30:02', NULL),
(117, 81, 77, '2018-04-09 15:11:49', '2018-04-09 15:11:49', NULL);

-- --------------------------------------------------------

--
-- Table structure for table `foods_role_media`
--

CREATE TABLE `foods_role_media` (
  `id` int(10) UNSIGNED NOT NULL,
  `food_id` int(11) NOT NULL,
  `media_id` int(11) NOT NULL,
  `created_at` timestamp NULL DEFAULT NULL,
  `updated_at` timestamp NULL DEFAULT NULL
) ENGINE=InnoDB DEFAULT CHARSET=utf8mb4 COLLATE=utf8mb4_unicode_ci;

--
-- Dumping data for table `foods_role_media`
--

INSERT INTO `foods_role_media` (`id`, `food_id`, `media_id`, `created_at`, `updated_at`) VALUES
(1, 3, 1, '2018-03-26 04:37:39', '2018-03-26 04:37:39'),
(2, 3, 2, '2018-03-26 04:37:39', '2018-03-26 04:37:39'),
(3, 3, 3, '2018-03-26 04:37:39', '2018-03-26 04:37:39'),
(4, 3, 4, '2018-03-26 04:37:39', '2018-03-26 04:37:39');

-- --------------------------------------------------------

--
-- Table structure for table `home_sliders`
--

CREATE TABLE `home_sliders` (
  `id` int(10) UNSIGNED NOT NULL,
  `name` varchar(191) COLLATE utf8mb4_unicode_ci NOT NULL,
  `media_id` int(11) NOT NULL,
  `mobile_media_id` int(11) NOT NULL,
  `status` varchar(191) COLLATE utf8mb4_unicode_ci NOT NULL,
  `created_by` int(11) NOT NULL,
  `created_at` timestamp NULL DEFAULT NULL,
  `updated_at` timestamp NULL DEFAULT NULL,
  `deleted_at` timestamp NULL DEFAULT NULL
) ENGINE=InnoDB DEFAULT CHARSET=utf8mb4 COLLATE=utf8mb4_unicode_ci;

--
-- Dumping data for table `home_sliders`
--

INSERT INTO `home_sliders` (`id`, `name`, `media_id`, `mobile_media_id`, `status`, `created_by`, `created_at`, `updated_at`, `deleted_at`) VALUES
(1, 'home slider 001', 9, 10, 'publish', 1, '2018-03-25 16:55:09', '2018-03-27 03:39:39', NULL);

-- --------------------------------------------------------

--
-- Table structure for table `jobs`
--

CREATE TABLE `jobs` (
  `id` bigint(20) UNSIGNED NOT NULL,
  `queue` varchar(191) COLLATE utf8mb4_unicode_ci NOT NULL,
  `payload` longtext COLLATE utf8mb4_unicode_ci NOT NULL,
  `attempts` tinyint(3) UNSIGNED NOT NULL,
  `reserved_at` int(10) UNSIGNED DEFAULT NULL,
  `available_at` int(10) UNSIGNED NOT NULL,
  `created_at` int(10) UNSIGNED NOT NULL
) ENGINE=InnoDB DEFAULT CHARSET=utf8mb4 COLLATE=utf8mb4_unicode_ci;

-- --------------------------------------------------------

--
-- Table structure for table `media`
--

CREATE TABLE `media` (
  `id` int(10) UNSIGNED NOT NULL,
  `name` varchar(191) COLLATE utf8mb4_unicode_ci NOT NULL,
  `text` text COLLATE utf8mb4_unicode_ci,
  `cover` text COLLATE utf8mb4_unicode_ci,
  `filename` text COLLATE utf8mb4_unicode_ci,
  `link` text COLLATE utf8mb4_unicode_ci,
  `type` varchar(191) COLLATE utf8mb4_unicode_ci DEFAULT NULL,
  `created_by` int(11) DEFAULT NULL,
  `created_at` timestamp NULL DEFAULT NULL,
  `updated_at` timestamp NULL DEFAULT NULL,
  `deleted_at` timestamp NULL DEFAULT NULL
) ENGINE=InnoDB DEFAULT CHARSET=utf8mb4 COLLATE=utf8mb4_unicode_ci;

--
-- Dumping data for table `media`
--

INSERT INTO `media` (`id`, `name`, `text`, `cover`, `filename`, `link`, `type`, `created_by`, `created_at`, `updated_at`, `deleted_at`) VALUES
(1, '201803250703280.jpeg', NULL, '201803250703280.jpeg', '201803250703280.jpeg', NULL, 'image', 1, '2018-03-25 12:15:28', '2018-04-05 11:00:57', '2018-04-05 11:00:57'),
(2, '201803250703400.jpeg', NULL, '201803250703400.jpeg', '201803250703400.jpeg', NULL, 'image', 1, '2018-03-25 12:28:40', '2018-04-05 11:00:57', '2018-04-05 11:00:57'),
(3, '201803250703401.jpeg', NULL, '201803250703401.jpeg', '201803250703401.jpeg', NULL, 'image', 1, '2018-03-25 12:28:40', '2018-04-05 11:00:57', '2018-04-05 11:00:57'),
(4, '201803250703402.jpeg', NULL, '201803250703402.jpeg', '201803250703402.jpeg', NULL, 'image', 1, '2018-03-25 12:28:40', '2018-04-05 11:00:58', '2018-04-05 11:00:58'),
(5, '201803250703403.jpeg', NULL, '201803250703403.jpeg', '201803250703403.jpeg', NULL, 'image', 1, '2018-03-25 12:28:40', '2018-04-05 11:00:58', '2018-04-05 11:00:58'),
(6, '201803250703404.jpeg', NULL, '201803250703404.jpeg', '201803250703404.jpeg', NULL, 'image', 1, '2018-03-25 12:28:41', '2018-04-05 11:00:58', '2018-04-05 11:00:58'),
(7, 'Surabi Bingung Store', NULL, '20180325110332.jpeg', '20180325110332.jpeg', NULL, 'image', 1, '2018-03-25 16:30:33', '2018-04-05 11:00:58', '2018-04-05 11:00:58'),
(8, 'Abjad A', NULL, '20180325110351.png', '20180325110351.png', NULL, 'image', 1, '2018-03-25 16:47:51', '2018-03-25 16:47:51', NULL),
(9, 'Slider Home 001', NULL, '20180325110310.jpeg', '20180325110310.jpeg', NULL, 'image', 1, '2018-03-25 16:49:10', '2018-03-25 16:49:10', NULL),
(10, 'Home Slider Mobile', NULL, '20180325110336.png', '20180325110336.png', NULL, 'image', 1, '2018-03-25 16:49:36', '2018-03-25 16:49:36', NULL),
(11, 'Abuba Steak', NULL, '20180326100318.jpeg', '20180326100318.jpeg', NULL, 'image', 1, '2018-03-26 03:02:18', '2018-04-05 11:00:58', '2018-04-05 11:00:58'),
(12, 'cofee tofee', NULL, '20180326100344.jpeg', '20180326100344.jpeg', NULL, 'image', 1, '2018-03-26 03:06:44', '2018-04-05 11:00:58', '2018-04-05 11:00:58'),
(13, 'good hood', NULL, '20180326100340.jpeg', '20180326100340.jpeg', NULL, 'image', 1, '2018-03-26 03:11:40', '2018-04-05 11:00:58', '2018-04-05 11:00:58'),
(14, 'kopi', NULL, '20180326100349.jpeg', '20180326100349.jpeg', NULL, 'image', 1, '2018-03-26 03:22:49', '2018-04-05 11:00:58', '2018-04-05 11:00:58'),
(15, '201803261103210.jpeg', NULL, '201803261103210.jpeg', '201803261103210.jpeg', NULL, 'image', 1, '2018-03-26 04:41:21', '2018-04-05 11:00:58', '2018-04-05 11:00:58'),
(16, '201803261103211.jpeg', NULL, '201803261103211.jpeg', '201803261103211.jpeg', NULL, 'image', 1, '2018-03-26 04:41:21', '2018-04-05 11:00:58', '2018-04-05 11:00:58'),
(17, 'abuba-steak-001', NULL, '20180326110323.jpeg', '20180326110323.jpeg', NULL, 'image', 1, '2018-03-26 04:57:23', '2018-04-05 11:01:35', '2018-04-05 11:01:35'),
(18, 'Maliq Video 001', NULL, '20180326110351.jpeg', '20180326110351.jpeg', 'https://www.youtube.com/watch?v=OwYsxtJaUic', 'video', 1, '2018-03-26 04:58:51', '2018-04-05 11:01:35', '2018-04-05 11:01:35'),
(19, 'tester002', NULL, '20180327010352.jpeg', '20180327010352.jpeg', NULL, 'image', 1, '2018-03-26 17:31:53', '2018-04-02 16:32:11', '2018-04-02 16:32:11'),
(20, '201803270303250.jpeg', NULL, '201803270303250.jpeg', '201803270303250.jpeg', NULL, 'image', 9, '2018-03-26 19:31:25', '2018-04-05 11:01:35', '2018-04-05 11:01:35'),
(21, '201803270303380.png', NULL, '201803270303380.png', '201803270303380.png', NULL, 'image', 9, '2018-03-26 19:40:39', '2018-04-05 11:01:35', '2018-04-05 11:01:35'),
(22, '201803270303391.jpeg', NULL, '201803270303391.jpeg', '201803270303391.jpeg', NULL, 'image', 9, '2018-03-26 19:40:39', '2018-04-05 11:01:35', '2018-04-05 11:01:35'),
(23, '201803270503510.png', NULL, '201803270503510.png', '201803270503510.png', NULL, 'image', 10, '2018-03-26 21:37:52', '2018-04-05 11:01:35', '2018-04-05 11:01:35'),
(24, 'genjer test', NULL, '20180327010340.jpeg', '20180327010340.jpeg', NULL, 'image', 1, '2018-03-27 20:42:40', '2018-04-05 11:01:35', '2018-04-05 11:01:35'),
(25, 'Abjad W', NULL, '20180327030352.jpeg', '20180327030352.jpeg', NULL, 'image', 1, '2018-03-27 22:17:52', '2018-03-27 22:17:52', NULL),
(26, 'Abjad X', NULL, '20180327030330.jpeg', '20180327030330.jpeg', NULL, 'image', 1, '2018-03-27 22:19:30', '2018-03-27 22:19:30', NULL),
(27, 'abjad G', NULL, '20180327030356.jpeg', '20180327030356.jpeg', NULL, 'image', 1, '2018-03-27 22:30:56', '2018-03-27 22:30:56', NULL),
(28, 'Abjad N', NULL, '20180327030313.jpeg', '20180327030313.jpeg', NULL, 'image', 1, '2018-03-27 22:34:13', '2018-03-27 22:34:13', NULL),
(29, 'Abjad B', NULL, '20180327030329.jpeg', '20180327030329.jpeg', NULL, 'image', 1, '2018-03-27 22:36:29', '2018-03-27 22:36:29', NULL),
(30, 'abjad L', NULL, '20180327030305.jpeg', '20180327030305.jpeg', NULL, 'image', 1, '2018-03-27 22:41:08', '2018-03-27 22:51:05', NULL),
(31, 'abjad x', NULL, '20180327030307.jpeg', '20180327030307.jpeg', NULL, 'image', 1, '2018-03-27 22:43:07', '2018-03-27 22:43:07', NULL),
(32, 'abjad z', NULL, '20180327030322.jpeg', '20180327030322.jpeg', NULL, 'image', 1, '2018-03-27 22:43:22', '2018-03-27 22:43:22', NULL),
(33, 'abjad c', NULL, '20180401060414.jpeg', '20180401060414.jpeg', NULL, 'image', 1, '2018-03-27 22:53:42', '2018-04-02 01:16:15', NULL),
(34, 'abjad e', NULL, '20180401060401.jpeg', '20180401060401.jpeg', NULL, 'image', 1, '2018-03-27 22:53:57', '2018-04-02 01:17:02', NULL),
(35, 'abjad f', NULL, '20180327030331.jpeg', '20180327030331.jpeg', NULL, 'image', 1, '2018-03-27 22:54:31', '2018-03-27 22:54:31', NULL),
(36, 'abjad h', NULL, '20180327030347.jpeg', '20180327030347.jpeg', NULL, 'image', 1, '2018-03-27 22:54:47', '2018-03-27 22:54:47', NULL),
(37, 'abjad i', NULL, '20180327030307.jpeg', '20180327030307.jpeg', NULL, 'image', 1, '2018-03-27 22:55:07', '2018-03-27 22:55:07', NULL),
(38, 'abjad i', NULL, '20180327030329.jpeg', '20180327030329.jpeg', NULL, 'image', 1, '2018-03-27 22:56:29', '2018-03-27 22:56:29', NULL),
(39, 'abjad j', NULL, '20180327030344.jpeg', '20180327030344.jpeg', NULL, 'image', 1, '2018-03-27 22:56:44', '2018-03-27 22:56:44', NULL),
(40, 'abjad k', NULL, '20180327030301.jpeg', '20180327030301.jpeg', NULL, 'image', 1, '2018-03-27 22:57:01', '2018-03-27 22:57:01', NULL),
(41, 'abjad m', NULL, '20180401060459.jpeg', '20180401060459.jpeg', NULL, 'image', 1, '2018-03-27 22:57:16', '2018-04-02 01:17:59', NULL),
(42, 'abjad o', NULL, '20180327030351.jpeg', '20180327030351.jpeg', NULL, 'image', 1, '2018-03-27 22:57:51', '2018-03-27 22:57:51', NULL),
(43, 'abjad p', NULL, '20180327030305.jpeg', '20180327030305.jpeg', NULL, 'image', 1, '2018-03-27 22:58:05', '2018-03-27 22:58:05', NULL),
(44, 'abjad q', NULL, '20180401060452.jpeg', '20180401060452.jpeg', NULL, 'image', 1, '2018-03-27 22:58:42', '2018-04-02 01:19:53', NULL),
(45, 'abjad r', NULL, '20180401060451.jpeg', '20180401060451.jpeg', NULL, 'image', 1, '2018-03-27 22:58:58', '2018-04-02 01:20:51', NULL),
(46, 'abjad s', NULL, '20180401060449.jpeg', '20180401060449.jpeg', NULL, 'image', 1, '2018-03-27 22:59:17', '2018-04-02 01:21:49', NULL),
(47, 'abjad t', NULL, '20180327030333.jpeg', '20180327030333.jpeg', NULL, 'image', 1, '2018-03-27 22:59:33', '2018-03-27 22:59:33', NULL),
(48, 'abjad u', NULL, '20180327040311.jpeg', '20180327040311.jpeg', NULL, 'image', 1, '2018-03-27 23:00:11', '2018-03-27 23:00:11', NULL),
(49, 'abjad v', NULL, '20180327040336.jpeg', '20180327040336.jpeg', NULL, 'image', 1, '2018-03-27 23:00:36', '2018-03-27 23:00:36', NULL),
(50, 'abjad y', NULL, '20180327040303.jpeg', '20180327040303.jpeg', NULL, 'image', 1, '2018-03-27 23:01:03', '2018-03-27 23:01:03', NULL),
(51, 'abjad i', NULL, '20180327040300.jpeg', '20180327040300.jpeg', NULL, 'image', 1, '2018-03-27 23:12:00', '2018-03-27 23:12:00', NULL),
(52, 'abjad d', NULL, '20180327040321.jpeg', '20180327040321.jpeg', NULL, 'image', 1, '2018-03-27 23:12:21', '2018-03-27 23:12:21', NULL),
(53, 'abjad p', NULL, '20180327040325.jpeg', '20180327040325.jpeg', NULL, 'image', 1, '2018-03-27 23:14:25', '2018-03-27 23:14:25', NULL),
(54, 'TAHU BULAT (M.NOVIAR WIDODO)', NULL, '20180328070327.jpeg', '20180328070327.jpeg', NULL, 'image', 1, '2018-03-28 14:30:27', '2018-03-31 22:24:24', '2018-03-31 22:24:24'),
(55, 'W', NULL, '20180328070317.jpeg', '20180328070317.jpeg', NULL, 'image', 1, '2018-03-28 14:41:17', '2018-03-28 14:41:17', NULL),
(56, 'Pancong (M.NOVIAR WIDODO)', NULL, '20180328090338.jpeg', '20180328090338.jpeg', NULL, 'image', 1, '2018-03-28 16:12:38', '2018-03-31 22:54:39', '2018-03-31 22:54:39'),
(57, '201803281003400.jpeg', NULL, '201803281003400.jpeg', '201803281003400.jpeg', NULL, 'image', 11, '2018-03-28 17:24:40', '2018-04-05 11:02:13', '2018-04-05 11:02:13'),
(58, '201803280103160.jpeg', NULL, '201803280103160.jpeg', '201803280103160.jpeg', NULL, 'image', 1, '2018-03-28 20:39:17', '2018-03-28 20:54:25', '2018-03-28 20:54:25'),
(59, '201803280103450.jpeg', NULL, '201803280103450.jpeg', '201803280103450.jpeg', NULL, 'image', 1, '2018-03-28 20:52:45', '2018-04-05 11:02:13', '2018-04-05 11:02:13'),
(60, 'Tempe Mendoan', NULL, '20180329100352.jpeg', '20180329100352.jpeg', NULL, 'image', 14, '2018-03-29 17:20:53', '2018-04-06 01:08:52', '2018-04-06 01:08:52'),
(61, 'Telor Gulung Bihun', NULL, '20180330020352.jpeg', '20180330020352.jpeg', NULL, 'image', 14, '2018-03-30 21:35:53', '2018-04-06 01:08:52', '2018-04-06 01:08:52'),
(62, 'Kontributor M Noviar Widodo', NULL, '20180331030317.jpeg', '20180331030317.jpeg', NULL, 'image', 13, '2018-03-31 22:46:17', '2018-04-06 01:08:52', '2018-04-06 01:08:52'),
(63, 'Pancong M Noviar Widodo', NULL, '20180331030352.jpeg', '20180331030352.jpeg', NULL, 'image', 13, '2018-03-31 22:47:52', '2018-04-06 01:08:52', '2018-04-06 01:08:52'),
(64, 'ONDE-ONDE M.NOVIAR WIDODO', NULL, '20180331030334.jpeg', '20180331030334.jpeg', NULL, 'image', 13, '2018-03-31 22:48:34', '2018-04-06 01:08:52', '2018-04-06 01:08:52'),
(65, 'abjad mobile A', NULL, '20180331040354.jpeg', '20180331040354.jpeg', NULL, 'image', 1, '2018-03-31 23:16:54', '2018-03-31 23:16:54', NULL),
(66, 'abjad mobile B', NULL, '20180331040306.jpeg', '20180331040306.jpeg', NULL, 'image', 1, '2018-03-31 23:17:06', '2018-03-31 23:17:06', NULL),
(67, 'abjad mobile C', NULL, '20180331040316.jpeg', '20180331040316.jpeg', NULL, 'image', 1, '2018-03-31 23:17:16', '2018-03-31 23:17:16', NULL),
(68, 'abjad mobile D', NULL, '20180331040329.jpeg', '20180331040329.jpeg', NULL, 'image', 1, '2018-03-31 23:17:29', '2018-03-31 23:17:29', NULL),
(69, 'abjad mobile E', NULL, '20180331040328.jpeg', '20180331040328.jpeg', NULL, 'image', 1, '2018-03-31 23:17:56', '2018-03-31 23:30:28', NULL),
(70, 'abjad mobile F', NULL, '20180331040315.jpeg', '20180331040315.jpeg', NULL, 'image', 1, '2018-03-31 23:18:15', '2018-03-31 23:18:15', NULL),
(71, 'abjad mobile G', NULL, '20180331040331.jpeg', '20180331040331.jpeg', NULL, 'image', 1, '2018-03-31 23:18:32', '2018-03-31 23:18:32', NULL),
(72, 'abjad mobile H', NULL, '20180331040345.jpeg', '20180331040345.jpeg', NULL, 'image', 1, '2018-03-31 23:18:46', '2018-03-31 23:18:46', NULL),
(73, 'abjad mobile I', NULL, '20180331040347.jpeg', '20180331040347.jpeg', NULL, 'image', 1, '2018-03-31 23:19:47', '2018-03-31 23:19:47', NULL),
(74, 'abjad mobile J', NULL, '20180331040352.jpeg', '20180331040352.jpeg', NULL, 'image', 1, '2018-03-31 23:19:57', '2018-03-31 23:32:52', NULL),
(75, 'abjad mobile K', NULL, '20180331040320.jpeg', '20180331040320.jpeg', NULL, 'image', 1, '2018-03-31 23:20:08', '2018-03-31 23:34:20', NULL),
(76, 'abjad mobile L', NULL, '20180331040319.jpeg', '20180331040319.jpeg', NULL, 'image', 1, '2018-03-31 23:20:19', '2018-03-31 23:20:19', NULL),
(77, 'abjad mobile M', NULL, '20180331040330.jpeg', '20180331040330.jpeg', NULL, 'image', 1, '2018-03-31 23:20:30', '2018-03-31 23:20:30', NULL),
(78, 'abjad mobile N', NULL, '20180331040341.jpeg', '20180331040341.jpeg', NULL, 'image', 1, '2018-03-31 23:20:41', '2018-03-31 23:20:41', NULL),
(79, 'abjad mobile O', NULL, '20180331040351.jpeg', '20180331040351.jpeg', NULL, 'image', 1, '2018-03-31 23:20:51', '2018-03-31 23:20:51', NULL),
(80, 'abjad mobile P', NULL, '20180331040317.jpeg', '20180331040317.jpeg', NULL, 'image', 1, '2018-03-31 23:21:01', '2018-03-31 23:33:17', NULL),
(81, 'abjad mobile Q', NULL, '20180331040311.jpeg', '20180331040311.jpeg', NULL, 'image', 1, '2018-03-31 23:21:11', '2018-03-31 23:21:11', NULL),
(82, 'abjad mobile R', NULL, '20180331040323.jpeg', '20180331040323.jpeg', NULL, 'image', 1, '2018-03-31 23:21:24', '2018-03-31 23:21:24', NULL),
(83, 'abjad mobile S', NULL, '20180331040334.jpeg', '20180331040334.jpeg', NULL, 'image', 1, '2018-03-31 23:21:34', '2018-03-31 23:21:34', NULL),
(84, 'abjad mobile T', NULL, '20180331040346.jpeg', '20180331040346.jpeg', NULL, 'image', 1, '2018-03-31 23:21:46', '2018-03-31 23:21:46', NULL),
(85, 'abjad mobile U', NULL, '20180331040358.jpeg', '20180331040358.jpeg', NULL, 'image', 1, '2018-03-31 23:21:57', '2018-03-31 23:29:58', NULL),
(86, 'abjad mobile V', NULL, '20180331040309.jpeg', '20180331040309.jpeg', NULL, 'image', 1, '2018-03-31 23:22:09', '2018-03-31 23:22:09', NULL),
(87, 'abjad mobile W', NULL, '20180331040321.jpeg', '20180331040321.jpeg', NULL, 'image', 1, '2018-03-31 23:22:21', '2018-03-31 23:22:21', NULL),
(88, 'abjad mobile X', NULL, '20180331040335.jpeg', '20180331040335.jpeg', NULL, 'image', 1, '2018-03-31 23:22:35', '2018-03-31 23:22:35', NULL),
(89, 'abjad mobile Y', NULL, '20180331040349.jpeg', '20180331040349.jpeg', NULL, 'image', 1, '2018-03-31 23:22:49', '2018-03-31 23:22:49', NULL),
(90, 'abjad mobile Z', NULL, '20180331040300.jpeg', '20180331040300.jpeg', NULL, 'image', 1, '2018-03-31 23:23:00', '2018-03-31 23:23:00', NULL),
(91, 'Sempol Ayam', NULL, '20180331050328.jpeg', '20180331050328.jpeg', NULL, 'image', 14, '2018-04-01 00:15:29', '2018-04-06 01:30:00', '2018-04-06 01:30:00'),
(92, 'Sempol Sosis', NULL, '20180401040414.jpeg', '20180401040414.jpeg', NULL, 'image', 14, '2018-04-01 11:50:15', '2018-04-06 01:30:00', '2018-04-06 01:30:00'),
(93, 'Bakso Goreng', NULL, '20180401050449.jpeg', '20180401050449.jpeg', NULL, 'image', 14, '2018-04-01 12:14:49', '2018-04-06 01:30:00', '2018-04-06 01:30:00'),
(94, 'Martabak Telor Mini', NULL, '20180401050455.jpeg', '20180401050455.jpeg', NULL, 'image', 14, '2018-04-01 12:23:55', '2018-04-06 01:30:00', '2018-04-06 01:30:00'),
(95, 'Siomay', NULL, '20180401030454.jpeg', '20180401030454.jpeg', NULL, 'image', 14, '2018-04-01 22:06:55', '2018-04-02 18:27:37', '2018-04-02 18:27:37'),
(96, 'abjad b', NULL, '20180401060442.jpeg', '20180401060442.jpeg', NULL, 'image', 1, '2018-04-02 01:04:42', '2018-04-02 01:04:42', NULL),
(97, 'abjadL', NULL, '20180401060450.jpeg', '20180401060450.jpeg', NULL, 'image', 1, '2018-04-02 01:13:50', '2018-04-02 01:13:50', NULL),
(98, 'bikang', NULL, '20180402070450.jpeg', '20180402070450.jpeg', NULL, 'image', 15, '2018-04-02 14:53:50', '2018-04-02 14:53:50', NULL),
(99, 'Cilok Kuah', NULL, '20180402110425.jpeg', '20180402110425.jpeg', NULL, 'image', 14, '2018-04-02 18:14:25', '2018-04-02 18:14:25', NULL),
(100, 'Siomay', NULL, '20180402110410.jpeg', '20180402110410.jpeg', NULL, 'image', 14, '2018-04-02 18:26:10', '2018-04-02 18:26:10', NULL),
(101, 'Bolu Kukus', NULL, '20180403020459.jpeg', '20180403020459.jpeg', NULL, 'image', 15, '2018-04-03 09:43:59', '2018-04-03 09:43:59', NULL),
(102, 'Bugis', NULL, '20180403040405.jpeg', '20180403040405.jpeg', NULL, 'image', 15, '2018-04-03 11:09:05', '2018-04-03 11:09:05', NULL),
(103, 'Mia Dim Sum', NULL, '20180403060434.jpeg', '20180403060434.jpeg', NULL, 'image', 13, '2018-04-03 13:51:34', '2018-04-03 13:51:34', NULL),
(104, 'Cucur', NULL, '20180403060457.jpeg', '20180403060457.jpeg', NULL, 'image', 15, '2018-04-03 13:51:58', '2018-04-03 13:51:58', NULL),
(105, 'Mia Apem panggang', NULL, '20180403060404.jpeg', '20180403060404.jpeg', NULL, 'image', 13, '2018-04-03 13:54:05', '2018-04-03 13:54:05', NULL),
(106, 'Mia Gethuk', NULL, '20180403060429.jpeg', '20180403060429.jpeg', NULL, 'image', 13, '2018-04-03 13:55:30', '2018-04-03 13:55:30', NULL),
(107, 'Mia Ketan Susu', NULL, '20180403060430.jpeg', '20180403060430.jpeg', NULL, 'image', 13, '2018-04-03 13:56:30', '2018-04-03 13:56:30', NULL),
(108, 'Carang', NULL, '20180403070459.jpeg', '20180403070459.jpeg', NULL, 'image', 15, '2018-04-03 14:09:59', '2018-04-03 14:09:59', NULL),
(109, 'Cilor Pedas', NULL, '20180403070448.jpeg', '20180403070448.jpeg', NULL, 'image', 14, '2018-04-03 14:22:48', '2018-04-03 14:22:48', NULL),
(110, 'Cilung', NULL, '20180403070454.jpeg', '20180403070454.jpeg', NULL, 'image', 15, '2018-04-03 14:24:54', '2018-04-03 14:24:54', NULL),
(111, 'Otak Otak Pedas', NULL, '20180403070445.jpeg', '20180403070445.jpeg', NULL, 'image', 14, '2018-04-03 14:49:45', '2018-04-09 11:10:00', '2018-04-09 11:10:00'),
(112, 'Pukis', NULL, '20180403080434.jpeg', '20180403080434.jpeg', NULL, 'image', 14, '2018-04-03 15:08:34', '2018-04-03 15:08:34', NULL),
(113, 'Risol', NULL, '20180403080445.jpeg', '20180403080445.jpeg', NULL, 'image', 14, '2018-04-03 15:21:46', '2018-04-03 15:21:46', NULL),
(114, 'Tahu Pedas', NULL, '20180403080408.jpeg', '20180403080408.jpeg', NULL, 'image', 14, '2018-04-03 15:46:08', '2018-04-03 15:46:08', NULL),
(115, 'Store image', NULL, '20180403090408.png', '20180403090408.png', NULL, 'image', 13, '2018-04-03 16:15:08', '2018-04-03 16:15:08', NULL),
(116, 'Pancong', NULL, '20180403090453.jpeg', '20180403090453.jpeg', NULL, 'image', 14, '2018-04-03 16:42:53', '2018-04-03 16:42:53', NULL),
(117, 'Arum Manis', NULL, '20180403100422.jpeg', '20180403100422.jpeg', NULL, 'image', 14, '2018-04-03 17:09:22', '2018-04-03 17:09:22', NULL),
(118, 'Bika Ambon', NULL, '20180403100419.jpeg', '20180403100419.jpeg', NULL, 'image', 14, '2018-04-03 17:22:20', '2018-04-03 17:22:20', NULL),
(119, 'Dadar Gulung', NULL, '20180403100456.jpeg', '20180403100456.jpeg', NULL, 'image', 14, '2018-04-03 17:30:57', '2018-04-03 17:30:57', NULL),
(120, 'Olive Donat Gula', NULL, '20180403020408.jpeg', '20180403020408.jpeg', NULL, 'image', 13, '2018-04-03 21:44:08', '2018-04-03 21:44:08', NULL),
(121, 'Tahu Krispi', NULL, '20180404060445.jpeg', '20180404060445.jpeg', NULL, 'image', 15, '2018-04-04 13:32:46', '2018-04-04 13:32:46', NULL),
(122, 'Cilok Goreng', NULL, '20180404070457.jpeg', '20180404070457.jpeg', NULL, 'image', 15, '2018-04-04 14:06:57', '2018-04-04 14:06:57', NULL),
(123, 'Hunkwe', NULL, '20180404090439.jpeg', '20180404090439.jpeg', NULL, 'image', 14, '2018-04-04 16:40:39', '2018-04-04 16:40:39', NULL),
(124, '201804041104020.jpeg', NULL, '201804041104020.jpeg', '201804041104020.jpeg', NULL, 'image', 9, '2018-04-04 18:18:03', '2018-04-05 11:03:46', '2018-04-05 11:03:46'),
(125, '201804041104040.jpeg', NULL, '201804041104040.jpeg', '201804041104040.jpeg', NULL, 'image', 9, '2018-04-04 18:25:04', '2018-04-05 11:03:46', '2018-04-05 11:03:46'),
(126, '201804041104010.jpeg', NULL, '201804041104010.jpeg', '201804041104010.jpeg', NULL, 'image', 9, '2018-04-04 18:36:01', '2018-04-05 11:03:46', '2018-04-05 11:03:46'),
(127, '201804041104140.jpeg', NULL, '201804041104140.jpeg', '201804041104140.jpeg', NULL, 'image', 9, '2018-04-04 18:41:14', '2018-04-05 11:03:46', '2018-04-05 11:03:46'),
(128, '201804041104120.jpeg', NULL, '201804041104120.jpeg', '201804041104120.jpeg', NULL, 'image', 9, '2018-04-04 18:56:12', '2018-04-05 11:03:46', '2018-04-05 11:03:46'),
(129, '201804041104550.jpeg', NULL, '201804041104550.jpeg', '201804041104550.jpeg', NULL, 'image', 9, '2018-04-04 18:57:55', '2018-04-05 11:03:46', '2018-04-05 11:03:46'),
(130, '201804041104160.jpeg', NULL, '201804041104160.jpeg', '201804041104160.jpeg', NULL, 'image', 9, '2018-04-04 18:59:17', '2018-04-05 11:03:46', '2018-04-05 11:03:46'),
(131, '201804041204400.jpeg', NULL, '201804041204400.jpeg', '201804041204400.jpeg', NULL, 'image', 1, '2018-04-04 19:02:40', '2018-04-05 11:03:46', '2018-04-05 11:03:46'),
(132, 'Takoyaki', NULL, '20180404040429.jpeg', '20180404040429.jpeg', NULL, 'image', 15, '2018-04-04 23:38:30', '2018-04-04 23:38:30', NULL),
(133, 'Syifa  Cikak', NULL, '20180404090405.jpeg', '20180404090405.jpeg', NULL, 'image', 13, '2018-04-05 04:41:07', '2018-04-05 04:41:07', NULL),
(134, 'Syifa Koci-koci', NULL, '20180404090447.jpeg', '20180404090447.jpeg', NULL, 'image', 13, '2018-04-05 04:41:47', '2018-04-05 04:41:47', NULL),
(135, 'Nuniek Ali Agam', NULL, '20180404090454.jpeg', '20180404090454.jpeg', NULL, 'image', 13, '2018-04-05 04:43:54', '2018-04-05 04:43:54', NULL),
(136, 'Nuriel Cenil', NULL, '20180404100410.jpeg', '20180404100410.jpeg', NULL, 'image', 13, '2018-04-05 05:10:11', '2018-04-05 05:10:11', NULL),
(137, 'Nuriel Pia Coklat', NULL, '20180404100458.jpeg', '20180404100458.jpeg', NULL, 'image', 13, '2018-04-05 05:10:59', '2018-04-05 05:10:59', NULL),
(138, 'Olive Apem Nasi Pelangi', NULL, '20180404100449.jpeg', '20180404100449.jpeg', NULL, 'image', 13, '2018-04-05 05:11:49', '2018-04-05 05:11:49', NULL),
(139, 'Olive Bangket Keju', NULL, '20180404100415.jpeg', '20180404100415.jpeg', NULL, 'image', 13, '2018-04-05 05:19:16', '2018-04-05 05:19:16', NULL),
(140, 'Nuniek Bacang Daging', NULL, '20180404100430.jpeg', '20180404100430.jpeg', NULL, 'image', 13, '2018-04-05 05:20:21', '2018-04-05 05:44:31', NULL),
(141, 'Syifa Dadar Gulung', NULL, '20180404100404.jpeg', '20180404100404.jpeg', NULL, 'image', 13, '2018-04-05 05:23:04', '2018-04-05 05:23:04', NULL),
(142, 'Olive Bapau Kacang Ijo', NULL, '20180404100431.jpeg', '20180404100431.jpeg', NULL, 'image', 13, '2018-04-05 05:35:31', '2018-04-05 05:35:31', NULL),
(143, 'Olive Bolu Agar-agar', NULL, '20180404100421.jpeg', '20180404100421.jpeg', NULL, 'image', 13, '2018-04-05 05:42:21', '2018-04-05 05:42:21', NULL),
(144, 'Nuniek Putu Ayu', NULL, '20180404100451.jpeg', '20180404100451.jpeg', NULL, 'image', 13, '2018-04-05 05:45:51', '2018-04-05 05:45:51', NULL),
(145, 'Nuniek Takoyaki', NULL, '20180404100440.jpeg', '20180404100440.jpeg', NULL, 'image', 13, '2018-04-05 05:46:41', '2018-04-05 05:46:41', NULL),
(146, 'Syifa Srikaya Pandan', NULL, '20180404100410.jpeg', '20180404100410.jpeg', NULL, 'image', 13, '2018-04-05 05:51:10', '2018-04-05 05:51:10', NULL),
(147, 'Syifa Otok-owo', NULL, '20180404100403.jpeg', '20180404100403.jpeg', NULL, 'image', 13, '2018-04-05 05:52:04', '2018-04-05 05:52:04', NULL),
(148, 'Nuril Onde-onde', NULL, '20180404100413.jpeg', '20180404100413.jpeg', NULL, 'image', 13, '2018-04-05 05:58:13', '2018-04-05 05:58:13', NULL),
(149, 'Nuriel Gemblong', NULL, '20180404100411.jpeg', '20180404100411.jpeg', NULL, 'image', 13, '2018-04-05 05:59:11', '2018-04-05 05:59:11', NULL),
(150, 'Nuniek Gabin', NULL, '20180404110429.jpeg', '20180404110429.jpeg', NULL, 'image', 13, '2018-04-05 06:00:29', '2018-04-05 06:00:29', NULL),
(151, 'Bakpao Ayam', NULL, '20180405070429.jpeg', '20180405070429.jpeg', NULL, 'image', 15, '2018-04-05 14:04:30', '2018-04-05 14:04:30', NULL),
(152, 'Cilok Bumbu Kacang', NULL, '20180405070401.jpeg', '20180405070401.jpeg', NULL, 'image', 15, '2018-04-05 14:29:01', '2018-04-05 14:29:01', NULL),
(153, 'Ketan Serundeng', NULL, '20180405080412.jpeg', '20180405080412.jpeg', NULL, 'image', 15, '2018-04-05 15:10:13', '2018-04-05 15:10:13', NULL),
(154, 'Kue Cucur', NULL, '20180405090412.jpeg', '20180405090412.jpeg', NULL, 'image', 15, '2018-04-05 16:12:13', '2018-04-09 17:07:58', '2018-04-09 17:07:58'),
(155, 'Lemper Abon', NULL, '20180405090427.jpeg', '20180405090427.jpeg', NULL, 'image', 15, '2018-04-05 16:27:27', '2018-04-09 17:08:11', '2018-04-09 17:08:11'),
(156, '201804050904530.jpeg', NULL, '201804050904530.jpeg', '201804050904530.jpeg', NULL, 'image', 9, '2018-04-05 16:44:54', '2018-04-05 16:44:54', NULL),
(157, 'Syifa Bola Oreo', NULL, '20180405060421.jpeg', '20180405060421.jpeg', NULL, 'image', 19, '2018-04-06 01:12:21', '2018-04-06 01:12:21', NULL),
(158, 'Abdillah - Onde Onde', NULL, '20180406110408.jpeg', '20180406110408.jpeg', NULL, 'image', 19, '2018-04-06 18:01:09', '2018-04-06 18:01:09', NULL),
(159, 'Abdillah - Brownies', NULL, '20180406110436.jpeg', '20180406110436.jpeg', NULL, 'image', 19, '2018-04-06 18:14:36', '2018-04-06 18:14:36', NULL),
(160, 'Abdillah - Tahu Sumedang', NULL, '20180406110427.jpeg', '20180406110427.jpeg', NULL, 'image', 19, '2018-04-06 18:19:27', '2018-04-06 18:19:27', NULL),
(161, 'Abdillah - Kue Sus', NULL, '20180406110448.jpeg', '20180406110448.jpeg', NULL, 'image', 19, '2018-04-06 18:20:49', '2018-04-06 18:20:49', NULL),
(162, 'Abdillah - Cheese Roll', NULL, '20180406110445.jpeg', '20180406110445.jpeg', NULL, 'image', 19, '2018-04-06 18:23:45', '2018-04-06 18:23:45', NULL),
(163, 'Abdillah - Kue Balok', NULL, '20180406110444.jpeg', '20180406110444.jpeg', NULL, 'image', 19, '2018-04-06 18:25:44', '2018-04-06 18:25:44', NULL),
(164, 'Abdillah - Dadar Gulung Pandan', NULL, '20180406110452.jpeg', '20180406110452.jpeg', NULL, 'image', 19, '2018-04-06 18:32:52', '2018-04-06 18:32:52', NULL),
(165, 'abjad m2', NULL, '20180406120451.jpeg', '20180406120451.jpeg', NULL, 'image', 13, '2018-04-06 19:50:51', '2018-04-06 19:50:51', NULL),
(166, 'KUE APE', NULL, '20180406020428.jpeg', '20180406020428.jpeg', NULL, 'image', 14, '2018-04-06 21:51:28', '2018-04-06 21:51:28', NULL),
(167, 'Kue Cucur', NULL, '20180406030453.jpeg', '20180406030453.jpeg', NULL, 'image', 14, '2018-04-06 22:05:53', '2018-04-06 22:05:53', NULL),
(168, 'Kuping Gajah', NULL, '20180407120459.jpeg', '20180407120459.jpeg', NULL, 'image', 14, '2018-04-07 19:27:59', '2018-04-07 19:27:59', NULL),
(169, 'Mia - Soes', NULL, '20180408080426.jpeg', '20180408080426.jpeg', NULL, 'image', 13, '2018-04-08 15:26:27', '2018-04-08 15:26:27', NULL),
(170, 'Mia - Rogut Ayam', NULL, '20180408080416.jpeg', '20180408080416.jpeg', NULL, 'image', 13, '2018-04-08 15:27:16', '2018-04-08 15:27:16', NULL),
(171, 'Mia - Sekotel makaroni ayam', NULL, '20180408090417.jpeg', '20180408090417.jpeg', NULL, 'image', 13, '2018-04-08 15:28:00', '2018-04-08 16:50:17', NULL),
(172, 'Mia - Ongol-ongol', NULL, '20180408080441.jpeg', '20180408080441.jpeg', NULL, 'image', 13, '2018-04-08 15:28:41', '2018-04-08 15:28:41', NULL),
(173, 'Mia - Bika ambon', NULL, '20180408080400.jpeg', '20180408080400.jpeg', NULL, 'image', 13, '2018-04-08 15:30:00', '2018-04-08 15:30:00', NULL),
(174, 'Mia - Nagasari', NULL, '20180408080439.jpeg', '20180408080439.jpeg', NULL, 'image', 13, '2018-04-08 15:31:39', '2018-04-08 15:31:39', NULL),
(175, 'Mia - Risol keju ayam', NULL, '20180408080455.jpeg', '20180408080455.jpeg', NULL, 'image', 13, '2018-04-08 15:32:55', '2018-04-08 15:32:55', NULL),
(176, 'Mia - Kroket sayur', NULL, '20180408080443.jpeg', '20180408080443.jpeg', NULL, 'image', 13, '2018-04-08 15:35:43', '2018-04-08 15:35:43', NULL),
(177, 'Mia - Risol ayam', NULL, '20180408080429.jpeg', '20180408080429.jpeg', NULL, 'image', 13, '2018-04-08 15:36:29', '2018-04-08 15:36:29', NULL),
(178, 'Mia - French fries', NULL, '20180408080419.jpeg', '20180408080419.jpeg', NULL, 'image', 13, '2018-04-08 15:37:19', '2018-04-09 12:13:30', NULL),
(179, 'Mia - Rogut Smoked beef', NULL, '20180408080413.jpeg', '20180408080413.jpeg', NULL, 'image', 13, '2018-04-08 15:38:13', '2018-04-08 15:38:13', NULL),
(180, 'Mia - Otak-otak Crispy', NULL, '20180408080415.jpeg', '20180408080415.jpeg', NULL, 'image', 13, '2018-04-08 15:39:15', '2018-04-08 15:39:15', NULL),
(181, 'Mia - Sate baso bakar', NULL, '20180408080411.jpeg', '20180408080411.jpeg', NULL, 'image', 13, '2018-04-08 15:40:12', '2018-04-08 15:40:12', NULL),
(182, 'Mia - Sosis sapi bakar', NULL, '20180408080408.jpeg', '20180408080408.jpeg', NULL, 'image', 13, '2018-04-08 15:41:08', '2018-04-08 15:41:08', NULL),
(183, 'Mia - Sosis sapi bakar jumbo', NULL, '20180408080447.jpeg', '20180408080447.jpeg', NULL, 'image', 13, '2018-04-08 15:42:47', '2018-04-08 15:42:47', NULL),
(184, 'Combro', NULL, '20180408010452.jpeg', '20180408010452.jpeg', NULL, 'image', 14, '2018-04-08 20:21:52', '2018-04-08 20:21:52', NULL),
(185, 'NAGASARI', NULL, '20180408040436.jpeg', '20180408040436.jpeg', NULL, 'image', 14, '2018-04-08 23:13:37', '2018-04-08 23:13:37', NULL),
(186, 'Onde Onde', NULL, '20180408040407.jpeg', '20180408040407.jpeg', NULL, 'image', 14, '2018-04-08 23:48:07', '2018-04-08 23:48:07', NULL),
(187, 'dadar gulung', NULL, '20180408060422.jpeg', '20180408060422.jpeg', NULL, 'image', 15, '2018-04-09 01:25:23', '2018-04-09 01:25:23', NULL),
(188, 'Otak Otak', NULL, '20180409030414.jpeg', '20180409030414.jpeg', NULL, 'image', 14, '2018-04-09 10:54:14', '2018-04-09 11:10:17', '2018-04-09 11:10:17'),
(189, 'Otak Otak', NULL, '20180409030447.jpeg', '20180409030447.jpeg', NULL, 'image', 14, '2018-04-09 10:54:47', '2018-04-09 10:54:47', NULL),
(190, 'Bakwan', NULL, '20180409040422.jpeg', '20180409040422.jpeg', NULL, 'image', 14, '2018-04-09 11:11:22', '2018-04-09 11:11:22', NULL),
(191, 'Bakso Goreng', NULL, '20180409040440.jpeg', '20180409040440.jpeg', NULL, 'image', 14, '2018-04-09 11:36:40', '2018-04-09 11:36:40', NULL),
(192, 'Kentang', NULL, '20180409050439.jpeg', '20180409050439.jpeg', NULL, 'image', 14, '2018-04-09 12:18:39', '2018-04-09 12:18:39', NULL),
(193, 'Donat', NULL, '20180409060412.jpeg', '20180409060412.jpeg', NULL, 'image', 14, '2018-04-09 13:23:12', '2018-04-09 13:23:12', NULL),
(194, 'Gemblong', NULL, '20180409060427.jpeg', '20180409060427.jpeg', NULL, 'image', 15, '2018-04-09 13:39:27', '2018-04-09 13:39:27', NULL),
(195, 'Putu', NULL, '20180409060440.jpeg', '20180409060440.jpeg', NULL, 'image', 14, '2018-04-09 13:43:40', '2018-04-09 13:44:40', '2018-04-09 13:44:40'),
(196, 'Abdillah - Bika Ambon', NULL, '20180409060448.jpeg', '20180409060448.jpeg', NULL, 'image', 13, '2018-04-09 13:55:48', '2018-04-09 13:55:48', NULL),
(197, 'Abdillah - Onde-onde Mini', NULL, '20180409060437.jpeg', '20180409060437.jpeg', NULL, 'image', 13, '2018-04-09 13:56:38', '2018-04-09 13:56:38', NULL),
(198, 'Abdillah - Molen Mini', NULL, '20180409070414.jpeg', '20180409070414.jpeg', NULL, 'image', 13, '2018-04-09 13:57:03', '2018-04-09 14:12:15', NULL),
(199, 'Abdillah - Jasuke', NULL, '20180409060403.jpeg', '20180409060403.jpeg', NULL, 'image', 13, '2018-04-09 13:58:03', '2018-04-09 13:58:03', NULL),
(200, 'Abdillah - Piscok Meler', NULL, '20180409060400.jpeg', '20180409060400.jpeg', NULL, 'image', 13, '2018-04-09 13:59:00', '2018-04-09 13:59:00', NULL),
(201, 'Abdillah - Mendoan Banyumasan', NULL, '20180409060454.jpeg', '20180409060454.jpeg', NULL, 'image', 13, '2018-04-09 13:59:54', '2018-04-09 13:59:54', NULL),
(202, 'Abdillah - Zebra Dodol', NULL, '20180409070437.jpeg', '20180409070437.jpeg', NULL, 'image', 13, '2018-04-09 14:00:37', '2018-04-09 14:00:37', NULL),
(203, 'Abdillah - Dodol Buah', NULL, '20180409070459.jpeg', '20180409070459.jpeg', NULL, 'image', 13, '2018-04-09 14:00:59', '2018-04-09 14:00:59', NULL),
(204, 'Abdillah - Dodol Kacang', NULL, '20180409070432.jpeg', '20180409070432.jpeg', NULL, 'image', 13, '2018-04-09 14:01:32', '2018-04-09 14:01:32', NULL),
(205, 'Abdillah - Dodol Garut', NULL, '20180409070451.jpeg', '20180409070451.jpeg', NULL, 'image', 13, '2018-04-09 14:01:51', '2018-04-09 14:01:51', NULL),
(206, 'Abdillah - Jenang Buah', NULL, '20180409070421.jpeg', '20180409070421.jpeg', NULL, 'image', 13, '2018-04-09 14:02:21', '2018-04-09 14:02:21', NULL),
(207, 'Abdillah - Keripik Tempe', NULL, '20180409070452.jpeg', '20180409070452.jpeg', NULL, 'image', 13, '2018-04-09 14:02:53', '2018-04-09 14:02:53', NULL),
(208, 'Abdillah - Peuyeum Bandung', NULL, '20180409070430.jpeg', '20180409070430.jpeg', NULL, 'image', 13, '2018-04-09 14:03:30', '2018-04-09 14:03:30', NULL),
(209, 'Abdillah - Wajit Spesial', NULL, '20180409070437.jpeg', '20180409070437.jpeg', NULL, 'image', 13, '2018-04-09 14:04:37', '2018-04-09 14:04:37', NULL),
(210, 'Abdillah - Sosis Solo', NULL, '20180409070424.jpeg', '20180409070424.jpeg', NULL, 'image', 13, '2018-04-09 14:05:24', '2018-04-09 14:05:24', NULL),
(211, 'Abdillah - Lemper', NULL, '20180409070456.jpeg', '20180409070456.jpeg', NULL, 'image', 13, '2018-04-09 14:06:11', '2018-04-09 14:12:57', NULL),
(212, 'Abdillah - Gethuk', NULL, '20180409070459.jpeg', '20180409070459.jpeg', NULL, 'image', 13, '2018-04-09 14:06:59', '2018-04-09 14:06:59', NULL),
(213, 'Abdillah - Combro', NULL, '20180409070422.jpeg', '20180409070422.jpeg', NULL, 'image', 13, '2018-04-09 14:07:22', '2018-04-09 14:07:22', NULL),
(214, 'Abdillah - Molen Pisang', NULL, '20180409070453.jpeg', '20180409070453.jpeg', NULL, 'image', 13, '2018-04-09 14:07:54', '2018-04-09 14:07:54', NULL),
(215, 'Abdillah - Bolu kukus', NULL, '20180409070411.jpeg', '20180409070411.jpeg', NULL, 'image', 13, '2018-04-09 14:09:11', '2018-04-09 14:09:11', NULL),
(216, 'Abdillah - Bolu Pisang', NULL, '20180409070456.jpeg', '20180409070456.jpeg', NULL, 'image', 13, '2018-04-09 14:09:56', '2018-04-09 14:09:56', NULL),
(217, 'Abdillah - Lumpia', NULL, '20180409070435.jpeg', '20180409070435.jpeg', NULL, 'image', 13, '2018-04-09 14:10:36', '2018-04-09 14:10:36', NULL),
(218, 'Abdillah - Kue Lumpur', NULL, '20180409070419.jpeg', '20180409070419.jpeg', NULL, 'image', 13, '2018-04-09 14:11:19', '2018-04-09 14:11:19', NULL),
(219, 'Abdillah - Serabi', NULL, '20180409070441.jpeg', '20180409070441.jpeg', NULL, 'image', 13, '2018-04-09 14:13:41', '2018-04-09 14:13:41', NULL),
(220, 'Abdillah - Talam', NULL, '20180409070429.jpeg', '20180409070429.jpeg', NULL, 'image', 13, '2018-04-09 14:14:30', '2018-04-09 14:14:30', NULL),
(221, 'Putu', NULL, '20180409070407.jpeg', '20180409070407.jpeg', NULL, 'image', 14, '2018-04-09 14:15:07', '2018-04-09 14:15:07', NULL),
(222, 'Abdillah - Bacang Daging', NULL, '20180409070415.jpeg', '20180409070415.jpeg', NULL, 'image', 13, '2018-04-09 14:15:15', '2018-04-09 14:15:15', NULL),
(223, 'Abdillah - Wajik', NULL, '20180409070441.jpeg', '20180409070441.jpeg', NULL, 'image', 13, '2018-04-09 14:15:41', '2018-04-09 14:15:41', NULL),
(224, 'Abdillah - Putu Ayu', NULL, '20180409070445.jpeg', '20180409070445.jpeg', NULL, 'image', 13, '2018-04-09 14:18:46', '2018-04-09 14:18:46', NULL),
(225, 'Abdillah - Darlung Fla Vanila', NULL, '20180409070413.jpeg', '20180409070413.jpeg', NULL, 'image', 13, '2018-04-09 14:19:13', '2018-04-09 14:19:13', NULL),
(226, 'Abdillah - Ongol-ongol', NULL, '20180409070446.jpeg', '20180409070446.jpeg', NULL, 'image', 13, '2018-04-09 14:19:46', '2018-04-09 14:19:46', NULL),
(227, 'Abdillah - Ubi Cilembu', NULL, '20180409070412.jpeg', '20180409070412.jpeg', NULL, 'image', 13, '2018-04-09 14:21:12', '2018-04-09 14:21:12', NULL),
(228, 'Abdillah - Bubur Lolos', NULL, '20180409070439.jpeg', '20180409070439.jpeg', NULL, 'image', 13, '2018-04-09 14:26:39', '2018-04-09 14:26:39', NULL),
(229, 'Abdillah - Cente', NULL, '20180409070443.jpeg', '20180409070443.jpeg', NULL, 'image', 13, '2018-04-09 14:31:43', '2018-04-09 14:31:43', NULL),
(230, 'Abdillah - Putri Noong', NULL, '20180409070408.jpeg', '20180409070408.jpeg', NULL, 'image', 13, '2018-04-09 14:32:08', '2018-04-09 14:32:08', NULL),
(231, 'Abdillah - Bugis Mandi', NULL, '20180409070437.jpeg', '20180409070437.jpeg', NULL, 'image', 13, '2018-04-09 14:32:37', '2018-04-09 14:32:37', NULL),
(232, 'Abdillah - Misoa Goreng', NULL, '20180409070406.jpeg', '20180409070406.jpeg', NULL, 'image', 13, '2018-04-09 14:33:07', '2018-04-09 14:33:07', NULL),
(233, 'Abdillah - Lapis Talas Bogor', NULL, '20180409070426.jpeg', '20180409070426.jpeg', NULL, 'image', 13, '2018-04-09 14:34:26', '2018-04-09 14:34:26', NULL),
(234, 'Abdillah - Ketan Serundeng', NULL, '20180409070459.jpeg', '20180409070459.jpeg', NULL, 'image', 13, '2018-04-09 14:34:59', '2018-04-09 14:34:59', NULL),
(235, 'Abdillah - Batagor', NULL, '20180409070438.jpeg', '20180409070438.jpeg', NULL, 'image', 13, '2018-04-09 14:35:39', '2018-04-09 14:35:39', NULL),
(236, 'Abdillah - Pastel Lapis', NULL, '20180409070436.jpeg', '20180409070436.jpeg', NULL, 'image', 13, '2018-04-09 14:36:36', '2018-04-09 14:36:36', NULL),
(237, 'Abdillah - Seblak', NULL, '20180409070458.jpeg', '20180409070458.jpeg', NULL, 'image', 13, '2018-04-09 14:36:58', '2018-04-09 14:36:58', NULL),
(238, 'Klepon', NULL, '20180409070450.jpeg', '20180409070450.jpeg', NULL, 'image', 15, '2018-04-09 14:42:50', '2018-04-09 14:42:50', NULL),
(239, 'Abdillah - Pukis', NULL, '20180409070437.jpeg', '20180409070437.jpeg', NULL, 'image', 13, '2018-04-09 14:43:38', '2018-04-09 14:43:38', NULL),
(240, 'Abdillah - Pancong oreo', NULL, '20180409070458.jpeg', '20180409070458.jpeg', NULL, 'image', 13, '2018-04-09 14:45:58', '2018-04-09 14:45:58', NULL),
(241, 'Abdillah - Marmin (Martabak Mini)', NULL, '20180409070435.jpeg', '20180409070435.jpeg', NULL, 'image', 13, '2018-04-09 14:46:35', '2018-04-09 14:46:35', NULL),
(242, 'Abdillah - Lapis Legit Pelangi', NULL, '20180409070434.jpeg', '20180409070434.jpeg', NULL, 'image', 13, '2018-04-09 14:47:34', '2018-04-09 14:47:34', NULL),
(243, 'Abdillah - Puding Roti Jeruk', NULL, '20180409070439.jpeg', '20180409070439.jpeg', NULL, 'image', 13, '2018-04-09 14:49:39', '2018-04-09 14:49:39', NULL),
(244, 'Abdillah - Puding Roti Strawberry', NULL, '20180409070456.jpeg', '20180409070456.jpeg', NULL, 'image', 13, '2018-04-09 14:50:56', '2018-04-09 14:50:56', NULL),
(245, 'Abdillah - Lumpia Basah', NULL, '20180409070411.jpeg', '20180409070411.jpeg', NULL, 'image', 13, '2018-04-09 14:53:11', '2018-04-09 14:53:11', NULL),
(246, 'Abdillah - Bola Ubi', NULL, '20180409070439.jpeg', '20180409070439.jpeg', NULL, 'image', 13, '2018-04-09 14:53:39', '2018-04-09 14:53:39', NULL),
(247, 'Abdillah - Pink Makaroni', NULL, '20180409070410.jpeg', '20180409070410.jpeg', NULL, 'image', 13, '2018-04-09 14:55:10', '2018-04-09 14:55:10', NULL),
(248, 'Abdillah - Pisang Bakar', NULL, '20180409070440.jpeg', '20180409070440.jpeg', NULL, 'image', 13, '2018-04-09 14:55:40', '2018-04-09 14:55:40', NULL),
(249, '201804090804410.jpeg', NULL, '201804090804410.jpeg', '201804090804410.jpeg', NULL, 'image', 21, '2018-04-09 15:11:41', '2018-04-09 15:11:41', NULL),
(250, 'Getuk', NULL, '20180409080426.jpeg', '20180409080426.jpeg', NULL, 'image', 14, '2018-04-09 15:15:26', '2018-04-09 15:15:26', NULL);

-- --------------------------------------------------------

--
-- Table structure for table `migrations`
--

CREATE TABLE `migrations` (
  `id` int(10) UNSIGNED NOT NULL,
  `migration` varchar(191) COLLATE utf8mb4_unicode_ci NOT NULL,
  `batch` int(11) NOT NULL
) ENGINE=InnoDB DEFAULT CHARSET=utf8mb4 COLLATE=utf8mb4_unicode_ci;

--
-- Dumping data for table `migrations`
--

INSERT INTO `migrations` (`id`, `migration`, `batch`) VALUES
(1, '2014_07_02_230147_migration_cartalyst_sentinel', 1),
(2, '2017_12_17_132257_create_jobs_table', 1),
(3, '2017_12_17_132302_create_failed_jobs_table', 1);

-- --------------------------------------------------------

--
-- Table structure for table `persistences`
--

CREATE TABLE `persistences` (
  `id` int(10) UNSIGNED NOT NULL,
  `user_id` int(10) UNSIGNED NOT NULL,
  `code` varchar(191) COLLATE utf8mb4_unicode_ci NOT NULL,
  `created_at` timestamp NULL DEFAULT NULL,
  `updated_at` timestamp NULL DEFAULT NULL
) ENGINE=InnoDB DEFAULT CHARSET=utf8mb4 COLLATE=utf8mb4_unicode_ci;

--
-- Dumping data for table `persistences`
--

INSERT INTO `persistences` (`id`, `user_id`, `code`, `created_at`, `updated_at`) VALUES
(1, 1, 'LzRotgZZJU4Pc93wcodYS4vUgbCQYati', '2018-03-25 11:30:29', '2018-03-25 11:30:29'),
(2, 1, 'X9GHnQdR0ouQxPRH1qvTUWVUbVPSgHBg', '2018-03-26 01:31:03', '2018-03-26 01:31:03'),
(9, 1, 'K1bXbonKGaC8s649fiH60WUdN6sW8TCQ', '2018-03-26 18:10:21', '2018-03-26 18:10:21'),
(13, 5, 'HKvWFljQr65XKjzzJlBwVhpydyEtZ4lH', '2018-03-26 19:06:44', '2018-03-26 19:06:44'),
(15, 7, 'g0JRnW3GuGTRz1MVVUDixEb8Btmc2U9O', '2018-03-26 19:13:56', '2018-03-26 19:13:56'),
(21, 9, '7HRD1GvacEvJvpb7JbtZpA7TsNdTaY9T', '2018-03-26 19:51:43', '2018-03-26 19:51:43'),
(26, 9, 'SUwbwsSGF7JUvS3S4cUJGT6lCd71rLfL', '2018-03-27 01:20:53', '2018-03-27 01:20:53'),
(27, 1, 'HxRKQEZsBzQiNLSb9hh7zia7boq0CzQP', '2018-03-27 02:01:52', '2018-03-27 02:01:52'),
(29, 1, 'BywYjAAh0jH7KnGbEL6TZ6DTfZav3dOn', '2018-03-27 03:38:15', '2018-03-27 03:38:15'),
(31, 9, 'FJ5BpkImLHZrK7uehIRQolQWTiRqLk5r', '2018-03-27 20:47:30', '2018-03-27 20:47:30'),
(32, 1, 'EDkdFuzproYzOOD6YV8RMlAQcVRlt7p8', '2018-03-27 20:57:24', '2018-03-27 20:57:24'),
(33, 9, '0iJ15pyNzEELR1DbU0sNIc9vJjy7xOwm', '2018-03-28 04:46:07', '2018-03-28 04:46:07'),
(34, 1, 'iobv1ChxEgtcLXYtRSggtyke33hqpPT6', '2018-03-28 14:01:26', '2018-03-28 14:01:26'),
(38, 1, '7bfnjuvS410e9Hai7zBEhn2jvrzzD4WE', '2018-03-28 14:50:03', '2018-03-28 14:50:03'),
(39, 1, '04Bhk3o3u1p404UBzoKds9RUKTohegA3', '2018-03-28 15:10:07', '2018-03-28 15:10:07'),
(44, 11, 'GXboEJumqFoze4278Zhd6HXRJNePg1fc', '2018-03-28 17:23:36', '2018-03-28 17:23:36'),
(47, 1, 'UlNR5pZul1PWvxAFIaCapaZnSpojDSkz', '2018-03-28 20:37:02', '2018-03-28 20:37:02'),
(49, 12, 'Pb5VnlA1QpABzexurxIrY05uA8wiif07', '2018-03-29 09:18:56', '2018-03-29 09:18:56'),
(52, 13, '18okqEht2EMHK8pS0pYkObtpR8fGmHp4', '2018-03-29 16:43:49', '2018-03-29 16:43:49'),
(55, 1, 'QYGfdhV11RqzbB6o8xDQ0wirhFYroAn9', '2018-03-29 17:42:51', '2018-03-29 17:42:51'),
(56, 15, '85XLoS54U6eCrZUWBARrXIApkQ5VATZC', '2018-03-29 18:44:47', '2018-03-29 18:44:47'),
(58, 13, 'p7GGzFPUFUhdoGIDUoc2HgYeJlBEshJQ', '2018-03-31 17:57:26', '2018-03-31 17:57:26'),
(59, 1, 'PL86BMg8dvES86O25SlKCQ4gbRU3y9s6', '2018-03-31 17:57:49', '2018-03-31 17:57:49'),
(60, 13, 'gVK1se9foTNf8MJyA7RN0JhHp7F7sTC7', '2018-03-31 22:22:48', '2018-03-31 22:22:48'),
(61, 1, 'LZz0FjpxvLjrudjeROHmZml0swiUZLFD', '2018-03-31 23:10:14', '2018-03-31 23:10:14'),
(63, 14, '306SprmUG6UjagAC3zbrraXUqVM7QDbH', '2018-04-01 00:13:03', '2018-04-01 00:13:03'),
(64, 1, 'tZib57b4WIGpIXrNDympfKvYpvjlnARX', '2018-04-01 02:39:15', '2018-04-01 02:39:15'),
(79, 9, 'BOg36OUuXklRQ1ZfcRFOSfjluyIOE614', '2018-04-01 04:07:50', '2018-04-01 04:07:50'),
(80, 13, 'fA39LsEGxyZoOQ35AKiinOrvMyjAtSgJ', '2018-04-01 06:48:41', '2018-04-01 06:48:41'),
(82, 13, 'OIgfn0dPja0mpsHaNH6nC23v9MGrCAbq', '2018-04-01 11:54:04', '2018-04-01 11:54:04'),
(84, 14, 'IDzuABmotnPx3AaNQV2IvgeP4SOdBlAq', '2018-04-01 21:11:36', '2018-04-01 21:11:36'),
(85, 13, 'X7FKlI0NtCcr3GqpbRjj4j32WQZ1Ii58', '2018-04-01 21:27:18', '2018-04-01 21:27:18'),
(87, 13, '96CHvg1mmOyBq7r118iF39OOlYH5c7tS', '2018-04-02 13:53:48', '2018-04-02 13:53:48'),
(89, 15, 'Dl5QyXH9gxKogSgayK9bXCuZkldsvFyW', '2018-04-02 14:38:51', '2018-04-02 14:38:51'),
(90, 14, 'O0E0kdFoUll0N2g2VMgoSmOlVbPLNG1G', '2018-04-02 15:24:27', '2018-04-02 15:24:27'),
(91, 14, 'hIn9gEC4bkBNcsY3HpibvZOVjy4wApBm', '2018-04-02 18:12:18', '2018-04-02 18:12:18'),
(95, 15, 'ueZhTb85PZB5C6xLaIAg2qxfICuQfJH5', '2018-04-03 12:10:21', '2018-04-03 12:10:21'),
(96, 13, 'gFmSxNhRmuxiBNwn7jAlXdcTbxGRF2vo', '2018-04-03 12:59:56', '2018-04-03 12:59:56'),
(98, 14, 'DxIUVYk05xNzIduX2UVio1Y4tNuKerVd', '2018-04-03 14:19:01', '2018-04-03 14:19:01'),
(99, 1, '7ndcEyBtONl1xQv03dOyFvEt3aLclbHK', '2018-04-03 15:39:53', '2018-04-03 15:39:53'),
(100, 1, 'KHmV9fiKTi8i4zLvK6ilHBeIoGG9SI8V', '2018-04-03 20:31:22', '2018-04-03 20:31:22'),
(101, 13, 'UPOHL3ME6YdD5MplXlZQkzVCd3az04PM', '2018-04-03 20:45:27', '2018-04-03 20:45:27'),
(102, 14, 'stcWzXrfywJjKjCKFFyEITPUQLZQpRIU', '2018-04-04 10:52:14', '2018-04-04 10:52:14'),
(103, 15, 'ArUjSvedYvAs3pZQv34qAYJviJxj420T', '2018-04-04 13:05:18', '2018-04-04 13:05:18'),
(104, 13, 'EwUDJmL6uTFkYeTm2amzvwYxlvwCtSxj', '2018-04-04 13:53:55', '2018-04-04 13:53:55'),
(105, 14, 'S7sVMdniy7FIlvGoBB3uVsM9eDZ0vXC6', '2018-04-04 16:38:33', '2018-04-04 16:38:33'),
(106, 1, '2MzoO33wNGbo6EkTkGSTxzkPB9zAs9F5', '2018-04-04 18:03:50', '2018-04-04 18:03:50'),
(107, 9, 'cHK0MwWRL5LkiBxftFgLSLhWvjz1YtBA', '2018-04-04 18:16:40', '2018-04-04 18:16:40'),
(108, 9, 'dL8xqSe1n2r8Arf9rCsP4Llig6Q7L8Is', '2018-04-04 18:33:16', '2018-04-04 18:33:16'),
(109, 15, 'n93VUYVlzDRBvnrhmqs9YS8k5B1Uxz21', '2018-04-04 23:28:56', '2018-04-04 23:28:56'),
(110, 13, 'BUA21wacRD9hKsqP2de859qVXsM24YcM', '2018-04-04 23:32:40', '2018-04-04 23:32:40'),
(111, 1, 'PBSQUR7XYAP8H1j1VerCmDyHntXWFPEM', '2018-04-04 23:44:10', '2018-04-04 23:44:10'),
(112, 14, '824EWjkzywGwgq60qB91sf2vO2CD3jeg', '2018-04-05 10:26:07', '2018-04-05 10:26:07'),
(113, 13, 'xoOBJ5XaKFvhfJ9iSqAYs6fpghW4KlxV', '2018-04-05 10:37:32', '2018-04-05 10:37:32'),
(114, 15, 'mcdVg7VZ5c8bRCtDsovJX385fhDvva33', '2018-04-05 10:59:35', '2018-04-05 10:59:35'),
(116, 16, 'SCkEi3ndTmPNBI8ZfEcUqWPYG0M7Aan4', '2018-04-05 15:36:19', '2018-04-05 15:36:19'),
(119, 18, 'IRerJ3jbScRv48JvWZUTdCc5LZa82ZL3', '2018-04-05 16:26:45', '2018-04-05 16:26:45'),
(120, 9, 'T3msC2TgAUxwAlPXSHNmgnRiqzlRrh32', '2018-04-05 16:44:12', '2018-04-05 16:44:12'),
(121, 13, 'HusHCbkOgz3XH2rCYQWD0lXGXC8U61KS', '2018-04-05 17:21:41', '2018-04-05 17:21:41'),
(122, 15, 'Q8J4A1van8kPzzgBVMOlcjr0QDBiSrz9', '2018-04-05 17:22:15', '2018-04-05 17:22:15'),
(123, 14, '28DZ2SJFfnHg4uLbOebWhA01TrOAO9CG', '2018-04-05 17:35:10', '2018-04-05 17:35:10'),
(124, 1, '6XX0nlOcnhbTz4IhPxOMJUvXF6ZVZO2c', '2018-04-05 17:49:53', '2018-04-05 17:49:53'),
(127, 9, 'RP541FDrIGXDWtSDiyn96PyLVESRg94T', '2018-04-05 19:54:14', '2018-04-05 19:54:14'),
(128, 13, 'KOvIyetcQE1ej3pksDym2PYo67BKLZJh', '2018-04-05 21:07:15', '2018-04-05 21:07:15'),
(130, 14, 'M7kws6uX2ZsdkbapzZMHRBrW2Sc4LYI2', '2018-04-05 22:30:40', '2018-04-05 22:30:40'),
(132, 13, 'PIFPZ45apfqvWo5Om6PjvLAeGeEBZRzX', '2018-04-05 22:45:51', '2018-04-05 22:45:51'),
(133, 1, 'TOeRbz1MPX8eutob1RbV6xrShUcBBL4m', '2018-04-05 22:54:23', '2018-04-05 22:54:23'),
(135, 19, 'azWZxG7s1cYJgtMNpJSiJEUZb3OsjAk3', '2018-04-06 00:58:26', '2018-04-06 00:58:26'),
(136, 13, 'C01nQhaidgYWzPSJ8xPnlYaDzbO98wKz', '2018-04-06 01:04:50', '2018-04-06 01:04:50'),
(137, 13, 'P1DWyWTomwSMmQGQi02KjB3znm66Mzcj', '2018-04-06 03:04:06', '2018-04-06 03:04:06'),
(138, 20, 'kJxW7v8edT6y7OSP1Hqh1Xz8GA0XzylI', '2018-04-06 09:54:30', '2018-04-06 09:54:30'),
(139, 15, 'zm2F6EIkqYCgdX5lFAmzjRAoFzXcFhit', '2018-04-06 13:42:26', '2018-04-06 13:42:26'),
(140, 13, 'RBOipnndAo3EzLX1uZrG2weIyBVgaWNL', '2018-04-06 17:21:06', '2018-04-06 17:21:06'),
(141, 19, 'zZQlBE46nVfxDqCutizNNRir7DC5ye6u', '2018-04-06 17:58:41', '2018-04-06 17:58:41'),
(143, 19, '8gw1M6mcXkSzakgpqqpnZtGscYDSfkiZ', '2018-04-06 18:18:43', '2018-04-06 18:18:43'),
(144, 13, 'BbJjra5D2Cyt9fhW6030PuBEER8IaZon', '2018-04-06 19:41:08', '2018-04-06 19:41:08'),
(145, 15, 'HEdYST2N3g84TAUk8KBf7UKyIN29lO6P', '2018-04-06 20:39:56', '2018-04-06 20:39:56'),
(146, 14, 'L4dOJDsHrCcXSkgBTZUuZrNfq8FoNtc4', '2018-04-06 21:33:12', '2018-04-06 21:33:12'),
(148, 9, 'hn0oGfs0GG3j3a1qcileYoItmRUUFyLC', '2018-04-06 23:01:03', '2018-04-06 23:01:03'),
(149, 13, 'POPA54TKgvjHF5OCItzAVuFtHi7Iy3sA', '2018-04-06 23:17:41', '2018-04-06 23:17:41'),
(150, 13, 'vaLYLTthV4BHXDeSu8nvZsTjMokJczkM', '2018-04-06 23:25:16', '2018-04-06 23:25:16'),
(151, 15, 'bTdNm1mxNAJMNWHJgxLvG0CVuU9zxquX', '2018-04-07 12:38:36', '2018-04-07 12:38:36'),
(152, 14, 'IOe2IkZg4g0f6fjIWQ7znv1LpS7Jf2Ls', '2018-04-07 18:37:37', '2018-04-07 18:37:37'),
(153, 15, 'neaW1ni84OMtzskDvJyLXAIZGi3D51Nj', '2018-04-07 20:02:48', '2018-04-07 20:02:48'),
(154, 13, 'gzGWjGHaThuT6rCrz7iY7aEtQmo9PUf2', '2018-04-07 20:22:37', '2018-04-07 20:22:37'),
(155, 1, 'dpu4ND1msNoLtVISci5A2VZr9XsCpoZq', '2018-04-07 20:50:11', '2018-04-07 20:50:11'),
(156, 14, 'trb1KisQgBaYx9tLfSx5OBAj6mKreB9r', '2018-04-07 22:29:49', '2018-04-07 22:29:49'),
(157, 9, '4CmSIG8ylyUlNIuXy9PvM8NV9ut6tvM7', '2018-04-08 02:20:20', '2018-04-08 02:20:20'),
(158, 13, '5F1uTmgxJjBM6IV4zFv8Eew1gul8Wzxk', '2018-04-08 14:29:14', '2018-04-08 14:29:14'),
(159, 13, 'I0ws3mUiisQHZxBIH79gMyYWnJnjoEXv', '2018-04-08 14:34:51', '2018-04-08 14:34:51'),
(160, 14, 'bVOuw36u6U8cKa1y8Dn8f3BSHYzV4UEy', '2018-04-08 19:44:14', '2018-04-08 19:44:14'),
(161, 14, 'C4KRYnpeILpSvBvaAZvDfY7990qsajpg', '2018-04-08 22:25:58', '2018-04-08 22:25:58'),
(162, 14, 'aMipY3fsBx6h6udl12RnCzLYdfGFiWLw', '2018-04-08 23:19:26', '2018-04-08 23:19:26'),
(163, 15, 'bA4t6IE5GOJWKZCKuE7COLXojz1LqHS9', '2018-04-09 01:03:54', '2018-04-09 01:03:54'),
(164, 14, 'DjMKgttrjCQsa932GSg27PXY6TZ4obBZ', '2018-04-09 10:49:48', '2018-04-09 10:49:48'),
(165, 15, '0v0W1jpnpE0EtC17pB99COGx9h42xxkE', '2018-04-09 11:48:29', '2018-04-09 11:48:29'),
(166, 13, 'yEudApDhgghlNKMbnIdMjoSxGZDWSeNt', '2018-04-09 12:00:25', '2018-04-09 12:00:25'),
(167, 15, 'XOR4l9Bd94e7LfBXnKoRS4WoGArR1aMQ', '2018-04-09 12:46:50', '2018-04-09 12:46:50'),
(168, 21, '27KiNpJ3Q4wSlaqE3d68iU9jeczSxGon', '2018-04-09 13:06:33', '2018-04-09 13:06:33'),
(169, 22, 'tBlwqHuw2IQNFfafqb0U2GX27H1u2QLB', '2018-04-09 14:02:05', '2018-04-09 14:02:05'),
(170, 1, '5RagQSjZfgcBM7L20r4dXGU9qAFZLHcw', '2018-04-09 14:19:15', '2018-04-09 14:19:15'),
(172, 1, 'bnJO3MtDRHh8IpNKoUjhfYcgeizpEKJO', '2018-04-09 19:39:17', '2018-04-09 19:39:17');

-- --------------------------------------------------------

--
-- Table structure for table `referensi_cemilan`
--

CREATE TABLE `referensi_cemilan` (
  `id` int(10) UNSIGNED NOT NULL,
  `name` varchar(191) COLLATE utf8mb4_unicode_ci DEFAULT NULL,
  `lokasi` text COLLATE utf8mb4_unicode_ci,
  `harga` varchar(191) COLLATE utf8mb4_unicode_ci DEFAULT NULL,
  `no_telp` varchar(191) COLLATE utf8mb4_unicode_ci DEFAULT NULL,
  `review_text` text COLLATE utf8mb4_unicode_ci,
  `created_by` int(11) DEFAULT NULL,
  `created_at` timestamp NULL DEFAULT NULL,
  `updated_at` timestamp NULL DEFAULT NULL,
  `deleted_at` timestamp NULL DEFAULT NULL
) ENGINE=InnoDB DEFAULT CHARSET=utf8mb4 COLLATE=utf8mb4_unicode_ci;

--
-- Dumping data for table `referensi_cemilan`
--

INSERT INTO `referensi_cemilan` (`id`, `name`, `lokasi`, `harga`, `no_telp`, `review_text`, `created_by`, `created_at`, `updated_at`, `deleted_at`) VALUES
(3, 'surabi bingung', 'jakarta ciputat', '15000', '08788999', 'ini sya review tanpa image', 1, '2018-03-25 12:14:27', '2018-03-25 12:14:27', NULL),
(4, 'kopi miring', 'jogjakarta', '80000', '777678890000', 'saya review dengan single photo', 1, '2018-03-25 12:15:28', '2018-03-25 12:27:54', '2018-03-25 12:27:54'),
(5, 'Abon Jakarta', 'Bogor', '7899999', '8687678', 'saya review dengan multiple photos', 1, '2018-03-25 12:28:40', '2018-03-25 12:28:40', NULL),
(6, 'rumah makan cantika', 'bekasi utara', NULL, NULL, NULL, 1, '2018-03-25 12:34:59', '2018-03-25 12:34:59', NULL),
(7, 'Ketan Hitam', 'jakarta pamulang deket danau merah', NULL, NULL, NULL, 1, '2018-03-26 05:09:15', '2018-03-26 05:09:15', NULL),
(8, 'pecel ayam bu joko', 'pancoran tugu', NULL, NULL, NULL, 1, '2018-03-26 11:58:41', '2018-03-26 11:58:41', NULL),
(9, 'test nama cemilan', 'bandung', NULL, NULL, NULL, 9, '2018-03-26 19:36:04', '2018-03-26 19:36:04', NULL),
(10, 'manggo rice', 'jakarta', NULL, NULL, NULL, 12, '2018-03-29 09:29:01', '2018-03-29 09:29:01', NULL),
(11, 'testing', 'jakarta', NULL, NULL, NULL, 1, '2018-04-05 22:45:59', '2018-04-05 22:45:59', NULL),
(12, 'tester not login', 'jakarta', NULL, NULL, NULL, NULL, '2018-04-05 22:54:02', '2018-04-05 22:54:02', NULL),
(13, 'Yong lek', 'Swag abiss', NULL, NULL, NULL, NULL, '2018-04-05 22:55:24', '2018-04-05 22:55:24', NULL),
(14, 'kedai pisang the monkey', 'kalibata', NULL, NULL, NULL, NULL, '2018-04-06 00:39:39', '2018-04-06 00:39:39', NULL),
(15, 'Clorot', 'Purworejo', NULL, NULL, NULL, 20, '2018-04-06 09:56:21', '2018-04-06 09:56:21', NULL),
(16, 'Otak otak', 'Depan pabrik apl', NULL, NULL, NULL, NULL, '2018-04-08 13:44:30', '2018-04-08 13:44:30', NULL),
(17, 'Ancemon', 'melawai', NULL, NULL, NULL, 21, '2018-04-09 15:16:15', '2018-04-09 15:16:15', NULL),
(18, 'Pancong', 'Pasar Mayestik', NULL, NULL, NULL, 21, '2018-04-09 18:07:52', '2018-04-09 18:07:52', NULL);

-- --------------------------------------------------------

--
-- Table structure for table `referensi_cemilan_role_media`
--

CREATE TABLE `referensi_cemilan_role_media` (
  `id` int(10) UNSIGNED NOT NULL,
  `referensi_cemilan_id` int(11) NOT NULL,
  `media_id` int(11) NOT NULL,
  `created_at` timestamp NULL DEFAULT NULL,
  `updated_at` timestamp NULL DEFAULT NULL,
  `deleted_at` timestamp NULL DEFAULT NULL
) ENGINE=InnoDB DEFAULT CHARSET=utf8mb4 COLLATE=utf8mb4_unicode_ci;

--
-- Dumping data for table `referensi_cemilan_role_media`
--

INSERT INTO `referensi_cemilan_role_media` (`id`, `referensi_cemilan_id`, `media_id`, `created_at`, `updated_at`, `deleted_at`) VALUES
(1, 4, 1, '2018-03-25 12:15:28', '2018-03-25 12:27:54', '2018-03-25 12:27:54'),
(2, 5, 2, '2018-03-25 12:28:40', '2018-03-25 12:28:40', NULL),
(3, 5, 3, '2018-03-25 12:28:40', '2018-03-25 12:28:40', NULL),
(4, 5, 4, '2018-03-25 12:28:40', '2018-03-25 12:28:40', NULL),
(5, 5, 5, '2018-03-25 12:28:40', '2018-03-25 12:28:40', NULL),
(6, 5, 6, '2018-03-25 12:28:41', '2018-03-25 12:28:41', NULL);

-- --------------------------------------------------------

--
-- Table structure for table `reminders`
--

CREATE TABLE `reminders` (
  `id` int(10) UNSIGNED NOT NULL,
  `user_id` int(10) UNSIGNED NOT NULL,
  `code` varchar(191) COLLATE utf8mb4_unicode_ci NOT NULL,
  `completed` tinyint(1) NOT NULL DEFAULT '0',
  `completed_at` timestamp NULL DEFAULT NULL,
  `created_at` timestamp NULL DEFAULT NULL,
  `updated_at` timestamp NULL DEFAULT NULL
) ENGINE=InnoDB DEFAULT CHARSET=utf8mb4 COLLATE=utf8mb4_unicode_ci;

-- --------------------------------------------------------

--
-- Table structure for table `roles`
--

CREATE TABLE `roles` (
  `id` int(10) UNSIGNED NOT NULL,
  `slug` varchar(191) COLLATE utf8mb4_unicode_ci NOT NULL,
  `name` varchar(191) COLLATE utf8mb4_unicode_ci NOT NULL,
  `permissions` text COLLATE utf8mb4_unicode_ci,
  `created_at` timestamp NULL DEFAULT NULL,
  `updated_at` timestamp NULL DEFAULT NULL,
  `deleted_at` timestamp NULL DEFAULT NULL
) ENGINE=InnoDB DEFAULT CHARSET=utf8mb4 COLLATE=utf8mb4_unicode_ci;

--
-- Dumping data for table `roles`
--

INSERT INTO `roles` (`id`, `slug`, `name`, `permissions`, `created_at`, `updated_at`, `deleted_at`) VALUES
(1, 'administrator', 'Administrator', '{\"dashboard\":true,\"categories\":true,\"mediaLibrary\":true,\"subscribers\":true,\"homeSliders\":true,\"stores\":true,\"comments\":true,\"videos\":true,\"foods\":true,\"roles\":true,\"users\":true,\"categories_abjad\":true,\"referensiCemilan\":true}', NULL, '2018-03-25 11:49:49', NULL),
(2, 'reviwer', 'Reviwer', '', NULL, NULL, NULL);

-- --------------------------------------------------------

--
-- Table structure for table `role_users`
--

CREATE TABLE `role_users` (
  `user_id` int(10) UNSIGNED NOT NULL,
  `role_id` int(10) UNSIGNED NOT NULL,
  `created_at` timestamp NULL DEFAULT NULL,
  `updated_at` timestamp NULL DEFAULT NULL
) ENGINE=InnoDB DEFAULT CHARSET=utf8mb4 COLLATE=utf8mb4_unicode_ci;

--
-- Dumping data for table `role_users`
--

INSERT INTO `role_users` (`user_id`, `role_id`, `created_at`, `updated_at`) VALUES
(1, 1, NULL, NULL),
(9, 2, '2018-03-26 19:20:55', '2018-03-26 19:20:55'),
(10, 2, '2018-03-26 21:36:44', '2018-03-26 21:36:44'),
(11, 2, '2018-03-28 16:48:01', '2018-03-28 16:48:01'),
(12, 2, '2018-03-29 09:18:56', '2018-03-29 09:18:56'),
(13, 1, '2018-03-29 16:42:25', '2018-03-29 16:42:25'),
(14, 1, '2018-03-29 17:11:46', '2018-03-29 17:11:46'),
(15, 1, '2018-03-29 17:15:27', '2018-03-29 17:15:27'),
(16, 2, '2018-04-05 15:36:19', '2018-04-05 15:36:19'),
(17, 2, '2018-04-05 16:25:46', '2018-04-05 16:25:46'),
(18, 2, '2018-04-05 16:26:45', '2018-04-05 16:26:45'),
(19, 1, '2018-04-06 00:51:50', '2018-04-06 00:51:50'),
(20, 2, '2018-04-06 09:54:30', '2018-04-06 09:54:30'),
(21, 2, '2018-04-09 13:06:33', '2018-04-09 13:06:33'),
(22, 2, '2018-04-09 14:02:05', '2018-04-09 14:02:05');

-- --------------------------------------------------------

--
-- Table structure for table `stores`
--

CREATE TABLE `stores` (
  `id` int(10) UNSIGNED NOT NULL,
  `media_id` int(11) NOT NULL,
  `place_id` text COLLATE utf8mb4_unicode_ci NOT NULL,
  `url` text COLLATE utf8mb4_unicode_ci,
  `url_use` varchar(100) COLLATE utf8mb4_unicode_ci NOT NULL DEFAULT 'url',
  `country_initial` varchar(100) COLLATE utf8mb4_unicode_ci DEFAULT NULL,
  `country` varchar(100) COLLATE utf8mb4_unicode_ci DEFAULT NULL,
  `city` varchar(255) COLLATE utf8mb4_unicode_ci DEFAULT NULL,
  `name` varchar(191) COLLATE utf8mb4_unicode_ci DEFAULT NULL,
  `email` varchar(191) COLLATE utf8mb4_unicode_ci DEFAULT NULL,
  `slug` varchar(191) COLLATE utf8mb4_unicode_ci DEFAULT NULL,
  `meta_title` text COLLATE utf8mb4_unicode_ci,
  `meta_description` text COLLATE utf8mb4_unicode_ci,
  `phone_number` varchar(191) COLLATE utf8mb4_unicode_ci DEFAULT NULL,
  `meta_tags` text COLLATE utf8mb4_unicode_ci,
  `longtitude` varchar(191) COLLATE utf8mb4_unicode_ci DEFAULT NULL,
  `latitude` varchar(191) COLLATE utf8mb4_unicode_ci DEFAULT NULL,
  `address` text COLLATE utf8mb4_unicode_ci,
  `created_by` int(11) NOT NULL,
  `status` varchar(191) COLLATE utf8mb4_unicode_ci NOT NULL,
  `created_at` timestamp NULL DEFAULT NULL,
  `updated_at` timestamp NULL DEFAULT NULL,
  `deleted_at` timestamp NULL DEFAULT NULL
) ENGINE=InnoDB DEFAULT CHARSET=utf8mb4 COLLATE=utf8mb4_unicode_ci;

--
-- Dumping data for table `stores`
--

INSERT INTO `stores` (`id`, `media_id`, `place_id`, `url`, `url_use`, `country_initial`, `country`, `city`, `name`, `email`, `slug`, `meta_title`, `meta_description`, `phone_number`, `meta_tags`, `longtitude`, `latitude`, `address`, `created_by`, `status`, `created_at`, `updated_at`, `deleted_at`) VALUES
(1, 7, 'ChIJl9VXgnfvaS4RbQPiDDUcnuo', 'https://maps.google.com/?cid=16905981065370403693', 'url', 'ID', 'Indonesia', 'jabodetabek', 'SURABI BINGUNG', 'surabibingung@gmail.com', 'surabi-bingung', 'SURABI BINGUNG', 'Jl. Surya Kencana Blok A No. 10, RT. 01 / 04, Pamulang Barat, Pamulang, Pamulang Bar., Pamulang, Kota Tangerang Selatan, Banten 15417, Indonesia', '0877-7432-9234', 'surabi,bingung,pamulang,indonesia,jakarta', '106.7358995', '-6.345426499999999', 'Jl. Surya Kencana Blok A No. 10, RT. 01 / 04, Pamulang Barat, Pamulang, Pamulang Bar., Pamulang, Kota Tangerang Selatan, Banten 15417, Indonesia', 1, 'publish', '2018-03-25 16:31:23', '2018-04-05 17:23:19', '2018-04-05 17:23:19'),
(2, 11, 'ChIJy5L5KA_saS4R_WHQi-tPYxQ', 'https://maps.google.com/?cid=1469105776534512125', 'url', 'ID', 'Indonesia', 'jabodetabek', 'ABUBA Steak Margonda', 'abuba@gmail.com', 'abuba-steak-margonda', 'ABUBA Steak Margonda', 'Jl. Margonda Raya No.334, Kemiri Muka, Beji, Kota Depok, Jawa Barat 16424, Indonesia', '(021) 2237364688888', 'abuba,steak,daging,ayam,urah,jakarta,kota', '106.8323831', '-6.375076900000001', 'Jl. Margonda Raya No.334, Kemiri Muka, Beji, Kota Depok, Jawa Barat 16424, Indonesia', 1, 'publish', '2018-03-26 03:03:54', '2018-04-05 17:23:25', '2018-04-05 17:23:25'),
(3, 12, 'ChIJT45Fw0f61y0RvTktqpvR3ZE', 'https://maps.google.com/?cid=10510787571857832381', 'url', 'ID', 'Indonesia', 'surabaya', 'Coffee Toffee Klampis', 'cofee_tofee@gmail.com', 'coffee-toffee-klampis', 'Coffee Toffee Klampis', 'Jl. Klampis Jaya, Klampis Ngasem, Sukolilo, Kota SBY, Jawa Timur 60117, Indonesia', '(031) 5996923', 'coffee,toffee,coffee tofffee,jakarta,raya', '112.7756717', '-7.286892799999998', 'Jl. Klampis Jaya, Klampis Ngasem, Sukolilo, Kota SBY, Jawa Timur 60117, Indonesia', 1, 'publish', '2018-03-26 03:08:34', '2018-04-05 17:23:30', '2018-04-05 17:23:30'),
(4, 13, 'ChIJA9-CBrz2aS4R2cslJuANbYM', 'https://maps.google.com/?cid=9470240847793867737', 'url', 'ID', 'Indonesia', 'jabodetabek', 'Goodhood Coffee + Kitchen', 'good_hood@gmail.com', 'goodhood-coffee-kitchen', 'Goodhood Coffee + Kitchen', 'Dipo Business Center Rukan A1, Kav. 51 52,, Jl. Gatot Subroto, RW.7, Petamburan, Tanah Abang, Kota Jakarta Pusat, Daerah Khusus Ibukota Jakarta 10260, Indonesia', '(021) 22530555', 'goodhood,jakarta,coffee,black coffee,ter enak', '106.8006515', '-6.202417899999999', 'Dipo Business Center Rukan A1, Kav. 51 52,, Jl. Gatot Subroto, RW.7, Petamburan, Tanah Abang, Kota Jakarta Pusat, Daerah Khusus Ibukota Jakarta 10260, Indonesia', 1, 'publish', '2018-03-26 03:13:26', '2018-04-05 17:23:36', '2018-04-05 17:23:36'),
(5, 17, 'ChIJWYxK3SL7aS4R53ZugAKUPFg', 'https://maps.google.com/?cid=6358119512405866215', 'url', 'ID', 'Indonesia', 'jabodetabek', 'Roti Bakar 88 Granada Square BSD', 'rotibakar88@gmail.com', 'roti-bakar-88-granada-square-bsd', 'Roti Bakar 88 Granada Square BSD', 'Granada Square Blok I No. 41 – 42, Kencana Loka BSD, Ciater, Serpong, Kota Tangerang Selatan, Banten 15311, Indonesia', '0878-8639-7000', 'roti bakar,roti,jakarta,tangerang,bsd,roti nongkrong,roting garing', '106.6881245', '-6.319005900000001', 'Granada Square Blok I No. 41 – 42, Kencana Loka BSD, Ciater, Serpong, Kota Tangerang Selatan, Banten 15311, Indonesia', 1, 'publish', '2018-03-26 05:04:09', '2018-04-05 17:23:41', '2018-04-05 17:23:41'),
(6, 54, '12345', 'https://www.google.com/maps/place/Jl.+Ir+H.+Juanda,+Rempoa,+Ciputat+Tim.,+Kota+Tangerang+Selatan,+Banten/@-6.295122,106.7642091,18z/data=!4m13!1m7!3m6!1s0x2e69f02d7bcda7fd:0xb3f97e4f87730f7d!2sJl.+Ir+H.+Juanda,+Rempoa,+Ciputat+Tim.,+Kota+Tangerang+Selatan,+Banten!3b1!8m2!3d-6.2953246!4d106.7653115!3m4!1s0x2e69f02d7bcda7fd:0xb3f97e4f87730f7d!8m2!3d-6.2953246!4d106.7653115', 'url', 'Indonesia', 'Indonesia', NULL, 'Tahu Bulat Ciputat', 'widodo@gmail.com', 'tahu-bulat-ciputat', 'tahu bulat', NULL, '1234567899', 'tahu bulat,tahu,bulat', '7642091,18', '-6.295122,106', '(pesanggrahan UIN) Jl. Ir. H. Djuanda , Ciputat, Kota Tangerang 	Selatan', 1, 'publish', '2018-03-28 14:43:40', '2018-04-02 17:56:22', '2018-04-02 17:56:22'),
(7, 60, 'ChIJQ7H6DnrvaS4R9AU0sZ95Jk8', 'https://maps.google.com/?cid=5703379704891049460', 'url', 'ID', 'Indonesia', 'jabodetabek', 'Tempe Mendoan Pertigaan Reni', 'indry.mhjbdg@gmail.com', 'tempe-mendoan-pertigaan-reni', 'Tempe Mendoan Pertigaan Reni', 'Jl. Surya Kencana No.14, RT.1/RW.5, Pamulang Bar., Pamulang, Kota Tangerang Selatan, Banten 15417, Indonesia', '082320036026', 'Tempe,Mendoan,tempe mendoan,jakarta,tempe mendoan jakarta', '106.7350281', '-6.3489343', 'Jl. Surya Kencana No.14, RT.1/RW.5, Pamulang Bar., Pamulang, Kota Tangerang Selatan, Banten 15417, Indonesia', 1, 'publish', '2018-03-29 18:22:38', '2018-04-05 19:00:33', '2018-04-05 19:00:33'),
(8, 61, 'ChIJQ7H6DnrvaS4R9AU0sZ95Jk8', 'https://maps.google.com/?cid=5703379704891049460', 'url', 'ID', 'Indonesia', NULL, 'Assa\'adatuddarain Elementary School I', 'indry.appryastuty@yahoo.com', 'assa-adatuddarain-elementary-school-i', 'Depan Assa\'adatuddarain Elementary School I', 'Jl. Surya Kencana No.14, RT.1/RW.5, Pamulang Bar., Pamulang, Kota Tangerang Selatan, Banten 15417, Indonesia', '082320036026', 'telorgulung,telor gulung,telor gulung bihun,telor gulung pamulang', '106.7350281', '-6.3489343', 'Jl. Surya Kencana No.14, RT.1/RW.5, Pamulang Bar., Pamulang, Kota Tangerang Selatan, Banten 15417, Indonesia', 14, 'publish', '2018-03-30 21:41:08', '2018-03-30 21:50:47', '2018-03-30 21:50:47'),
(9, 91, 'ChIJQ7H6DnrvaS4R9AU0sZ95Jk8', 'https://maps.google.com/?cid=5703379704891049460', 'url', 'ID', 'Indonesia', 'jabodetabek', 'Sempol Ayam Pertigaan Reni', 'indry.mhjbdg@gmail.com', 'sempol-ayam-pertigaan-reni', 'Semol Ayam Pertigaan Reni', 'Jl. Surya Kencana No.14, RT.1/RW.5, Pamulang Bar., Pamulang, Kota Tangerang Selatan, Banten 15417, Indonesia', '082320036026', NULL, '106.7350281', '-6.3489343', 'Jl. Surya Kencana No.14, RT.1/RW.5, Pamulang Bar., Pamulang, Kota Tangerang Selatan, Banten 15417, Indonesia', 1, 'publish', '2018-04-01 00:21:27', '2018-04-05 19:00:37', '2018-04-05 19:00:37'),
(10, 62, 'ChIJtU5KtNvvaS4RTIJMyxLu7mo', 'https://maps.google.com/?cid=7705357776965108300', 'longlat', 'ID', 'Indonesia', 'jabodetabek', 'Tahu Bulat Peesanggrahan', 'muhwidodo6@gmail.com', 'tahu-bulat-peesanggrahan', 'Tahu Bulat Pesanggrahan', 'JL Pesangrahan, RT.03/RW.03, Cemp. Putih, Ciputat Tim, Kota Tangerang Selatan, Banten 12320, Indonesia', '0812-1234-5423', 'Tahu,Bulat,Mantap,Pesanggrahan UIN,UIN,Tahu Bulat', '106.7556337', '-6.3079089', 'JL Pesangrahan, RT.03/RW.03, Cemp. Putih, Ciputat Tim, Kota Tangerang Selatan, Banten 12320, Indonesia', 1, 'publish', '2018-04-01 07:12:55', '2018-04-05 19:00:40', '2018-04-05 19:00:40'),
(11, 61, 'ChIJQ7H6DnrvaS4R9AU0sZ95Jk8', 'https://maps.google.com/?cid=5703379704891049460', 'url', 'ID', 'Indonesia', 'jabodetabek', 'Telor Gulung BIhun Pertigaan Reni', 'indry.appryastuty@yahoo.com', 'telor-gulung-bihun-pertigaan-reni', 'Telor Gulung BIhun Pertigaan Reni', 'Jl. Surya Kencana No.14, RT.1/RW.5, Pamulang Bar., Pamulang, Kota Tangerang Selatan, Banten 15417, Indonesia', '082320036026', 'Telor Gulung Bihun,TElor Gulung,Telor Gulung Pamulang', '106.7350281', '-6.3489343', 'Jl. Surya Kencana No.14, RT.1/RW.5, Pamulang Bar., Pamulang, Kota Tangerang Selatan, Banten 15417, Indonesia', 1, 'publish', '2018-04-01 11:20:06', '2018-04-05 19:00:43', '2018-04-05 19:00:43'),
(12, 92, 'ChIJQ7H6DnrvaS4R9AU0sZ95Jk8', 'https://maps.google.com/?cid=5703379704891049460', 'url', 'ID', 'Indonesia', 'jabodetabek', 'Sempol Sosis Pertigaan Reni', 'indry.appryastuty@yahoo.com', 'sempol-sosis-pertigaan-reni', 'Sempol Sosis Pertigaan Reni', 'Jl. Surya Kencana No.14, RT.1/RW.5, Pamulang Bar., Pamulang, Kota Tangerang Selatan, Banten 15417, Indonesia', '082320036026', 'Sempol Ayam,Sempol Ayam pamulang', '106.7350281', '-6.3489343', 'Jl. Surya Kencana No.14, RT.1/RW.5, Pamulang Bar., Pamulang, Kota Tangerang Selatan, Banten 15417, Indonesia', 1, 'publish', '2018-04-01 11:53:40', '2018-04-05 19:00:46', '2018-04-05 19:00:46'),
(13, 93, 'ChIJQ7H6DnrvaS4R9AU0sZ95Jk8', 'https://maps.google.com/?cid=5703379704891049460', 'url', 'ID', 'Indonesia', 'jabodetabek', 'Bakso Goreng Pertigaan Reni', 'indry.appryastuty@yahoo.com', 'bakso-goreng-pertigaan-reni', 'Bakso Goreng Pertigaan Reni', 'Jl. Surya Kencana No.14, RT.1/RW.5, Pamulang Bar., Pamulang, Kota Tangerang Selatan, Banten 15417, Indonesia', '082320036026', 'Bakso goreng,basreng,basreng pamulang', '106.7350281', '-6.3489343', 'Jl. Surya Kencana No.14, RT.1/RW.5, Pamulang Bar., Pamulang, Kota Tangerang Selatan, Banten 15417, Indonesia', 1, 'publish', '2018-04-01 12:16:37', '2018-04-05 19:00:51', '2018-04-05 19:00:51'),
(14, 94, 'ChIJQ7H6DnrvaS4R9AU0sZ95Jk8', 'https://maps.google.com/?cid=5703379704891049460', 'url', 'ID', 'Indonesia', 'jabodetabek', 'Martabak Telor Mini Pertigaan Reni', 'indry.appryastuty@yahoo.com', 'martabak-telor-mini-pertigaan-reni', 'Martabak Telor Mini Pertigaan Reni', 'Jl. Surya Kencana No.14, RT.1/RW.5, Pamulang Bar., Pamulang, Kota Tangerang Selatan, Banten 15417, Indonesia', '082320036026', 'Martabak,martabak telor,martabak telor mini', '106.7350281', '-6.3489343', 'Jl. Surya Kencana No.14, RT.1/RW.5, Pamulang Bar., Pamulang, Kota Tangerang Selatan, Banten 15417, Indonesia', 1, 'publish', '2018-04-01 12:26:04', '2018-04-05 19:00:56', '2018-04-05 19:00:56'),
(15, 63, '-', NULL, 'longlat', 'ID', 'Indonesia', 'jabodetabek', 'Pancong Warkop Simpang Pejompongan', 'muhwidodo6@gmail.com', 'pancong-warkop-simpang-pejompongan', 'Pancong Simpang Pejompongan', 'Pancong khas betawi yang tradisional dan unik', '-', 'Pancong,pancong,pancong jakarta,pancong benhil,pancong pejompongan,pancong enak,enak', '106.805067', '-6.204046', 'Jl. Pejompongan Dalam, Bend. Hilir, Tanahabang, Kota Jakarta Pusat', 1, 'publish', '2018-04-01 14:08:38', '2018-04-05 19:01:01', '2018-04-05 19:01:01'),
(16, 98, 'Pasar Modern Paramount Serpong', 'https://www.google.co.id/maps/search/Paramount+Modern+Marketplace/@-6.2470147,106.6212408,17z/data=!3m1!4b1', 'longlat', 'ID', 'Indonesia', 'jabodetabek', 'Pasar Modern Paramount', 'resty.kumala@student.umn.ac.id', 'pasar-modern-paramount', 'Bikang Mawar Pasar Modern Paramount Serpong', 'Bikang Mawar Pasar Modern Paramount Serpong', '+62 812-8381-0540', 'Bikang,kue bikang,bikang mawar,pasar modern,pasar modern paramount serpong,serpong', '-106.622855', '-6.248995', 'Jalan Boulevard Raya Gading Serpong, Curug Sangereng, Kelapa Dua, Curug Sangereng, Klp. Dua, Tangerang, Banten 15810', 1, 'publish', '2018-04-02 15:14:20', '2018-04-05 19:01:21', '2018-04-05 19:01:21'),
(17, 64, '-', '-', 'longlat', 'ID', 'Indonesia', NULL, 'Onde-onde Simpang Rempoa', 'muhwidodo6@gmail.com', 'onde-onde-simpang-rempoa', 'Onde-onde Simpang Rempoa', 'Onde-onde Simpang Rempoa', '089631794183', 'Onde,onde-onde,onde-onde rempoa,onde-onde simpang rempoa,onde-onde enak', '106.761918', '-6.300553', 'Jln. Pahlawan, Cempaka Putih, Ciputat Timur\r\n(dekat dengan Domino\'s Pizza', 13, 'publish', '2018-04-02 18:12:47', '2018-04-05 19:01:24', '2018-04-05 19:01:24'),
(18, 99, 'ChIJ0wS2YTvvaS4RL3P-CcNwJXY', 'https://maps.google.com/?cid=8513334653602394927', 'url', 'ID', 'Indonesia', 'jabodetabek', 'Cilok Kuah CLBK', 'indry.appryastuty@yahoo.com', 'cilok-kuah-clbk', 'Cilok Kuah CLBK', 'Jl. Pahlawan, Cinangka, Sawangan, Kota Depok, Jawa Barat 16516, Indonesia', '087788136174', 'Cilok Kuah ,Cilok ,Cilok kuah Cinangka', '106.7570699', '-6.3679583', 'Jl. Pahlawan, Cinangka, Sawangan, Kota Depok, Jawa Barat 16516, Indonesia', 1, 'publish', '2018-04-02 18:18:26', '2018-04-05 19:01:27', '2018-04-05 19:01:27'),
(19, 100, 'ChIJQ7H6DnrvaS4R9AU0sZ95Jk8', 'https://maps.google.com/?cid=5703379704891049460', 'url', 'ID', 'Indonesia', 'jabodetabek', 'Siomay Bandung Pertigaan Reni', 'indry.appryastuty@yahoo.com', 'siomay-bandung-pertigaan-reni', 'Siomay Bandung Pertigaan Reni', 'Jl. Surya Kencana No.14, RT.1/RW.5, Pamulang Bar., Pamulang, Kota Tangerang Selatan, Banten 15417, Indonesia', '087788136174', 'siomay,siomay bandung,siomay pamulang', '106.7350281', '-6.3489343', 'Jl. Surya Kencana No.14, RT.1/RW.5, Pamulang Bar., Pamulang, Kota Tangerang Selatan, Banten 15417, Indonesia', 1, 'publish', '2018-04-02 18:29:52', '2018-04-05 19:01:31', '2018-04-05 19:01:31'),
(20, 115, 'Pasar Modern Paramount', 'https://goo.gl/maps/VBXp442emhR2', 'url', 'ID', 'Indonesia', 'jabodetabek', 'Pasar Modern Paramount Serpong', 'resty.kumala69@yahoo.com', 'pasar-modern-paramount-serpong', 'Bolu Kukus Mekar', 'Bolu Kukus Mekar Pasar Modern Paramount', '081283810540', 'bolu,bolu kukus,bolu kukus mekar,pasar modern paramount,serpong', '106.622856', '-6.248979', 'Jalan Boulevard Raya Gading Serpong, Curug Sangereng, Kelapa Dua, Curug Sangereng, Klp. Dua, Tangerang, Banten 15810', 1, 'publish', '2018-04-03 10:40:44', '2018-04-05 19:01:35', '2018-04-05 19:01:35'),
(21, 115, 'ChIJ2b4McYftaS4Rsfn7nj51c1g', 'https://maps.google.com/?cid=6373566809475119537', 'url', 'ID', 'Indonesia', 'Jabodetabek', 'KUEHANY - SNACK BOX HANY - SNACK BOX JAKARTA', 'febriyantiwulan@gmail.com', 'kuehany-snack-box-hany-snack-box-jakarta', 'KUEHANY - SNACK BOX HANY - SNACK BOX JAKARTA', 'Jl. Masjid Gedong No.6, RT.1/RW.1, Gedong, Ps. Rebo, Kota Jakarta Timur, Daerah Khusus Ibukota Jakarta 13760, Indonesia', '0813-5552-3363', 'kue,kue bugis,bugis,kue basah,kuehany,toko kue hany', '106.8567136', '-6.2988835', 'Jl. Masjid Gedong No.6, RT.1/RW.1, Gedong, Ps. Rebo, Kota Jakarta Timur, Daerah Khusus Ibukota Jakarta 13760, Indonesia', 1, 'publish', '2018-04-03 11:19:43', '2018-04-09 14:24:00', NULL),
(22, 104, 'Pasar Bengkok', 'https://goo.gl/maps/vyGnpJ9fVuF2', 'url', 'ID', 'Indonesia', 'jabodetabek', 'Gerobak Cucur Pasar Bengkok', 'annizarfardani@gmail.com', 'gerobak-cucur-pasar-bengkok', 'Pasar Bengkok', 'Gerobak Cucur Pasar Bengkok', '081291355750', 'pasar,pasar tradisional,pasar bengkok,bengkok', '106.686791', '-6.221049', 'Jl. KH Hasyim Ashari No.8, Sudimara Pinang, Pinang, Kota Tangerang, Banten 15145', 1, 'publish', '2018-04-03 14:01:09', '2018-04-05 19:02:43', '2018-04-05 19:02:43'),
(23, 115, 'Pasar Pagi Tugu Pahlawan', 'https://goo.gl/maps/7KCJCbTsqKH2', 'url', 'ID', 'Indonesia', 'Surabaya', 'Pasar Pagi Tugu Pahlawan', 'resty.kumala69@yahoo.com', 'pasar-pagi-tugu-pahlawan', 'Pasar Pagi Tugu Pahlawan', 'Pasar Pagi Tugu Pahlawan', '081283810540', 'pasar,pasar pagi,tugu pahlawan,surabaya', '112.738411', '-7.244154', 'Jl. Pahlawan No.116, Krembangan Sel., Krembangan, Kota SBY, Jawa Timur 60175', 1, 'publish', '2018-04-03 14:17:51', '2018-04-09 14:22:12', NULL),
(24, 110, 'ChIJzbGnuXX6aS4R3opBA7Y6tUc', 'https://maps.google.com/?cid=5167100700890598110', 'url', 'ID', 'Indonesia', 'jabodetabek', 'SMP Negeri 11 Kota Tangerang', 'resty.kumala69@yahoo.com', 'smp-negeri-11-kota-tangerang', 'SMP Negeri 11 Kota Tangerang', 'Jl. Inpres 18 RT. 3 / RW. 8, Larangan, Larangan Sel., Larangan, Kota Tangerang, Banten 15154, Indonesia', '081283810540', 'Cilung,aci digulung,aci gulung,tangerang', '106.7243618', '-6.2470239', 'Jl. Inpres 18 RT. 3 / RW. 8, Larangan, Larangan Sel., Larangan, Kota Tangerang, Banten 15154, Indonesia', 1, 'publish', '2018-04-03 14:32:51', '2018-04-04 18:07:17', NULL),
(25, 109, 'Makaroni Ngoceh', 'https://goo.gl/maps/7dRR8c4hzL32', 'url', 'ID', 'Indonesia', 'jabodetabek', 'Makaroni Ngoceh', 'indry.appryastuty@yahoo.com', 'makaroni-ngoceh', 'Cilor Pedas Makaroni ngoceh', 'Cilor Pedas Makaroni ngoceh', '087788136174', 'Cilor,Cilor pedas,Makaroni ngoceh', '106.741529', '-6.369315', 'Jalan Serua Raya No 53, Bojongsari, Depok', 1, 'publish', '2018-04-03 14:41:41', '2018-04-06 22:00:57', '2018-04-06 22:00:57'),
(26, 115, 'ChIJIStO0vn7aS4RPDq-V-hLDeI', 'https://maps.google.com/?cid=16288758888545532476', 'url', 'ID', 'Indonesia', 'jabodetabek', 'Pastellia', 'mamamiaa@gmail.com', 'pastellia', 'Pastellia', 'Blok, Jl. Gading Serpong Boulevard Blok AA3 No.8, West Pakulonan, Kelapa Dua, Tangerang, Banten 15810, Indonesia', '(021) 54202641', 'Apem,apem,Apem Panggang,Apem Panggang Pastellia,Pastellia,pastellia BSD,Pasar modern BSD', '106.6323087', '-6.2332187', 'Blok, Jl. Gading Serpong Boulevard Blok AA3 No.8, West Pakulonan, Kelapa Dua, Tangerang, Banten 15810, Indonesia', 1, 'publish', '2018-04-03 14:55:33', '2018-04-04 18:07:50', NULL),
(27, 112, 'Pukis Indo Mas', 'https://goo.gl/maps/jEjamzniWrn', 'url', 'ID', 'Indonesia', 'jabodetabek', 'Pukis Indo Mas', 'indry.appryastuty@yahoo.com', 'pukis-indo-mas', 'Pukis Coklat Indo Mas', 'Pukis Coklat Indo Mas', '087788136174', 'Pukis ,pukis coklat,pukis depok', '106.7403481', '-6.3691975', 'Jalan Haji Muhari Serua Depok Jawa Barat', 1, 'publish', '2018-04-03 15:15:54', '2018-04-06 22:00:46', '2018-04-06 22:00:46'),
(28, 114, 'Tahu Pedas Reni Jaya', 'https://goo.gl/maps/xRqY5U1YMiR2', 'url', 'ID', 'Indonesia', 'jabodetabek', 'Tahu Pedas Reni Jaya', 'indry.appryastuty@yahoo.com', 'tahu-pedas-reni-jaya', 'Tahu Pedas Reni Jaya', 'Tahu Pedas Reni Jaya', '087788136274', 'Tahu Pedas,Gehu Pedas,Gehu Pedas pamulang', '106.7339344', '-6.3543974', 'Jalan Surya Kencana Pamulang Tangerang Selatan', 1, 'publish', '2018-04-03 15:54:13', '2018-04-06 22:01:06', '2018-04-06 22:01:06'),
(29, 115, 'Kue Pancong Rawabelong', 'https://goo.gl/maps/HVzpddRqFZK2', 'url', 'ID', 'Indonesia', 'jabodetabek', 'Kue Pancong Rawabelong', 'sifqaar@gmail.com', 'kue-pancong-rawabelong', 'Pancong Rawabelong', 'Pancong Rawabelong', '085885810772', 'Pancong,pancong rawabelong', '106779938', '-6203425', 'Jl. Sulaiman No.10, RT.10/RW.3, Sukabumi Utara, Kb. Jeruk, Kota Jakarta Barat, Daerah Khusus Ibukota Jakarta 11540', 1, 'publish', '2018-04-03 16:56:52', '2018-04-04 18:12:39', NULL),
(30, 115, 'ChIJadWTx3zwaS4R4YF_qTY5wJI', 'https://maps.google.com/?cid=10574514832000647649', 'url', 'ID', 'Indonesia', 'jabodetabek', 'Toko Mama Indah', 'sifqaar@gmail.com', 'toko-mama-indah', 'Arum Manis Mama Indah', 'Arum Manis Mama Indah', '085885810772', 'Arum Manis ,Rambut Nenek,Arum Manis Tangsel', '106.7351795', '-6.2629317', 'jl.ceger raya blok kalimangso no.13B,pondok aren,jurangmangu timur, Jurang Manggu Tim., Pd. Aren, Kota Tangerang Selatan, Banten 15222, Indonesia', 1, 'publish', '2018-04-03 17:12:03', '2018-04-04 18:08:26', NULL),
(31, 115, '-', '-', 'longlat', 'ID', 'Indonesia', 'Bandung', 'Borma Setiabudi', 'boemasetiabudi@gmail.com', 'borma-setiabudi', 'Cemilan Borma', 'Toko Cemilan Borma', '(022) 2032255', 'cemilan,borma,setiabudi,Cemilan BORMA Setiabudi', '107.595817', '-6.873998', 'Jalan Setiabudhi No.148-152, Gegerkalong, Sukasari, Hegarmanah, Cidadap, Kota Bandung, Jawa Barat 40141', 13, 'publish', '2018-04-03 22:07:32', '2018-04-03 22:10:51', NULL),
(32, 115, 'Jalan Haji Ali tegal parang selatan 1', 'https://goo.gl/maps/P56GCNWd2AP2', 'url', 'ID', 'Indonesia', 'jabodetabek', 'Tahu Krispi 49', 'sarahdyah@gmail.com', 'tahu-krispi-49', 'Tahu Krispi 49', 'Tahu Krispi 49', '+62 812-1168-9728', 'Tahu,krispi,tahu krispi 49', '106.805995', '-6.274164', 'Jl. Haji Ali Tegal Parang Selatan 1', 1, 'publish', '2018-04-04 13:45:23', '2018-04-04 18:08:43', NULL),
(33, 115, 'Pasar Geger Kalong', 'https://goo.gl/maps/macMrtorTU32', 'url', 'ID', 'Indonesia', 'Bandung', 'Pasar Geger Kalong', 'Nuniekagatri@gmail.com', 'pasar-geger-kalong', 'Gabin Isi Telur Gegerkalong', 'Gabin Isi Telur Gegerkalong', '082169012277', 'gabin,gabin isi telur,gabin gegerkalong ,gabin bandung', '107.5889566', '-6.867414', 'Jl. Gegerkalong Tengah, Gegerkalong Bandung - Jawa Barat', 14, 'publish', '2018-04-05 10:55:00', '2018-04-05 10:55:00', NULL),
(34, 115, 'Takoyaki Gegerkalong Tengah', 'https://goo.gl/maps/u1VW22kVUkM2', 'url', 'ID', 'Indonesia', 'Bandung', 'Takoyaki Gegerkalong Tengah', 'Nuniekagatri@gmail.com', 'takoyaki-gegerkalong-tengah', 'Takoyaki Gegerkalong', 'Takoyaki Gegerkalong', '082169012277', 'takoyaki,takoyaki gegerkalong,takoyaki bandung', '107.5916285', '-6.8671403', 'Jl Gegerkalong Tengah Gegerkalong, Bandung Jawa Barat', 14, 'publish', '2018-04-05 11:12:00', '2018-04-05 11:12:00', NULL),
(35, 139, 'ChIJr2ERfpTmaC4Rh5L31g4e5yU', 'https://maps.google.com/?cid=2731184748108419719', 'url', 'ID', 'Indonesia', 'Bandung', 'Rotiku', 'Olivia.alvionita@gmail.com', 'rotiku', 'Rotiku', 'Jalan Dr. Setiabudi No.168, Hegarmanah, Cidadap, Kota Bandung, Jawa Barat 40141, Indonesia', '0822-1000-0689', 'Bangket Keju,Bangket keju bandung', '107.5951195', '-6.87285', 'Jalan Dr. Setiabudi No.168, Hegarmanah, Cidadap, Kota Bandung, Jawa Barat 40141, Indonesia', 14, 'publish', '2018-04-05 12:07:17', '2018-04-05 12:07:17', NULL),
(36, 115, 'ChIJ09tzfvTmaC4R6IRPD9n3lJI', 'https://maps.google.com/?cid=10562339537727489256', 'url', 'ID', 'Indonesia', 'Bandung', 'Setiabudhi Supermarket', 'syifapercik04@gmail.com', 'setiabudhi-supermarket', 'Setiabudhi Supermarket', 'Jl. Setiabudi No. 42 - 46, Hegarmanah, Cidadap, Hegarmanah, Cidadap, Kota Bandung, Jawa Barat 40143, Indonesia', '(022) 2035000', 'Cikak,kue buah,cikak bandung', '107.6009744', '-6.8826208', 'Jl. Setiabudi No. 42 - 46, Hegarmanah, Cidadap, Hegarmanah, Cidadap, Kota Bandung, Jawa Barat 40143, Indonesia', 14, 'publish', '2018-04-05 13:35:03', '2018-04-05 13:35:03', NULL),
(37, 151, 'ChIJ2z1yCZT0aS4RN0GyFG-G1vU', 'https://maps.google.com/?cid=17714493995955142967', 'url', 'ID', 'Indonesia', 'Jabodetabek', 'Apotik Rini', 'rikamasda.vp@gmail.com', 'apotik-rini', 'Apotik Rini', 'Jalan Balai Pustaka Timur No.11, RT.4/RW.11, Rawamangun, Pulo Gadung, Kota Jakarta Timur, Daerah Khusus Ibukota Jakarta 13220, Indonesia', '+62 812-1363-7879', 'Bakpao,apotek Rini,Rawamangun', '106.8856898', '-6.1998906', 'Jalan Balai Pustaka Timur No.11, RT.4/RW.11, Rawamangun, Pulo Gadung, Kota Jakarta Timur, Daerah Khusus Ibukota Jakarta 13220, Indonesia', 1, 'publish', '2018-04-05 14:10:54', '2018-04-09 14:21:13', NULL),
(38, 115, 'ChIJUaDGR7zmaC4RnpIvXhLta34', 'https://maps.google.com/?cid=9109635334432330398', 'url', 'ID', 'Indonesia', 'Bandung', 'Klinik Lapar Cake Shop', 'Syifapercik04@gmail.com', 'klinik-lapar-cake-shop', 'Klinik Lapar Cake Shop', 'Jl. Geger Kalong Girang No.63, Gegerkalong, Sukasari, Kota Bandung, Jawa Barat 40154, Indonesia', '0813-2250-9598', 'Koci,Koci koci,koci bandung', '107.5899383', '-6.863724', 'Jl. Geger Kalong Girang No.63, Gegerkalong, Sukasari, Kota Bandung, Jawa Barat 40154, Indonesia', 14, 'publish', '2018-04-05 14:24:56', '2018-04-05 14:24:56', NULL),
(39, 152, 'Rusun Cipinang Muara', 'https://goo.gl/maps/peLRrUi1WiL2', 'url', 'ID', 'Indonesia', 'Jabodetabek', 'Cilok Bumbu Kacang', 'rikamasda.vp@gmail.com', 'cilok-bumbu-kacang', 'Cilok Depan Rusun Cipinang', 'Cilok Depan Rusun Cipinang', '+62 812-1363-7879', 'cilok,aci dicolok,cipinang', '106.895319', '-6.223345', 'Jl. Cipinang Muara', 1, 'publish', '2018-04-05 14:44:22', '2018-04-09 14:20:11', NULL),
(40, 153, 'Rusun Cipinang Muara', 'https://goo.gl/maps/gbD8SdQw6oH2', 'url', 'ID', 'Indonesia', 'Jabodetabek', 'Ketan Serundeng Rusun Cipinang Muara', 'rikamasda.vp@gmail.com', 'ketan-serundeng-rusun-cipinang-muara', 'Ketan Serundeng Rusun Cipinang Muara', 'Ketan Serundeng Rusun Cipinang Muara', '+62 812-1363-7879', 'ketan,rusun,serundeng,cipinang,muara,cipinang muara', '106.895319', '-6.223345', 'Jl. Cipinang Muara', 13, 'publish', '2018-04-05 15:26:39', '2018-04-08 18:09:54', NULL),
(41, 154, 'Rusun Cipinang', 'https://goo.gl/maps/gbD8SdQw6oH2', 'url', 'ID', 'Indonesia', 'Jabodetabek', 'Kue Cucur Rusun Cipinang', 'rikamasda.vp@gmail.com', 'kue-cucur-rusun-cipinang', 'Kue Cucur Cipinang Muara', 'Kue Cucur Cipinang Muara', '081213637879', 'kue,cucur,cipinang,muara', '106.8931414', '-6.2234414', 'Jl. Cipinang Muara', 13, 'publish', '2018-04-05 16:33:07', '2018-04-08 18:09:19', NULL),
(42, 115, 'ChIJq2-7Xh_3aS4R2m3N2nG0jzw', 'https://maps.google.com/?cid=4363904965040500186', 'url', 'ID', 'Indonesia', 'Jabodetabek', 'Depan SMP Negeri 75', 'dianfatmala6@gmail.com', 'depan-smp-negeri-75', 'Depan SMP Negeri 75', 'Jl. Raya Kb. Jeruk No.19, RT.6/RW.1, Kb. Jeruk, Kota Jakarta Barat, Daerah Khusus Ibukota Jakarta 11530, Indonesia', '085773586760', 'Kue Ape,Kue Ape Kebon Jeruk', '106.7659579', '-6.1983335', 'Jl. Raya Kb. Jeruk No.19, RT.6/RW.1, Kb. Jeruk, Kota Jakarta Barat, Daerah Khusus Ibukota Jakarta 11530, Indonesia', 14, 'publish', '2018-04-06 21:56:32', '2018-04-06 22:02:22', NULL),
(43, 115, 'Aneka Jajananku Pasar Pagi', 'https://goo.gl/maps/Vc6C56eLxGk', 'url', 'ID', 'Indonesia', 'Jabodetabek', 'Aneka Jajananku Pasar Pagi', 'dianfatmala6@gmail.com', 'aneka-jajananku-pasar-pagi', 'Aneka Jajananku Pasar Pagi', 'Aneka Jajananku Pasar Pagi', '085773586760', NULL, '106.7559246', '-6.1880564', 'Jl. H Mardjuki Kebon Jeruk Jakarta Barat', 14, 'publish', '2018-04-06 22:23:47', '2018-04-06 22:23:47', NULL),
(44, 115, 'Pasar Tradisional Musyawarah', 'https://goo.gl/maps/Dk3FpbQYcvJ2', 'url', 'ID', 'Indonesia', 'Jabodetabek', 'Pasar Tradisonal Musyawarah', 'dianfatmala6@gmail.com', 'pasar-tradisonal-musyawarah', 'Pasar Tradisional Musyawarah', 'Pasar Tradisional Musyawarah', '085773586760', 'Pasar Tradisional musyawarah,kuping gajah', '106.7740714', '-6.2006875', 'Jl. Musyawarah No.9, RT.10/RW.2, Kb. Jeruk, Kota Jakarta Barat, Daerah Khusus Ibukota Jakarta 11530', 1, 'publish', '2018-04-07 19:37:20', '2018-04-09 14:20:32', NULL),
(45, 115, 'ChIJaXglC6XEaC4Rewh4CFPu0KA', 'https://maps.google.com/?cid=11588023881616066683', 'url', 'ID', 'Indonesia', 'Bandung', 'Verina Kue & Snack', 'verinakuejatinangor@gmail.com', 'verina-kue-snack', 'Verina Kue & Snack', 'Jl. Raya Jatinangor No.129, Cikeruh, Jatinangor, Kabupaten Sumedang, Jawa Barat 45363, Indonesia', '(022) 7792575', 'Toko Kue Verina,Toko,Kue,Verina', '107.7727222', '-6.9336091', 'Jl. Raya Jatinangor No.129, Cikeruh, Jatinangor, Kabupaten Sumedang, Jawa Barat 45363, Indonesia', 13, 'publish', '2018-04-08 21:48:02', '2018-04-08 22:10:35', NULL),
(46, 115, 'ChIJC6PYZTJD0i0RTtHGXrXKcBw', 'https://maps.google.com/?cid=2049360710781555022', 'longlat', 'ID', 'Indonesia', 'Bandung', 'Tahu Sumedang H. Ateng', 'tahu@gmail.com', 'tahu-sumedang-h-ateng', 'Tahu Sumedang', 'Jl. Nagreg Cicalengka No.28, Cipacing, Jatinangor, Kabupaten Sumedang, Jawa Barat 45363', '-', 'tahu sumedang,bandung', '107.762319', '-6.949674', '-Jl. Nagreg Cicalengka No.28, Cipacing, Jatinangor, Kabupaten Sumedang, Jawa Barat 45363', 13, 'publish', '2018-04-08 22:09:37', '2018-04-08 22:11:14', NULL),
(47, 115, 'ChIJEy2v2GLoaC4Rp_d3GGOj9mM', 'https://maps.google.com/?cid=7203124300033292199', 'url', 'ID', 'Indonesia', 'Bandung', 'Kue Balok Mang Salam - Bubat176', 'balokmangsalam@gmail.com', 'kue-balok-mang-salam-bubat176', 'Kue Balok Mang Salam - Bubat176', 'Jl. Buah Batu No.176, Cijagra, Lengkong, Kota Bandung, Jawa Barat 40265, Indonesia', '0822-1865-3360', 'Kue Balok,mang salam,Mang Salam,Bandung,Bubat', '107.6244679', '-6.9388903', 'Jl. Buah Batu No.176, Cijagra, Lengkong, Kota Bandung, Jawa Barat 40265, Indonesia', 13, 'publish', '2018-04-08 22:26:20', '2018-04-08 22:26:20', NULL),
(48, 115, 'Nagasari Pancoran', 'https://goo.gl/maps/Y4n2ff4DTqy', 'url', 'ID', 'Indonesia', 'Jabodetabek', 'Nagasari Pancoran', 'Putriirianii@gmail.com', 'nagasari-pancoran', 'Nagasari Pancoran', 'Nagasari Pancoran', '087785611804', 'Nagasari,Nagasari Pancoran', '106.8343999', '-6.2509189', 'Jl. Pancoran Barat VII Depan Toko Bangunan Kapuas Jaya', 14, 'publish', '2018-04-08 23:32:45', '2018-04-08 23:32:45', NULL),
(49, 115, 'Onde-Onde Pancoran', 'https://goo.gl/maps/jmAc6FYxVTN2', 'url', 'ID', 'Indonesia', 'Jabodetabek', 'Onde-Onde Pancoran', 'Putriirianii@gmail.com', 'onde-onde-pancoran', 'Onde-Onde Pancoran', 'Onde-Onde Pancoran', '087785611804', 'Onde Onde', '106.8342308', '-6.2461001', 'Jalan Pancoran Barat, Mampang Prapatan Jakarta Selatan. Patokannya di samping tukang baso.', 14, 'publish', '2018-04-08 23:54:44', '2018-04-08 23:54:44', NULL),
(50, 115, 'Otak Otak Crispy', 'https://goo.gl/maps/YPpGUL1RJLq', 'url', 'ID', 'Indonesia', 'Jabodetabek', 'ITC Depok', 'windycamelia22@gmail.com', 'itc-depok', 'Otak Otak Crispy', 'Otak Otak Crispy', '0895345254405', 'Otak Otak Crispy', '106.8210218', '-6.392603', 'Jalan Margonda Raya (depan toko RB samping pintu masuk utama ITC Depok)', 14, 'publish', '2018-04-09 11:03:20', '2018-04-09 11:39:19', NULL),
(51, 115, 'Warung Nasi Uduk Mpok Aap', 'https://goo.gl/maps/PDmorMk82nQ2', 'url', 'ID', 'Indonesia', 'Jabodetabek', 'Warung Nasi Uduk Mpok Aap', 'dianfatmala6@gmail.com', 'warung-nasi-uduk-mpok-aap', 'Warung Nasi Uduk Mpok Aap', 'Warung Nasi Uduk Mpok Aap', '085773586760', 'bakwan,bakwan mpok aap', '106.7736794', '-6.1930944', 'Jalan Gili Sampeng VI', 1, 'publish', '2018-04-09 11:20:47', '2018-04-09 14:23:21', NULL),
(52, 187, 'Dadar Gulung Permata Kuningan', 'https://goo.gl/maps/81SVfKYdc522', 'url', 'ID', 'Indonesia', 'Jabodetabek', 'Dadar Gulung Permata Kuningan', 'febriyantiwulan@gmail.com', 'dadar-gulung-permata-kuningan', 'Dadar Gulung Permata Kuningan', 'Dadar Gulung Permata Kuningan', '081314002858', 'Permata,kuningan,dadar gulung,dadar,gulung', '106.833878', '-6.211948', 'Jl. Kuningan Mulia RT 6/RW 1 Guntur, Jakarta Selatan', 15, 'publish', '2018-04-09 12:24:34', '2018-04-09 12:24:34', NULL),
(53, 115, '9\'s Hous Caffe', 'https://goo.gl/maps/4reGXNtMbiQ2', 'url', 'ID', 'Indonesia', 'Jabodetabek', '9\'s Hous Caffe', 'ninehouscaffe@gmail.com', '9-s-hous-caffe', '9\'s Hous Caffe', '9\'s Hous Caffe', '082320036026', 'cafe pamulang,9\'shous caffe', '106.7360586', '-6.3432791', 'Jalan Pamulang Permai Barat IV', 1, 'publish', '2018-04-09 12:26:27', '2018-04-09 14:23:50', NULL),
(54, 115, 'Gemblong Pasar Minggu', 'https://goo.gl/maps/XDJJizr7NyC2', 'url', 'ID', 'Indonesia', 'Jabodetabek', 'Gemblong Pasar Minggu', 'febriyantiwulan@gmail.com', 'gemblong-pasar-minggu', 'Gemblong Pasar Minggu', 'Gemblong Pasar Minggu', '081314002858', 'gemblong,pasar minggu,jakarta,selatan', '106.844612', '-6.283715', 'Jalan Raya Pasar Minggu No.10, RW.7, Pejaten Timur, Pasar Minggu, Pejaten Tim., Ps. Minggu, Kota Jakarta Selatan, Daerah Khusus Ibukota Jakarta 12520', 15, 'publish', '2018-04-09 14:26:19', '2018-04-09 14:26:19', NULL),
(55, 221, 'Putu Bangka 8', 'https://goo.gl/maps/QHT4226XnLk', 'url', 'ID', 'Indonesia', 'Jabodetabek', 'Putu Bangka 8', 'putriirianii@gmail.com', 'putu-bangka-8', 'Putu Bangka VIII C', NULL, '087785611804', 'Putu,Putu Bangka', '106.8159641', '-6.2495835', 'Jalan Bangka VIII C, Mampang prapatan Jakarta Selatan (Patokannya di dalam gang musollah putri)', 14, 'publish', '2018-04-09 15:01:42', '2018-04-09 15:01:42', NULL),
(56, 115, 'ChIJT15yR4vyaS4RcUMs8fWlY98', 'https://maps.google.com/?cid=16096891968884065137', 'url', 'ID', 'Indonesia', 'Jabodetabek', 'Fonn\'s Cake Shop', 'febriyantiwulan@gmail.com', 'fonn-s-cake-shop', 'Fonn\'s Cake Shop', 'Jl. Raya Bogor, RT.2/RW.8, Kramat Jati, Kramatjati, Kota Jakarta Timur, Daerah Khusus Ibukota Jakarta 13510, Indonesia', '(021) 80871633', 'Toko kue fonn\'s,fonn\'s,kue,cemilan', '106.869545', '-6.2779634', 'Jl. Raya Bogor, RT.2/RW.8, Kramat Jati, Kramatjati, Kota Jakarta Timur, Daerah Khusus Ibukota Jakarta 13510, Indonesia', 15, 'publish', '2018-04-09 15:05:58', '2018-04-09 15:05:58', NULL),
(57, 115, '-', '-', 'longlat', 'ID', 'Indonesia', 'Bandung', 'JASUKE Saputra', 'jasukesaputra@gmail.com', 'jasuke-saputra', 'Jasuke Saputra', 'JASUKE Saputra', '0896-8998-1024', 'Jasuke,Jagung,Susu,Keju,Jagung Susu Keju,jagung susu keju,Jasuke Saputra,Bandung', '107.768773', '-6.934730', 'Jl. Raya Jatinangor No.116, Sayang, Jatinangor, Kabupaten Sumedang, Jawa Barat 45363', 13, 'publish', '2018-04-09 16:00:04', '2018-04-09 16:00:04', NULL);

-- --------------------------------------------------------

--
-- Table structure for table `subscribers`
--

CREATE TABLE `subscribers` (
  `id` int(10) UNSIGNED NOT NULL,
  `name` varchar(191) COLLATE utf8mb4_unicode_ci DEFAULT NULL,
  `email` varchar(191) COLLATE utf8mb4_unicode_ci NOT NULL,
  `created_at` timestamp NULL DEFAULT NULL,
  `updated_at` timestamp NULL DEFAULT NULL,
  `deleted_at` timestamp NULL DEFAULT NULL
) ENGINE=InnoDB DEFAULT CHARSET=utf8mb4 COLLATE=utf8mb4_unicode_ci;

-- --------------------------------------------------------

--
-- Table structure for table `throttle`
--

CREATE TABLE `throttle` (
  `id` int(10) UNSIGNED NOT NULL,
  `user_id` int(10) UNSIGNED DEFAULT NULL,
  `type` varchar(191) COLLATE utf8mb4_unicode_ci NOT NULL,
  `ip` varchar(191) COLLATE utf8mb4_unicode_ci DEFAULT NULL,
  `created_at` timestamp NULL DEFAULT NULL,
  `updated_at` timestamp NULL DEFAULT NULL
) ENGINE=InnoDB DEFAULT CHARSET=utf8mb4 COLLATE=utf8mb4_unicode_ci;

--
-- Dumping data for table `throttle`
--

INSERT INTO `throttle` (`id`, `user_id`, `type`, `ip`, `created_at`, `updated_at`) VALUES
(1, NULL, 'global', NULL, '2018-03-28 14:14:33', '2018-03-28 14:14:33'),
(2, NULL, 'ip', '103.76.15.4', '2018-03-28 14:14:33', '2018-03-28 14:14:33'),
(3, NULL, 'global', NULL, '2018-03-30 21:28:44', '2018-03-30 21:28:44'),
(4, NULL, 'ip', '139.228.218.42', '2018-03-30 21:28:44', '2018-03-30 21:28:44'),
(5, NULL, 'global', NULL, '2018-03-30 21:29:00', '2018-03-30 21:29:00'),
(6, NULL, 'ip', '139.228.218.42', '2018-03-30 21:29:00', '2018-03-30 21:29:00'),
(7, NULL, 'global', NULL, '2018-03-30 21:29:05', '2018-03-30 21:29:05'),
(8, NULL, 'ip', '139.228.218.42', '2018-03-30 21:29:05', '2018-03-30 21:29:05'),
(9, NULL, 'global', NULL, '2018-03-30 21:29:27', '2018-03-30 21:29:27'),
(10, NULL, 'ip', '139.228.218.42', '2018-03-30 21:29:27', '2018-03-30 21:29:27'),
(11, NULL, 'global', NULL, '2018-03-30 21:30:48', '2018-03-30 21:30:48'),
(12, NULL, 'ip', '139.228.218.42', '2018-03-30 21:30:48', '2018-03-30 21:30:48'),
(13, NULL, 'global', NULL, '2018-04-04 10:51:12', '2018-04-04 10:51:12'),
(14, NULL, 'ip', '103.76.15.4', '2018-04-04 10:51:12', '2018-04-04 10:51:12'),
(15, 14, 'user', NULL, '2018-04-04 10:51:12', '2018-04-04 10:51:12'),
(16, NULL, 'global', NULL, '2018-04-06 18:11:26', '2018-04-06 18:11:26'),
(17, NULL, 'ip', '182.253.37.154', '2018-04-06 18:11:26', '2018-04-06 18:11:26'),
(18, 19, 'user', NULL, '2018-04-06 18:11:26', '2018-04-06 18:11:26'),
(19, NULL, 'global', NULL, '2018-04-06 18:18:37', '2018-04-06 18:18:37'),
(20, NULL, 'ip', '182.253.37.154', '2018-04-06 18:18:37', '2018-04-06 18:18:37'),
(21, 19, 'user', NULL, '2018-04-06 18:18:37', '2018-04-06 18:18:37'),
(22, NULL, 'global', NULL, '2018-04-06 21:45:05', '2018-04-06 21:45:05'),
(23, NULL, 'ip', '139.228.218.42', '2018-04-06 21:45:05', '2018-04-06 21:45:05'),
(24, NULL, 'global', NULL, '2018-04-06 21:45:25', '2018-04-06 21:45:25'),
(25, NULL, 'ip', '139.228.218.42', '2018-04-06 21:45:25', '2018-04-06 21:45:25'),
(26, NULL, 'global', NULL, '2018-04-07 18:37:28', '2018-04-07 18:37:28'),
(27, NULL, 'ip', '139.228.218.42', '2018-04-07 18:37:28', '2018-04-07 18:37:28'),
(28, 14, 'user', NULL, '2018-04-07 18:37:28', '2018-04-07 18:37:28');

-- --------------------------------------------------------

--
-- Table structure for table `users`
--

CREATE TABLE `users` (
  `id` int(10) UNSIGNED NOT NULL,
  `email` varchar(191) COLLATE utf8mb4_unicode_ci NOT NULL,
  `provider` varchar(191) COLLATE utf8mb4_unicode_ci DEFAULT NULL,
  `provider_url` text COLLATE utf8mb4_unicode_ci NOT NULL,
  `client_id` text COLLATE utf8mb4_unicode_ci NOT NULL,
  `client_secret` text COLLATE utf8mb4_unicode_ci NOT NULL,
  `jenis_kelamin` varchar(191) COLLATE utf8mb4_unicode_ci DEFAULT NULL,
  `avatar` text COLLATE utf8mb4_unicode_ci,
  `password` varchar(191) COLLATE utf8mb4_unicode_ci NOT NULL,
  `status` int(11) NOT NULL,
  `permissions` text COLLATE utf8mb4_unicode_ci,
  `last_login` timestamp NULL DEFAULT NULL,
  `name` varchar(191) COLLATE utf8mb4_unicode_ci DEFAULT NULL,
  `username` varchar(191) COLLATE utf8mb4_unicode_ci DEFAULT NULL,
  `created_at` timestamp NULL DEFAULT NULL,
  `updated_at` timestamp NULL DEFAULT NULL,
  `deleted_at` timestamp NULL DEFAULT NULL
) ENGINE=InnoDB DEFAULT CHARSET=utf8mb4 COLLATE=utf8mb4_unicode_ci;

--
-- Dumping data for table `users`
--

INSERT INTO `users` (`id`, `email`, `provider`, `provider_url`, `client_id`, `client_secret`, `jenis_kelamin`, `avatar`, `password`, `status`, `permissions`, `last_login`, `name`, `username`, `created_at`, `updated_at`, `deleted_at`) VALUES
(1, 'admin@mail.com', NULL, '', '0', '', NULL, NULL, '$2y$10$2.3hAJBgM2/fCEJm079Vc.vopOA/TkBr2dN0xNiZqtDETMgwBTTG6', 1, NULL, '2018-04-09 19:39:17', 'Administrator', 'administrator', '2018-03-24 17:00:00', '2018-04-09 19:39:17', NULL),
(9, 'genjer_guitarist@yahoo.co.id', 'facebook', 'https://www.facebook.com/app_scoped_user_id/10211707966751510/', '10211707966751510', 'EAACsx7zyDp8BAJKgqwycZATHVvXV5YJ7gjXLdh84N3O4nNV0OcPCElQS17mXOJh697CKVtjeMRw2j4YpUuxATGHlW6RjB5ZAfa23CR8dZCtTSG5ZCEgWib82QGMGEwMBfiLxaGgiTAXSAVINsTrft3SkwLQwADIZD', 'male', 'https://graph.facebook.com/v2.10/10211707966751510/picture?width=1920', '$2y$10$tZGibek38wk6GEujw3otC.38FGm6kxrPoGpyYavRimsvu79bY9R5C', 1, NULL, '2018-04-08 02:20:20', 'Ginanjar DP', NULL, '2018-03-26 19:20:55', '2018-04-08 02:20:20', NULL),
(10, 'ndr4_3l@yahoo.com', 'facebook', 'https://www.facebook.com/app_scoped_user_id/10213927867209519/', '10213927867209519', 'EAACsx7zyDp8BAApxSUpcrAurPy3sgMl8ZCBYMUF3cnXVwbEPxw2y54GwREskZB8tNvbXi6ZCROZCN5Kf43NEBoZAXUuuFrVkfzBjq2SOjl0StbRPgEitpJsLgoKn3Om50WI0CZCahshjnIDpfZBZBgODJCuLNHFz3XCvde5WffFTQgZDZD', 'male', 'https://graph.facebook.com/v2.10/10213927867209519/picture?width=1920', '$2y$10$/UpGIPyVM7Ezyhw8YFDOYedMyqqtFqnIlfw78fSZ7SUvT59I1kSQS', 1, NULL, '2018-03-28 15:20:55', 'Hendra Karsono', NULL, '2018-03-26 21:36:44', '2018-03-28 15:20:55', NULL),
(11, 'admin.social@kana.co.id', 'facebook', 'https://www.facebook.com/app_scoped_user_id/404139226715440/', '404139226715440', 'EAACsx7zyDp8BAERk4w2v9eE1Ocy855YKAJf5ZAVe6G4GUri44vFHMb5c5cH9xhKbAbt3qRvvV80colv4BsMJUhZAXwaJUALiqkpDO8r0NWrcCqEeOb2ReYKnWogNt0xJgtMYuz9valNeAogScEehBSsfmZB4ED7ZCiVvZAn9ZA8QZDZD', 'male', 'https://graph.facebook.com/v2.10/404139226715440/picture?width=1920', '$2y$10$.V9YVDNtwU7ng1exNgWTyuLjGEMbTUZwtgGh2WbiGaNTEpUqyemOe', 1, NULL, '2018-03-28 17:23:36', 'Kana Cipta', NULL, '2018-03-28 16:48:01', '2018-03-28 17:23:36', NULL),
(12, 'targetrepots@gmail.com', 'facebook', 'https://www.facebook.com/app_scoped_user_id/10204417429632349/', '10204417429632349', 'EAACsx7zyDp8BAA9MAiwXOfK3pVlKkZB8mrWMwNwjYM2tNUFKLK6zLoaPWDzNnW6v4PjO3JzTUBMHZBRlgPdD9ZAU7aJtTpH5rVi7ZCsOCea5RvoIrdX1URLCS6ZBaH9d3LM1WfqZCwU4L7S5yZBKyB3lQ7yeU3ORPEZD', 'male', 'https://graph.facebook.com/v2.10/10204417429632349/picture?width=1920', '$2y$10$lKK8./6EXH6jt.FPWpQtV.np.u8CrDbKNDOwd/EU96lQ99ReovKim', 1, NULL, '2018-03-29 09:18:57', 'Puguh Aplian', NULL, '2018-03-29 09:18:56', '2018-03-29 09:18:57', NULL),
(13, 'angga@gmail.com', NULL, '', '', '', NULL, NULL, '$2y$10$LwdIr65z4Kio.6WIG6K6lei9M8R36t4OLNbbQVbpmDfctCqezaRau', 1, NULL, '2018-04-09 12:00:25', 'Angga', 'angga_contributor', '2018-03-29 16:42:25', '2018-04-09 12:00:25', NULL),
(14, 'indry.cemilan23@gmail.com', NULL, '', '', '', NULL, NULL, '$2y$10$qjWdYMXemRaKZ0opO1jr0eKCkhXntgiLGQw4tFNApg96KMAol54Em', 1, NULL, '2018-04-09 10:49:48', 'Indry', 'Indry_contributor', '2018-03-29 17:11:46', '2018-04-09 10:49:48', NULL),
(15, 'zakaria.cemilannusantara@gmail.com', NULL, '', '', '', NULL, NULL, '$2y$10$snpMStjzaJ3Uzcccoq5zges8VSuYXBlLotJaOiffHkiEFl5xU.aO.', 1, NULL, '2018-04-09 12:46:50', 'Atta', 'Atta_contributor', '2018-03-29 17:15:27', '2018-04-09 12:46:50', NULL),
(16, 'andrian.sandi@gmail.com', 'facebook', 'https://www.facebook.com/app_scoped_user_id/10215597068389388/', '10215597068389388', 'EAACsx7zyDp8BADx3cSUtuYViEZBNlEiTAoqODWmKZCQ5O3s0ZCGOV9fQPVH7lfNLEXcnjth07JHoHOGynMf3LdHpW1MiZAK1nTv3IDgokuQfEsOeuPm3ZCcSU5dSaM0WfuOXvLCUOmPUpsZA9ZAlUzUbq0eRWHOTjmyZA5D58ZB2elAZDZD', 'male', 'https://graph.facebook.com/v2.10/10215597068389388/picture?width=1920', '$2y$10$KDVSutCF7HjDhyDpGKL5M.MT6Q.Zri4aWAgvvV4JF.go5S.M9zWrG', 1, NULL, '2018-04-05 15:36:19', 'Sandi Andrian', NULL, '2018-04-05 15:36:19', '2018-04-05 15:36:19', NULL),
(17, 'tiaarawrr@yahoo.com', 'facebook', 'https://www.facebook.com/app_scoped_user_id/10212161146928700/', '10212161146928700', 'EAACsx7zyDp8BADKnH6IzOyowxQTbljZBySu4v8zeL7Y5GznbkJZA5lo8kACBiQzCNTrXCsNuIRZBVYAqzpZCVqtp46dfVqG3vKWxuUqCYEubN7ZCQKt02z09aYcoHaQkd1T1rIZA50t6A1q972LirohwEgLGYp1SSA4Kuu7EB0ZAwZDZD', 'female', 'https://graph.facebook.com/v2.10/10212161146928700/picture?width=1920', '$2y$10$s2JUVegBmvLHwnfINleYCewCNDzuX6hQ8phKVcbmq6fd5cNzsYUPa', 1, NULL, '2018-04-05 16:25:46', 'Tiara Huwaida Junica', NULL, '2018-04-05 16:25:46', '2018-04-05 16:25:46', NULL),
(18, 'manug_banpecah13@hotmail.com', 'facebook', 'https://www.facebook.com/app_scoped_user_id/10214895555599323/', '10214895555599323', 'EAACsx7zyDp8BAIqTq3bYU2ECWBHQt1cfOVcB4EH3mhOFXIRgpdjhNlgQZALZCKYEbENgDiDZCO4kI0jNT9v58wnZAd9ArwZCR7ktSoEGGjpA0bBOzfxTldCYMc1np0fqzoGNgefRZCQ5eMMkEQRWa7hNAoeW6QuVgQiZBghF4sszAZDZD', 'male', 'https://graph.facebook.com/v2.10/10214895555599323/picture?width=1920', '$2y$10$JxsZLz7oL6idH9W7iGvf6ucl7SNLmp.aMgEQYbevVFVFceKGcKcmC', 1, NULL, '2018-04-05 16:26:45', 'Raffy Nugraha', NULL, '2018-04-05 16:26:45', '2018-04-05 16:26:45', NULL),
(19, 'tiara.h@kana.co.id', NULL, '', '', '', NULL, NULL, '$2y$10$Me3PLTmncrgS8hRl7FXruOiqcS9lDBHzBndP9pj1/YWQlvXXabLHS', 1, NULL, '2018-04-06 18:18:43', 'Tiara', 'tiarajunica', '2018-04-06 00:51:50', '2018-04-06 18:18:43', NULL),
(20, 'amalia_basketholic@yahoo.co.id', 'facebook', 'https://www.facebook.com/app_scoped_user_id/10210639574370848/', '10210639574370848', 'EAACsx7zyDp8BANZAZBVbX2qf7OH4JYBfozvkRBBfGMTFAxn2QGlyek2YlBuS7jUm792kAgNVodGLog7LZBuWMdoXT4KZAHTHZCLTgtdxqnwBPEpsq2PZBK0YYCTRP4rNHM7RSntyOG8ZCOJFfZCaxZAnJhHkefiS3FpQZD', 'female', 'https://graph.facebook.com/v2.10/10210639574370848/picture?width=1920', '$2y$10$lX7eFxqwtm49l.QV58VdKeRIWslD3Z.x6wScdT7jHjVYFEoIvbvQW', 1, NULL, '2018-04-06 09:54:30', 'Amalia Amalia', NULL, '2018-04-06 09:54:29', '2018-04-06 09:54:30', NULL),
(21, 'meta_fresh@yahoo.com', 'facebook', 'https://www.facebook.com/app_scoped_user_id/10155715461134585/', '10155715461134585', 'EAACsx7zyDp8BAHufMSTUwpjxqovZADq1jNdBDJRWKDS411URbp7pOXqzKYEDn2oNkZCx5ZBfHiWq9GOjoxxmXEYCMmtj8uGKv3c0pJeI9ZAbyupZCPy3DbhxyGN54iNeUhjtp1sWWHg0cxW2eUEY4k5FsJ36M2Y8ZD', 'female', 'https://graph.facebook.com/v2.10/10155715461134585/picture?width=1920', '$2y$10$TkIkK7GJZ2lp2A71qypCku0x.KZ1BWfGjQWiFHjKUrDVaTjRURzNK', 1, NULL, '2018-04-09 18:05:42', 'Meta Muliaty', NULL, '2018-04-09 13:06:33', '2018-04-09 18:05:42', NULL),
(22, 'kevinmohede12@gmail.com', 'facebook', 'https://www.facebook.com/app_scoped_user_id/1609688829142013/', '1609688829142013', 'EAACsx7zyDp8BAATXrcZCbFh6C4tiShp99wHt5ZBXyo2W0KZAKw81HZBcH8blq0U6elbdKBUQAR8jYwZBceIXr0AMRcqLorDpp3EibTXpJjZCHUhEnc2RJreH2JtSByTrxwwZBpSFaQDIXTGkxW7BHlm9t0De08lSWN4565N4YJHmwZDZD', 'male', 'https://graph.facebook.com/v2.10/1609688829142013/picture?width=1920', '$2y$10$.rYqyFk08NdZaT7EafTWk.TZ.b6EUKGDFvFRhed06i.CpaOa9TOWC', 1, NULL, '2018-04-09 14:02:05', 'Kevin Alfa Mohede', NULL, '2018-04-09 14:02:05', '2018-04-09 14:02:05', NULL);

-- --------------------------------------------------------

--
-- Table structure for table `videos`
--

CREATE TABLE `videos` (
  `id` int(10) UNSIGNED NOT NULL,
  `name` varchar(191) COLLATE utf8mb4_unicode_ci NOT NULL,
  `text` text COLLATE utf8mb4_unicode_ci NOT NULL,
  `media_id` varchar(191) COLLATE utf8mb4_unicode_ci NOT NULL,
  `status` varchar(191) COLLATE utf8mb4_unicode_ci NOT NULL,
  `created_by` int(11) DEFAULT NULL,
  `created_at` timestamp NULL DEFAULT NULL,
  `updated_at` timestamp NULL DEFAULT NULL,
  `deleted_at` timestamp NULL DEFAULT NULL
) ENGINE=InnoDB DEFAULT CHARSET=utf8mb4 COLLATE=utf8mb4_unicode_ci;

--
-- Dumping data for table `videos`
--

INSERT INTO `videos` (`id`, `name`, `text`, `media_id`, `status`, `created_by`, `created_at`, `updated_at`, `deleted_at`) VALUES
(1, 'Maliq', 'Maliq', '18', 'publish', 1, '2018-03-26 05:10:33', '2018-04-05 10:59:55', '2018-04-05 10:59:55');

-- --------------------------------------------------------

--
-- Table structure for table `videos_role_categories`
--

CREATE TABLE `videos_role_categories` (
  `id` int(10) UNSIGNED NOT NULL,
  `video_id` int(11) NOT NULL,
  `category_id` int(11) NOT NULL,
  `created_at` timestamp NULL DEFAULT NULL,
  `updated_at` timestamp NULL DEFAULT NULL
) ENGINE=InnoDB DEFAULT CHARSET=utf8mb4 COLLATE=utf8mb4_unicode_ci;

--
-- Indexes for dumped tables
--

--
-- Indexes for table `activations`
--
ALTER TABLE `activations`
  ADD PRIMARY KEY (`id`);

--
-- Indexes for table `categories`
--
ALTER TABLE `categories`
  ADD PRIMARY KEY (`id`),
  ADD KEY `categories_media_id_index` (`media_id`),
  ADD KEY `categories_categories_abjad_id_index` (`categories_abjad_id`),
  ADD KEY `categories_created_by_index` (`created_by`);

--
-- Indexes for table `categories_abjad`
--
ALTER TABLE `categories_abjad`
  ADD PRIMARY KEY (`id`),
  ADD KEY `categories_abjad_media_id_index` (`media_id`),
  ADD KEY `categories_abjad_created_by_index` (`created_by`);

--
-- Indexes for table `comments`
--
ALTER TABLE `comments`
  ADD PRIMARY KEY (`id`),
  ADD KEY `comments_user_id_index` (`user_id`),
  ADD KEY `comments_food_id_index` (`food_id`);

--
-- Indexes for table `comments_role_media`
--
ALTER TABLE `comments_role_media`
  ADD PRIMARY KEY (`id`),
  ADD KEY `comments_role_media_comment_id_index` (`comment_id`),
  ADD KEY `comments_role_media_media_id_index` (`media_id`);

--
-- Indexes for table `failed_jobs`
--
ALTER TABLE `failed_jobs`
  ADD PRIMARY KEY (`id`);

--
-- Indexes for table `foods`
--
ALTER TABLE `foods`
  ADD PRIMARY KEY (`id`),
  ADD KEY `foods_media_id_index` (`media_id`),
  ADD KEY `foods_store_id_index` (`store_id`),
  ADD KEY `foods_created_by_index` (`created_by`);

--
-- Indexes for table `foods_role_categories`
--
ALTER TABLE `foods_role_categories`
  ADD PRIMARY KEY (`id`),
  ADD KEY `foods_role_categories_food_id_index` (`food_id`),
  ADD KEY `foods_role_categories_category_id_index` (`category_id`);

--
-- Indexes for table `foods_role_media`
--
ALTER TABLE `foods_role_media`
  ADD PRIMARY KEY (`id`),
  ADD KEY `foods_role_media_food_id_index` (`food_id`),
  ADD KEY `foods_role_media_media_id_index` (`media_id`);

--
-- Indexes for table `home_sliders`
--
ALTER TABLE `home_sliders`
  ADD PRIMARY KEY (`id`),
  ADD KEY `home_sliders_media_id_index` (`media_id`),
  ADD KEY `home_sliders_mobile_media_id_index` (`mobile_media_id`),
  ADD KEY `home_sliders_created_by_index` (`created_by`);

--
-- Indexes for table `jobs`
--
ALTER TABLE `jobs`
  ADD PRIMARY KEY (`id`),
  ADD KEY `jobs_queue_reserved_at_index` (`queue`,`reserved_at`);

--
-- Indexes for table `media`
--
ALTER TABLE `media`
  ADD PRIMARY KEY (`id`),
  ADD KEY `media_created_by_index` (`created_by`);

--
-- Indexes for table `migrations`
--
ALTER TABLE `migrations`
  ADD PRIMARY KEY (`id`);

--
-- Indexes for table `persistences`
--
ALTER TABLE `persistences`
  ADD PRIMARY KEY (`id`),
  ADD UNIQUE KEY `persistences_code_unique` (`code`);

--
-- Indexes for table `referensi_cemilan`
--
ALTER TABLE `referensi_cemilan`
  ADD PRIMARY KEY (`id`),
  ADD KEY `referensi_cemilan_created_by_index` (`created_by`);

--
-- Indexes for table `referensi_cemilan_role_media`
--
ALTER TABLE `referensi_cemilan_role_media`
  ADD PRIMARY KEY (`id`),
  ADD KEY `referensi_cemilan_role_media_referensi_cemilan_id_index` (`referensi_cemilan_id`),
  ADD KEY `referensi_cemilan_role_media_media_id_index` (`media_id`);

--
-- Indexes for table `reminders`
--
ALTER TABLE `reminders`
  ADD PRIMARY KEY (`id`);

--
-- Indexes for table `roles`
--
ALTER TABLE `roles`
  ADD PRIMARY KEY (`id`),
  ADD UNIQUE KEY `roles_slug_unique` (`slug`);

--
-- Indexes for table `role_users`
--
ALTER TABLE `role_users`
  ADD PRIMARY KEY (`user_id`,`role_id`);

--
-- Indexes for table `stores`
--
ALTER TABLE `stores`
  ADD PRIMARY KEY (`id`),
  ADD KEY `stores_media_id_index` (`media_id`),
  ADD KEY `stores_created_by_index` (`created_by`);

--
-- Indexes for table `subscribers`
--
ALTER TABLE `subscribers`
  ADD PRIMARY KEY (`id`),
  ADD UNIQUE KEY `subscribers_email_unique` (`email`);

--
-- Indexes for table `throttle`
--
ALTER TABLE `throttle`
  ADD PRIMARY KEY (`id`),
  ADD KEY `throttle_user_id_index` (`user_id`);

--
-- Indexes for table `users`
--
ALTER TABLE `users`
  ADD PRIMARY KEY (`id`),
  ADD UNIQUE KEY `users_email_unique` (`email`);

--
-- Indexes for table `videos`
--
ALTER TABLE `videos`
  ADD PRIMARY KEY (`id`),
  ADD KEY `videos_media_id_index` (`media_id`),
  ADD KEY `videos_created_by_index` (`created_by`);

--
-- Indexes for table `videos_role_categories`
--
ALTER TABLE `videos_role_categories`
  ADD PRIMARY KEY (`id`),
  ADD KEY `videos_role_categories_video_id_index` (`video_id`),
  ADD KEY `videos_role_categories_category_id_index` (`category_id`);

--
-- AUTO_INCREMENT for dumped tables
--

--
-- AUTO_INCREMENT for table `activations`
--
ALTER TABLE `activations`
  MODIFY `id` int(10) UNSIGNED NOT NULL AUTO_INCREMENT, AUTO_INCREMENT=43;

--
-- AUTO_INCREMENT for table `categories`
--
ALTER TABLE `categories`
  MODIFY `id` int(10) UNSIGNED NOT NULL AUTO_INCREMENT, AUTO_INCREMENT=78;

--
-- AUTO_INCREMENT for table `categories_abjad`
--
ALTER TABLE `categories_abjad`
  MODIFY `id` int(10) UNSIGNED NOT NULL AUTO_INCREMENT, AUTO_INCREMENT=28;

--
-- AUTO_INCREMENT for table `comments`
--
ALTER TABLE `comments`
  MODIFY `id` int(10) UNSIGNED NOT NULL AUTO_INCREMENT, AUTO_INCREMENT=36;

--
-- AUTO_INCREMENT for table `comments_role_media`
--
ALTER TABLE `comments_role_media`
  MODIFY `id` int(10) UNSIGNED NOT NULL AUTO_INCREMENT, AUTO_INCREMENT=20;

--
-- AUTO_INCREMENT for table `failed_jobs`
--
ALTER TABLE `failed_jobs`
  MODIFY `id` bigint(20) UNSIGNED NOT NULL AUTO_INCREMENT;

--
-- AUTO_INCREMENT for table `foods`
--
ALTER TABLE `foods`
  MODIFY `id` int(10) UNSIGNED NOT NULL AUTO_INCREMENT, AUTO_INCREMENT=82;

--
-- AUTO_INCREMENT for table `foods_role_categories`
--
ALTER TABLE `foods_role_categories`
  MODIFY `id` int(10) UNSIGNED NOT NULL AUTO_INCREMENT, AUTO_INCREMENT=118;

--
-- AUTO_INCREMENT for table `foods_role_media`
--
ALTER TABLE `foods_role_media`
  MODIFY `id` int(10) UNSIGNED NOT NULL AUTO_INCREMENT, AUTO_INCREMENT=5;

--
-- AUTO_INCREMENT for table `home_sliders`
--
ALTER TABLE `home_sliders`
  MODIFY `id` int(10) UNSIGNED NOT NULL AUTO_INCREMENT, AUTO_INCREMENT=2;

--
-- AUTO_INCREMENT for table `jobs`
--
ALTER TABLE `jobs`
  MODIFY `id` bigint(20) UNSIGNED NOT NULL AUTO_INCREMENT;

--
-- AUTO_INCREMENT for table `media`
--
ALTER TABLE `media`
  MODIFY `id` int(10) UNSIGNED NOT NULL AUTO_INCREMENT, AUTO_INCREMENT=251;

--
-- AUTO_INCREMENT for table `migrations`
--
ALTER TABLE `migrations`
  MODIFY `id` int(10) UNSIGNED NOT NULL AUTO_INCREMENT, AUTO_INCREMENT=4;

--
-- AUTO_INCREMENT for table `persistences`
--
ALTER TABLE `persistences`
  MODIFY `id` int(10) UNSIGNED NOT NULL AUTO_INCREMENT, AUTO_INCREMENT=173;

--
-- AUTO_INCREMENT for table `referensi_cemilan`
--
ALTER TABLE `referensi_cemilan`
  MODIFY `id` int(10) UNSIGNED NOT NULL AUTO_INCREMENT, AUTO_INCREMENT=19;

--
-- AUTO_INCREMENT for table `referensi_cemilan_role_media`
--
ALTER TABLE `referensi_cemilan_role_media`
  MODIFY `id` int(10) UNSIGNED NOT NULL AUTO_INCREMENT, AUTO_INCREMENT=7;

--
-- AUTO_INCREMENT for table `reminders`
--
ALTER TABLE `reminders`
  MODIFY `id` int(10) UNSIGNED NOT NULL AUTO_INCREMENT;

--
-- AUTO_INCREMENT for table `roles`
--
ALTER TABLE `roles`
  MODIFY `id` int(10) UNSIGNED NOT NULL AUTO_INCREMENT, AUTO_INCREMENT=3;

--
-- AUTO_INCREMENT for table `stores`
--
ALTER TABLE `stores`
  MODIFY `id` int(10) UNSIGNED NOT NULL AUTO_INCREMENT, AUTO_INCREMENT=58;

--
-- AUTO_INCREMENT for table `subscribers`
--
ALTER TABLE `subscribers`
  MODIFY `id` int(10) UNSIGNED NOT NULL AUTO_INCREMENT;

--
-- AUTO_INCREMENT for table `throttle`
--
ALTER TABLE `throttle`
  MODIFY `id` int(10) UNSIGNED NOT NULL AUTO_INCREMENT, AUTO_INCREMENT=29;

--
-- AUTO_INCREMENT for table `users`
--
ALTER TABLE `users`
  MODIFY `id` int(10) UNSIGNED NOT NULL AUTO_INCREMENT, AUTO_INCREMENT=23;

--
-- AUTO_INCREMENT for table `videos`
--
ALTER TABLE `videos`
  MODIFY `id` int(10) UNSIGNED NOT NULL AUTO_INCREMENT, AUTO_INCREMENT=2;

--
-- AUTO_INCREMENT for table `videos_role_categories`
--
ALTER TABLE `videos_role_categories`
  MODIFY `id` int(10) UNSIGNED NOT NULL AUTO_INCREMENT;
COMMIT;

/*!40101 SET CHARACTER_SET_CLIENT=@OLD_CHARACTER_SET_CLIENT */;
/*!40101 SET CHARACTER_SET_RESULTS=@OLD_CHARACTER_SET_RESULTS */;
/*!40101 SET COLLATION_CONNECTION=@OLD_COLLATION_CONNECTION */;
